ISO-10303-21;
HEADER;
/* Generated by software containing ST-Developer
 * from STEP Tools, Inc. (www.steptools.com) 
 */

FILE_DESCRIPTION(
/* description */ (''),
/* implementation_level */ '2;1');

FILE_NAME(
/* name */ 'Base.step',
/* time_stamp */ '2026-09-24T00:40:31+02:00',
/* author */ (''),
/* organization */ (''),
/* preprocessor_version */ 'ST-DEVELOPER v20.2',
/* originating_system */ 'Autodesk Translation Framework v15.15.0.0',
/* authorisation */ '');

FILE_SCHEMA (('AUTOMOTIVE_DESIGN { 1 0 10303 214 3 1 1 }'));
ENDSEC;

DATA;
#10=MECHANICAL_DESIGN_GEOMETRIC_PRESENTATION_REPRESENTATION('',(#13),#3345);
#11=SHAPE_REPRESENTATION_RELATIONSHIP('SRR','None',#3352,#12);
#12=ADVANCED_BREP_SHAPE_REPRESENTATION('',(#14),#3344);
#13=STYLED_ITEM('',(#3362),#14);
#14=MANIFOLD_SOLID_BREP('Base',#1875);
#15=(
BOUNDED_SURFACE()
B_SPLINE_SURFACE(2,2,((#3308,#3309,#3310,#3311,#3312),(#3313,#3314,#3315,
#3316,#3317),(#3318,#3319,#3320,#3321,#3322)),.UNSPECIFIED.,.F.,.F.,.F.)
B_SPLINE_SURFACE_WITH_KNOTS((3,3),(3,2,3),(0.745660192696974,1.57004536212936),
(-2.7409728779222,-1.41336762826501,-0.0857623786078145),.UNSPECIFIED.)
GEOMETRIC_REPRESENTATION_ITEM()
RATIONAL_B_SPLINE_SURFACE(((1.,0.787655072132593,1.,0.787655072132593,1.),
(0.916244634301446,0.721684733521807,0.916244634301446,0.721684733521807,
0.916244634301446),(1.,0.787655072132593,1.,0.787655072132593,1.)))
REPRESENTATION_ITEM('')
SURFACE()
);
#16=(
BOUNDED_SURFACE()
B_SPLINE_SURFACE(2,2,((#3323,#3324,#3325,#3326,#3327),(#3328,#3329,#3330,
#3331,#3332),(#3333,#3334,#3335,#3336,#3337)),.UNSPECIFIED.,.F.,.F.,.F.)
B_SPLINE_SURFACE_WITH_KNOTS((3,3),(3,2,3),(0.745660192696974,1.57004536212936),
(0.399603121194061,1.72822502532479,3.05684692945551),.UNSPECIFIED.)
GEOMETRIC_REPRESENTATION_ITEM()
RATIONAL_B_SPLINE_SURFACE(((1.,0.787341781606795,1.,0.787341781606795,1.),
(0.916244634301446,0.721397682758567,0.916244634301446,0.721397682758567,
0.916244634301446),(1.,0.787341781606795,1.,0.787341781606795,1.)))
REPRESENTATION_ITEM('')
SURFACE()
);
#17=FACE_BOUND('',#296,.T.);
#18=FACE_BOUND('',#299,.T.);
#19=FACE_BOUND('',#315,.T.);
#20=FACE_BOUND('',#321,.T.);
#21=FACE_BOUND('',#327,.T.);
#22=FACE_BOUND('',#333,.T.);
#23=FACE_BOUND('',#345,.T.);
#24=FACE_BOUND('',#346,.T.);
#25=FACE_BOUND('',#347,.T.);
#26=FACE_BOUND('',#348,.T.);
#27=FACE_BOUND('',#349,.T.);
#28=FACE_BOUND('',#385,.T.);
#29=FACE_BOUND('',#386,.T.);
#30=PLANE('',#1924);
#31=PLANE('',#1927);
#32=PLANE('',#1931);
#33=PLANE('',#1932);
#34=PLANE('',#1933);
#35=PLANE('',#1934);
#36=PLANE('',#1935);
#37=PLANE('',#1939);
#38=PLANE('',#1943);
#39=PLANE('',#1947);
#40=PLANE('',#1951);
#41=PLANE('',#1952);
#42=PLANE('',#1953);
#43=PLANE('',#1954);
#44=PLANE('',#1955);
#45=PLANE('',#1956);
#46=PLANE('',#1957);
#47=PLANE('',#1958);
#48=PLANE('',#1959);
#49=PLANE('',#1960);
#50=PLANE('',#1961);
#51=PLANE('',#1962);
#52=PLANE('',#1963);
#53=PLANE('',#1964);
#54=PLANE('',#1965);
#55=PLANE('',#1966);
#56=PLANE('',#1967);
#57=PLANE('',#1968);
#58=PLANE('',#1969);
#59=PLANE('',#1970);
#60=PLANE('',#1971);
#61=PLANE('',#1972);
#62=PLANE('',#1973);
#63=PLANE('',#1974);
#64=PLANE('',#1975);
#65=PLANE('',#1976);
#66=PLANE('',#1977);
#67=PLANE('',#1978);
#68=PLANE('',#1982);
#69=PLANE('',#1988);
#70=PLANE('',#2006);
#71=PLANE('',#2007);
#72=PLANE('',#2013);
#73=PLANE('',#2014);
#74=PLANE('',#2018);
#75=PLANE('',#2023);
#76=PLANE('',#2024);
#77=PLANE('',#2028);
#78=PLANE('',#2033);
#79=PLANE('',#2034);
#80=PLANE('',#2038);
#81=PLANE('',#2043);
#82=PLANE('',#2044);
#83=PLANE('',#2048);
#84=PLANE('',#2049);
#85=PLANE('',#2050);
#86=PLANE('',#2051);
#87=PLANE('',#2055);
#88=PLANE('',#2058);
#89=TOROIDAL_SURFACE('',#1919,4.5,2.);
#90=CIRCLE('',#1891,64.32);
#91=CIRCLE('',#1892,67.325);
#92=CIRCLE('',#1893,64.32);
#93=CIRCLE('',#1895,64.32);
#94=CIRCLE('',#1898,64.32);
#95=CIRCLE('',#1899,67.325);
#96=CIRCLE('',#1900,64.32);
#97=CIRCLE('',#1902,64.32);
#98=CIRCLE('',#1905,64.32);
#99=CIRCLE('',#1906,67.325);
#100=CIRCLE('',#1907,64.32);
#101=CIRCLE('',#1909,64.32);
#102=CIRCLE('',#1912,64.32);
#103=CIRCLE('',#1913,67.325);
#104=CIRCLE('',#1914,64.32);
#105=CIRCLE('',#1916,64.32);
#106=CIRCLE('',#1918,2.);
#107=CIRCLE('',#1920,2.);
#108=CIRCLE('',#1921,4.5);
#109=CIRCLE('',#1922,2.5);
#110=CIRCLE('',#1926,2.5);
#111=CIRCLE('',#1929,4.5);
#112=CIRCLE('',#1930,4.5);
#113=CIRCLE('',#1937,1.05);
#114=CIRCLE('',#1938,1.05);
#115=CIRCLE('',#1941,1.05);
#116=CIRCLE('',#1942,1.05);
#117=CIRCLE('',#1945,1.05);
#118=CIRCLE('',#1946,1.05);
#119=CIRCLE('',#1949,1.05);
#120=CIRCLE('',#1950,1.05);
#121=CIRCLE('',#1979,64.3400000000007);
#122=CIRCLE('',#1980,39.2100000000002);
#123=CIRCLE('',#1981,64.3400000000007);
#124=CIRCLE('',#1983,67.325);
#125=CIRCLE('',#1985,64.3400000000007);
#126=CIRCLE('',#1987,64.3400000000007);
#127=CIRCLE('',#1989,67.325);
#128=CIRCLE('',#1990,61.43);
#129=CIRCLE('',#1991,67.325);
#130=CIRCLE('',#1992,61.43);
#131=CIRCLE('',#1993,67.325);
#132=CIRCLE('',#1994,61.43);
#133=CIRCLE('',#1995,67.325);
#134=CIRCLE('',#1996,61.43);
#135=CIRCLE('',#1997,67.325);
#136=CIRCLE('',#1998,39.2100000000002);
#137=CIRCLE('',#2000,67.325);
#138=CIRCLE('',#2001,67.325);
#139=CIRCLE('',#2002,67.325);
#140=CIRCLE('',#2003,67.325);
#141=CIRCLE('',#2004,67.325);
#142=CIRCLE('',#2005,67.325);
#143=CIRCLE('',#2010,64.3300000000002);
#144=CIRCLE('',#2012,64.33);
#145=CIRCLE('',#2016,64.32);
#146=CIRCLE('',#2020,64.3300000000002);
#147=CIRCLE('',#2022,64.33);
#148=CIRCLE('',#2026,64.32);
#149=CIRCLE('',#2030,64.3300000000002);
#150=CIRCLE('',#2032,64.33);
#151=CIRCLE('',#2036,64.32);
#152=CIRCLE('',#2040,64.3300000000002);
#153=CIRCLE('',#2042,64.33);
#154=CIRCLE('',#2046,64.32);
#155=CIRCLE('',#2052,64.425);
#156=CIRCLE('',#2053,31.21);
#157=CIRCLE('',#2054,31.21);
#158=CIRCLE('',#2056,8.386);
#159=CIRCLE('',#2057,8.386);
#160=CONICAL_SURFACE('',#1890,66.06,0.785398163397449);
#161=CONICAL_SURFACE('',#1897,66.06,0.785398163397449);
#162=CONICAL_SURFACE('',#1904,66.06,0.785398163397449);
#163=CONICAL_SURFACE('',#1911,66.06,0.785398163397449);
#164=CONICAL_SURFACE('',#2009,62.88,0.785398163397448);
#165=CONICAL_SURFACE('',#2015,66.06,0.785398163397449);
#166=CONICAL_SURFACE('',#2019,62.88,0.785398163397448);
#167=CONICAL_SURFACE('',#2025,66.06,0.785398163397449);
#168=CONICAL_SURFACE('',#2029,62.88,0.785398163397448);
#169=CONICAL_SURFACE('',#2035,66.06,0.785398163397449);
#170=CONICAL_SURFACE('',#2039,62.88,0.785398163397448);
#171=CONICAL_SURFACE('',#2045,66.06,0.785398163397449);
#172=CONICAL_SURFACE('',#2059,65.875,0.785398163397448);
#173=FACE_OUTER_BOUND('',#276,.T.);
#174=FACE_OUTER_BOUND('',#277,.T.);
#175=FACE_OUTER_BOUND('',#278,.T.);
#176=FACE_OUTER_BOUND('',#279,.T.);
#177=FACE_OUTER_BOUND('',#280,.T.);
#178=FACE_OUTER_BOUND('',#281,.T.);
#179=FACE_OUTER_BOUND('',#282,.T.);
#180=FACE_OUTER_BOUND('',#283,.T.);
#181=FACE_OUTER_BOUND('',#284,.T.);
#182=FACE_OUTER_BOUND('',#285,.T.);
#183=FACE_OUTER_BOUND('',#286,.T.);
#184=FACE_OUTER_BOUND('',#287,.T.);
#185=FACE_OUTER_BOUND('',#288,.T.);
#186=FACE_OUTER_BOUND('',#289,.T.);
#187=FACE_OUTER_BOUND('',#290,.T.);
#188=FACE_OUTER_BOUND('',#291,.T.);
#189=FACE_OUTER_BOUND('',#292,.T.);
#190=FACE_OUTER_BOUND('',#293,.T.);
#191=FACE_OUTER_BOUND('',#294,.T.);
#192=FACE_OUTER_BOUND('',#295,.T.);
#193=FACE_OUTER_BOUND('',#297,.T.);
#194=FACE_OUTER_BOUND('',#298,.T.);
#195=FACE_OUTER_BOUND('',#300,.T.);
#196=FACE_OUTER_BOUND('',#301,.T.);
#197=FACE_OUTER_BOUND('',#302,.T.);
#198=FACE_OUTER_BOUND('',#303,.T.);
#199=FACE_OUTER_BOUND('',#304,.T.);
#200=FACE_OUTER_BOUND('',#305,.T.);
#201=FACE_OUTER_BOUND('',#306,.T.);
#202=FACE_OUTER_BOUND('',#307,.T.);
#203=FACE_OUTER_BOUND('',#308,.T.);
#204=FACE_OUTER_BOUND('',#309,.T.);
#205=FACE_OUTER_BOUND('',#310,.T.);
#206=FACE_OUTER_BOUND('',#311,.T.);
#207=FACE_OUTER_BOUND('',#312,.T.);
#208=FACE_OUTER_BOUND('',#313,.T.);
#209=FACE_OUTER_BOUND('',#314,.T.);
#210=FACE_OUTER_BOUND('',#316,.T.);
#211=FACE_OUTER_BOUND('',#317,.T.);
#212=FACE_OUTER_BOUND('',#318,.T.);
#213=FACE_OUTER_BOUND('',#319,.T.);
#214=FACE_OUTER_BOUND('',#320,.T.);
#215=FACE_OUTER_BOUND('',#322,.T.);
#216=FACE_OUTER_BOUND('',#323,.T.);
#217=FACE_OUTER_BOUND('',#324,.T.);
#218=FACE_OUTER_BOUND('',#325,.T.);
#219=FACE_OUTER_BOUND('',#326,.T.);
#220=FACE_OUTER_BOUND('',#328,.T.);
#221=FACE_OUTER_BOUND('',#329,.T.);
#222=FACE_OUTER_BOUND('',#330,.T.);
#223=FACE_OUTER_BOUND('',#331,.T.);
#224=FACE_OUTER_BOUND('',#332,.T.);
#225=FACE_OUTER_BOUND('',#334,.T.);
#226=FACE_OUTER_BOUND('',#335,.T.);
#227=FACE_OUTER_BOUND('',#336,.T.);
#228=FACE_OUTER_BOUND('',#337,.T.);
#229=FACE_OUTER_BOUND('',#338,.T.);
#230=FACE_OUTER_BOUND('',#339,.T.);
#231=FACE_OUTER_BOUND('',#340,.T.);
#232=FACE_OUTER_BOUND('',#341,.T.);
#233=FACE_OUTER_BOUND('',#342,.T.);
#234=FACE_OUTER_BOUND('',#343,.T.);
#235=FACE_OUTER_BOUND('',#344,.T.);
#236=FACE_OUTER_BOUND('',#350,.T.);
#237=FACE_OUTER_BOUND('',#351,.T.);
#238=FACE_OUTER_BOUND('',#352,.T.);
#239=FACE_OUTER_BOUND('',#353,.T.);
#240=FACE_OUTER_BOUND('',#354,.T.);
#241=FACE_OUTER_BOUND('',#355,.T.);
#242=FACE_OUTER_BOUND('',#356,.T.);
#243=FACE_OUTER_BOUND('',#357,.T.);
#244=FACE_OUTER_BOUND('',#358,.T.);
#245=FACE_OUTER_BOUND('',#359,.T.);
#246=FACE_OUTER_BOUND('',#360,.T.);
#247=FACE_OUTER_BOUND('',#361,.T.);
#248=FACE_OUTER_BOUND('',#362,.T.);
#249=FACE_OUTER_BOUND('',#363,.T.);
#250=FACE_OUTER_BOUND('',#364,.T.);
#251=FACE_OUTER_BOUND('',#365,.T.);
#252=FACE_OUTER_BOUND('',#366,.T.);
#253=FACE_OUTER_BOUND('',#367,.T.);
#254=FACE_OUTER_BOUND('',#368,.T.);
#255=FACE_OUTER_BOUND('',#369,.T.);
#256=FACE_OUTER_BOUND('',#370,.T.);
#257=FACE_OUTER_BOUND('',#371,.T.);
#258=FACE_OUTER_BOUND('',#372,.T.);
#259=FACE_OUTER_BOUND('',#373,.T.);
#260=FACE_OUTER_BOUND('',#374,.T.);
#261=FACE_OUTER_BOUND('',#375,.T.);
#262=FACE_OUTER_BOUND('',#376,.T.);
#263=FACE_OUTER_BOUND('',#377,.T.);
#264=FACE_OUTER_BOUND('',#378,.T.);
#265=FACE_OUTER_BOUND('',#379,.T.);
#266=FACE_OUTER_BOUND('',#380,.T.);
#267=FACE_OUTER_BOUND('',#381,.T.);
#268=FACE_OUTER_BOUND('',#382,.T.);
#269=FACE_OUTER_BOUND('',#383,.T.);
#270=FACE_OUTER_BOUND('',#384,.T.);
#271=FACE_OUTER_BOUND('',#387,.T.);
#272=FACE_OUTER_BOUND('',#388,.T.);
#273=FACE_OUTER_BOUND('',#389,.T.);
#274=FACE_OUTER_BOUND('',#390,.T.);
#275=FACE_OUTER_BOUND('',#391,.T.);
#276=EDGE_LOOP('',(#1212,#1213,#1214,#1215));
#277=EDGE_LOOP('',(#1216,#1217,#1218,#1219,#1220,#1221));
#278=EDGE_LOOP('',(#1222,#1223,#1224,#1225));
#279=EDGE_LOOP('',(#1226,#1227,#1228,#1229));
#280=EDGE_LOOP('',(#1230,#1231,#1232,#1233,#1234,#1235));
#281=EDGE_LOOP('',(#1236,#1237,#1238,#1239));
#282=EDGE_LOOP('',(#1240,#1241,#1242,#1243));
#283=EDGE_LOOP('',(#1244,#1245,#1246,#1247,#1248,#1249));
#284=EDGE_LOOP('',(#1250,#1251,#1252,#1253));
#285=EDGE_LOOP('',(#1254,#1255,#1256,#1257));
#286=EDGE_LOOP('',(#1258,#1259,#1260,#1261,#1262,#1263));
#287=EDGE_LOOP('',(#1264,#1265,#1266,#1267));
#288=EDGE_LOOP('',(#1268,#1269,#1270,#1271));
#289=EDGE_LOOP('',(#1272,#1273,#1274,#1275));
#290=EDGE_LOOP('',(#1276,#1277,#1278,#1279));
#291=EDGE_LOOP('',(#1280,#1281,#1282,#1283,#1284,#1285));
#292=EDGE_LOOP('',(#1286,#1287,#1288,#1289));
#293=EDGE_LOOP('',(#1290,#1291,#1292,#1293,#1294,#1295));
#294=EDGE_LOOP('',(#1296,#1297,#1298,#1299));
#295=EDGE_LOOP('',(#1300,#1301,#1302,#1303));
#296=EDGE_LOOP('',(#1304));
#297=EDGE_LOOP('',(#1305,#1306,#1307,#1308));
#298=EDGE_LOOP('',(#1309,#1310,#1311,#1312));
#299=EDGE_LOOP('',(#1313));
#300=EDGE_LOOP('',(#1314,#1315,#1316,#1317));
#301=EDGE_LOOP('',(#1318,#1319,#1320,#1321));
#302=EDGE_LOOP('',(#1322,#1323,#1324,#1325));
#303=EDGE_LOOP('',(#1326));
#304=EDGE_LOOP('',(#1327,#1328,#1329,#1330));
#305=EDGE_LOOP('',(#1331));
#306=EDGE_LOOP('',(#1332,#1333,#1334,#1335));
#307=EDGE_LOOP('',(#1336));
#308=EDGE_LOOP('',(#1337,#1338,#1339,#1340));
#309=EDGE_LOOP('',(#1341));
#310=EDGE_LOOP('',(#1342,#1343,#1344,#1345));
#311=EDGE_LOOP('',(#1346,#1347,#1348,#1349));
#312=EDGE_LOOP('',(#1350,#1351,#1352,#1353));
#313=EDGE_LOOP('',(#1354,#1355,#1356,#1357));
#314=EDGE_LOOP('',(#1358,#1359,#1360,#1361));
#315=EDGE_LOOP('',(#1362));
#316=EDGE_LOOP('',(#1363,#1364,#1365,#1366));
#317=EDGE_LOOP('',(#1367,#1368,#1369,#1370));
#318=EDGE_LOOP('',(#1371,#1372,#1373,#1374));
#319=EDGE_LOOP('',(#1375,#1376,#1377,#1378));
#320=EDGE_LOOP('',(#1379,#1380,#1381,#1382));
#321=EDGE_LOOP('',(#1383));
#322=EDGE_LOOP('',(#1384,#1385,#1386,#1387));
#323=EDGE_LOOP('',(#1388,#1389,#1390,#1391));
#324=EDGE_LOOP('',(#1392,#1393,#1394,#1395));
#325=EDGE_LOOP('',(#1396,#1397,#1398,#1399));
#326=EDGE_LOOP('',(#1400,#1401,#1402,#1403));
#327=EDGE_LOOP('',(#1404));
#328=EDGE_LOOP('',(#1405,#1406,#1407,#1408));
#329=EDGE_LOOP('',(#1409,#1410,#1411,#1412));
#330=EDGE_LOOP('',(#1413,#1414,#1415,#1416));
#331=EDGE_LOOP('',(#1417,#1418,#1419,#1420));
#332=EDGE_LOOP('',(#1421,#1422,#1423,#1424));
#333=EDGE_LOOP('',(#1425));
#334=EDGE_LOOP('',(#1426,#1427,#1428,#1429));
#335=EDGE_LOOP('',(#1430,#1431,#1432,#1433,#1434,#1435));
#336=EDGE_LOOP('',(#1436,#1437,#1438,#1439,#1440,#1441));
#337=EDGE_LOOP('',(#1442,#1443,#1444,#1445));
#338=EDGE_LOOP('',(#1446,#1447,#1448,#1449));
#339=EDGE_LOOP('',(#1450,#1451,#1452,#1453));
#340=EDGE_LOOP('',(#1454,#1455,#1456,#1457,#1458,#1459,#1460,#1461,#1462,
#1463,#1464,#1465));
#341=EDGE_LOOP('',(#1466,#1467,#1468,#1469));
#342=EDGE_LOOP('',(#1470,#1471,#1472,#1473,#1474));
#343=EDGE_LOOP('',(#1475,#1476,#1477,#1478,#1479));
#344=EDGE_LOOP('',(#1480,#1481,#1482,#1483,#1484,#1485,#1486,#1487,#1488,
#1489,#1490,#1491,#1492,#1493,#1494,#1495,#1496,#1497,#1498,#1499,#1500,
#1501,#1502,#1503));
#345=EDGE_LOOP('',(#1504,#1505,#1506,#1507));
#346=EDGE_LOOP('',(#1508,#1509,#1510,#1511));
#347=EDGE_LOOP('',(#1512,#1513,#1514,#1515));
#348=EDGE_LOOP('',(#1516,#1517,#1518,#1519));
#349=EDGE_LOOP('',(#1520,#1521,#1522,#1523));
#350=EDGE_LOOP('',(#1524,#1525,#1526,#1527,#1528,#1529,#1530,#1531,#1532,
#1533,#1534,#1535,#1536,#1537,#1538,#1539,#1540,#1541,#1542,#1543,#1544,
#1545,#1546,#1547,#1548,#1549,#1550,#1551,#1552));
#351=EDGE_LOOP('',(#1553,#1554,#1555,#1556));
#352=EDGE_LOOP('',(#1557,#1558,#1559,#1560,#1561,#1562,#1563,#1564));
#353=EDGE_LOOP('',(#1565,#1566,#1567,#1568));
#354=EDGE_LOOP('',(#1569,#1570,#1571,#1572));
#355=EDGE_LOOP('',(#1573,#1574,#1575,#1576));
#356=EDGE_LOOP('',(#1577,#1578,#1579,#1580,#1581));
#357=EDGE_LOOP('',(#1582,#1583,#1584,#1585,#1586,#1587,#1588));
#358=EDGE_LOOP('',(#1589,#1590,#1591,#1592,#1593,#1594,#1595,#1596));
#359=EDGE_LOOP('',(#1597,#1598,#1599,#1600));
#360=EDGE_LOOP('',(#1601,#1602,#1603,#1604));
#361=EDGE_LOOP('',(#1605,#1606,#1607,#1608));
#362=EDGE_LOOP('',(#1609,#1610,#1611,#1612));
#363=EDGE_LOOP('',(#1613,#1614,#1615,#1616,#1617));
#364=EDGE_LOOP('',(#1618,#1619,#1620,#1621,#1622,#1623,#1624));
#365=EDGE_LOOP('',(#1625,#1626,#1627,#1628,#1629,#1630,#1631,#1632));
#366=EDGE_LOOP('',(#1633,#1634,#1635,#1636));
#367=EDGE_LOOP('',(#1637,#1638,#1639,#1640));
#368=EDGE_LOOP('',(#1641,#1642,#1643,#1644));
#369=EDGE_LOOP('',(#1645,#1646,#1647,#1648));
#370=EDGE_LOOP('',(#1649,#1650,#1651,#1652,#1653));
#371=EDGE_LOOP('',(#1654,#1655,#1656,#1657,#1658,#1659,#1660));
#372=EDGE_LOOP('',(#1661,#1662,#1663,#1664,#1665,#1666,#1667,#1668));
#373=EDGE_LOOP('',(#1669,#1670,#1671,#1672));
#374=EDGE_LOOP('',(#1673,#1674,#1675,#1676));
#375=EDGE_LOOP('',(#1677,#1678,#1679,#1680));
#376=EDGE_LOOP('',(#1681,#1682,#1683,#1684));
#377=EDGE_LOOP('',(#1685,#1686,#1687,#1688,#1689));
#378=EDGE_LOOP('',(#1690,#1691,#1692,#1693,#1694,#1695,#1696));
#379=EDGE_LOOP('',(#1697,#1698,#1699,#1700,#1701,#1702,#1703,#1704));
#380=EDGE_LOOP('',(#1705,#1706,#1707,#1708));
#381=EDGE_LOOP('',(#1709,#1710,#1711,#1712));
#382=EDGE_LOOP('',(#1713,#1714,#1715,#1716));
#383=EDGE_LOOP('',(#1717,#1718,#1719,#1720));
#384=EDGE_LOOP('',(#1721));
#385=EDGE_LOOP('',(#1722,#1723));
#386=EDGE_LOOP('',(#1724,#1725));
#387=EDGE_LOOP('',(#1726,#1727));
#388=EDGE_LOOP('',(#1728,#1729,#1730,#1731));
#389=EDGE_LOOP('',(#1732,#1733,#1734,#1735));
#390=EDGE_LOOP('',(#1736,#1737));
#391=EDGE_LOOP('',(#1738,#1739,#1740,#1741,#1742,#1743));
#392=LINE('',#2605,#574);
#393=LINE('',#2621,#575);
#394=LINE('',#2626,#576);
#395=LINE('',#2630,#577);
#396=LINE('',#2635,#578);
#397=LINE('',#2654,#579);
#398=LINE('',#2670,#580);
#399=LINE('',#2675,#581);
#400=LINE('',#2679,#582);
#401=LINE('',#2684,#583);
#402=LINE('',#2703,#584);
#403=LINE('',#2719,#585);
#404=LINE('',#2724,#586);
#405=LINE('',#2728,#587);
#406=LINE('',#2733,#588);
#407=LINE('',#2752,#589);
#408=LINE('',#2768,#590);
#409=LINE('',#2773,#591);
#410=LINE('',#2777,#592);
#411=LINE('',#2782,#593);
#412=LINE('',#2788,#594);
#413=LINE('',#2800,#595);
#414=LINE('',#2820,#596);
#415=LINE('',#2821,#597);
#416=LINE('',#2824,#598);
#417=LINE('',#2826,#599);
#418=LINE('',#2828,#600);
#419=LINE('',#2830,#601);
#420=LINE('',#2831,#602);
#421=LINE('',#2834,#603);
#422=LINE('',#2838,#604);
#423=LINE('',#2840,#605);
#424=LINE('',#2842,#606);
#425=LINE('',#2843,#607);
#426=LINE('',#2848,#608);
#427=LINE('',#2853,#609);
#428=LINE('',#2855,#610);
#429=LINE('',#2857,#611);
#430=LINE('',#2858,#612);
#431=LINE('',#2861,#613);
#432=LINE('',#2863,#614);
#433=LINE('',#2864,#615);
#434=LINE('',#2867,#616);
#435=LINE('',#2869,#617);
#436=LINE('',#2870,#618);
#437=LINE('',#2872,#619);
#438=LINE('',#2873,#620);
#439=LINE('',#2879,#621);
#440=LINE('',#2886,#622);
#441=LINE('',#2893,#623);
#442=LINE('',#2900,#624);
#443=LINE('',#2906,#625);
#444=LINE('',#2908,#626);
#445=LINE('',#2910,#627);
#446=LINE('',#2911,#628);
#447=LINE('',#2914,#629);
#448=LINE('',#2916,#630);
#449=LINE('',#2917,#631);
#450=LINE('',#2920,#632);
#451=LINE('',#2922,#633);
#452=LINE('',#2923,#634);
#453=LINE('',#2925,#635);
#454=LINE('',#2926,#636);
#455=LINE('',#2931,#637);
#456=LINE('',#2933,#638);
#457=LINE('',#2935,#639);
#458=LINE('',#2936,#640);
#459=LINE('',#2939,#641);
#460=LINE('',#2941,#642);
#461=LINE('',#2942,#643);
#462=LINE('',#2945,#644);
#463=LINE('',#2947,#645);
#464=LINE('',#2948,#646);
#465=LINE('',#2950,#647);
#466=LINE('',#2951,#648);
#467=LINE('',#2956,#649);
#468=LINE('',#2958,#650);
#469=LINE('',#2960,#651);
#470=LINE('',#2961,#652);
#471=LINE('',#2964,#653);
#472=LINE('',#2966,#654);
#473=LINE('',#2967,#655);
#474=LINE('',#2970,#656);
#475=LINE('',#2972,#657);
#476=LINE('',#2973,#658);
#477=LINE('',#2975,#659);
#478=LINE('',#2976,#660);
#479=LINE('',#2981,#661);
#480=LINE('',#2983,#662);
#481=LINE('',#2985,#663);
#482=LINE('',#2986,#664);
#483=LINE('',#2989,#665);
#484=LINE('',#2991,#666);
#485=LINE('',#2992,#667);
#486=LINE('',#2995,#668);
#487=LINE('',#2997,#669);
#488=LINE('',#2998,#670);
#489=LINE('',#3000,#671);
#490=LINE('',#3001,#672);
#491=LINE('',#3006,#673);
#492=LINE('',#3008,#674);
#493=LINE('',#3010,#675);
#494=LINE('',#3011,#676);
#495=LINE('',#3014,#677);
#496=LINE('',#3016,#678);
#497=LINE('',#3018,#679);
#498=LINE('',#3020,#680);
#499=LINE('',#3021,#681);
#500=LINE('',#3024,#682);
#501=LINE('',#3026,#683);
#502=LINE('',#3028,#684);
#503=LINE('',#3030,#685);
#504=LINE('',#3031,#686);
#505=LINE('',#3033,#687);
#506=LINE('',#3034,#688);
#507=LINE('',#3036,#689);
#508=LINE('',#3042,#690);
#509=LINE('',#3045,#691);
#510=LINE('',#3047,#692);
#511=LINE('',#3053,#693);
#512=LINE('',#3058,#694);
#513=LINE('',#3063,#695);
#514=LINE('',#3067,#696);
#515=LINE('',#3071,#697);
#516=LINE('',#3075,#698);
#517=LINE('',#3079,#699);
#518=LINE('',#3083,#700);
#519=LINE('',#3087,#701);
#520=LINE('',#3091,#702);
#521=LINE('',#3094,#703);
#522=LINE('',#3097,#704);
#523=LINE('',#3102,#705);
#524=LINE('',#3104,#706);
#525=LINE('',#3107,#707);
#526=LINE('',#3108,#708);
#527=LINE('',#3110,#709);
#528=LINE('',#3113,#710);
#529=LINE('',#3114,#711);
#530=LINE('',#3116,#712);
#531=LINE('',#3119,#713);
#532=LINE('',#3120,#714);
#533=LINE('',#3122,#715);
#534=LINE('',#3125,#716);
#535=LINE('',#3127,#717);
#536=LINE('',#3129,#718);
#537=LINE('',#3133,#719);
#538=LINE('',#3136,#720);
#539=LINE('',#3141,#721);
#540=LINE('',#3142,#722);
#541=LINE('',#3144,#723);
#542=LINE('',#3147,#724);
#543=LINE('',#3148,#725);
#544=LINE('',#3151,#726);
#545=LINE('',#3156,#727);
#546=LINE('',#3159,#728);
#547=LINE('',#3164,#729);
#548=LINE('',#3165,#730);
#549=LINE('',#3167,#731);
#550=LINE('',#3170,#732);
#551=LINE('',#3171,#733);
#552=LINE('',#3174,#734);
#553=LINE('',#3179,#735);
#554=LINE('',#3182,#736);
#555=LINE('',#3187,#737);
#556=LINE('',#3188,#738);
#557=LINE('',#3190,#739);
#558=LINE('',#3193,#740);
#559=LINE('',#3194,#741);
#560=LINE('',#3197,#742);
#561=LINE('',#3202,#743);
#562=LINE('',#3205,#744);
#563=LINE('',#3210,#745);
#564=LINE('',#3211,#746);
#565=LINE('',#3213,#747);
#566=LINE('',#3216,#748);
#567=LINE('',#3217,#749);
#568=LINE('',#3220,#750);
#569=LINE('',#3243,#751);
#570=LINE('',#3261,#752);
#571=LINE('',#3282,#753);
#572=LINE('',#3300,#754);
#573=LINE('',#3341,#755);
#574=VECTOR('',#2064,10.);
#575=VECTOR('',#2065,10.);
#576=VECTOR('',#2070,10.);
#577=VECTOR('',#2073,10.);
#578=VECTOR('',#2080,10.);
#579=VECTOR('',#2083,10.);
#580=VECTOR('',#2084,10.);
#581=VECTOR('',#2089,10.);
#582=VECTOR('',#2092,10.);
#583=VECTOR('',#2099,10.);
#584=VECTOR('',#2102,10.);
#585=VECTOR('',#2103,10.);
#586=VECTOR('',#2108,10.);
#587=VECTOR('',#2111,10.);
#588=VECTOR('',#2118,10.);
#589=VECTOR('',#2121,10.);
#590=VECTOR('',#2122,10.);
#591=VECTOR('',#2127,10.);
#592=VECTOR('',#2130,10.);
#593=VECTOR('',#2137,10.);
#594=VECTOR('',#2142,10.);
#595=VECTOR('',#2143,10.);
#596=VECTOR('',#2154,10.);
#597=VECTOR('',#2155,10.);
#598=VECTOR('',#2158,10.);
#599=VECTOR('',#2159,10.);
#600=VECTOR('',#2160,10.);
#601=VECTOR('',#2161,10.);
#602=VECTOR('',#2162,10.);
#603=VECTOR('',#2165,10.);
#604=VECTOR('',#2170,10.);
#605=VECTOR('',#2171,10.);
#606=VECTOR('',#2172,10.);
#607=VECTOR('',#2173,10.);
#608=VECTOR('',#2178,4.5);
#609=VECTOR('',#2183,10.);
#610=VECTOR('',#2184,10.);
#611=VECTOR('',#2185,10.);
#612=VECTOR('',#2186,10.);
#613=VECTOR('',#2189,10.);
#614=VECTOR('',#2190,10.);
#615=VECTOR('',#2191,10.);
#616=VECTOR('',#2194,10.);
#617=VECTOR('',#2195,10.);
#618=VECTOR('',#2196,10.);
#619=VECTOR('',#2199,10.);
#620=VECTOR('',#2200,10.);
#621=VECTOR('',#2207,1.05);
#622=VECTOR('',#2216,1.05);
#623=VECTOR('',#2225,1.05);
#624=VECTOR('',#2234,1.05);
#625=VECTOR('',#2241,10.);
#626=VECTOR('',#2242,10.);
#627=VECTOR('',#2243,10.);
#628=VECTOR('',#2244,10.);
#629=VECTOR('',#2247,10.);
#630=VECTOR('',#2248,10.);
#631=VECTOR('',#2249,10.);
#632=VECTOR('',#2252,10.);
#633=VECTOR('',#2253,10.);
#634=VECTOR('',#2254,10.);
#635=VECTOR('',#2257,10.);
#636=VECTOR('',#2258,10.);
#637=VECTOR('',#2263,10.);
#638=VECTOR('',#2264,10.);
#639=VECTOR('',#2265,10.);
#640=VECTOR('',#2266,10.);
#641=VECTOR('',#2269,10.);
#642=VECTOR('',#2270,10.);
#643=VECTOR('',#2271,10.);
#644=VECTOR('',#2274,10.);
#645=VECTOR('',#2275,10.);
#646=VECTOR('',#2276,10.);
#647=VECTOR('',#2279,10.);
#648=VECTOR('',#2280,10.);
#649=VECTOR('',#2285,10.);
#650=VECTOR('',#2286,10.);
#651=VECTOR('',#2287,10.);
#652=VECTOR('',#2288,10.);
#653=VECTOR('',#2291,10.);
#654=VECTOR('',#2292,10.);
#655=VECTOR('',#2293,10.);
#656=VECTOR('',#2296,10.);
#657=VECTOR('',#2297,10.);
#658=VECTOR('',#2298,10.);
#659=VECTOR('',#2301,10.);
#660=VECTOR('',#2302,10.);
#661=VECTOR('',#2307,10.);
#662=VECTOR('',#2308,10.);
#663=VECTOR('',#2309,10.);
#664=VECTOR('',#2310,10.);
#665=VECTOR('',#2313,10.);
#666=VECTOR('',#2314,10.);
#667=VECTOR('',#2315,10.);
#668=VECTOR('',#2318,10.);
#669=VECTOR('',#2319,10.);
#670=VECTOR('',#2320,10.);
#671=VECTOR('',#2323,10.);
#672=VECTOR('',#2324,10.);
#673=VECTOR('',#2329,10.);
#674=VECTOR('',#2330,10.);
#675=VECTOR('',#2331,10.);
#676=VECTOR('',#2332,10.);
#677=VECTOR('',#2335,10.);
#678=VECTOR('',#2336,10.);
#679=VECTOR('',#2337,10.);
#680=VECTOR('',#2338,10.);
#681=VECTOR('',#2339,10.);
#682=VECTOR('',#2342,10.);
#683=VECTOR('',#2343,10.);
#684=VECTOR('',#2344,10.);
#685=VECTOR('',#2345,10.);
#686=VECTOR('',#2346,10.);
#687=VECTOR('',#2349,10.);
#688=VECTOR('',#2350,10.);
#689=VECTOR('',#2353,10.);
#690=VECTOR('',#2360,10.);
#691=VECTOR('',#2363,10.);
#692=VECTOR('',#2364,10.);
#693=VECTOR('',#2373,10.);
#694=VECTOR('',#2380,10.);
#695=VECTOR('',#2385,10.);
#696=VECTOR('',#2388,10.);
#697=VECTOR('',#2391,10.);
#698=VECTOR('',#2394,10.);
#699=VECTOR('',#2397,10.);
#700=VECTOR('',#2400,10.);
#701=VECTOR('',#2403,10.);
#702=VECTOR('',#2406,10.);
#703=VECTOR('',#2409,10.);
#704=VECTOR('',#2412,10.);
#705=VECTOR('',#2419,10.);
#706=VECTOR('',#2420,10.);
#707=VECTOR('',#2423,10.);
#708=VECTOR('',#2424,10.);
#709=VECTOR('',#2425,10.);
#710=VECTOR('',#2428,10.);
#711=VECTOR('',#2429,10.);
#712=VECTOR('',#2430,10.);
#713=VECTOR('',#2433,10.);
#714=VECTOR('',#2434,10.);
#715=VECTOR('',#2435,10.);
#716=VECTOR('',#2438,10.);
#717=VECTOR('',#2441,10.);
#718=VECTOR('',#2444,10.);
#719=VECTOR('',#2449,10.);
#720=VECTOR('',#2452,10.);
#721=VECTOR('',#2457,10.);
#722=VECTOR('',#2458,10.);
#723=VECTOR('',#2461,10.);
#724=VECTOR('',#2464,10.);
#725=VECTOR('',#2465,10.);
#726=VECTOR('',#2470,10.);
#727=VECTOR('',#2477,10.);
#728=VECTOR('',#2480,10.);
#729=VECTOR('',#2485,10.);
#730=VECTOR('',#2486,10.);
#731=VECTOR('',#2489,10.);
#732=VECTOR('',#2492,10.);
#733=VECTOR('',#2493,10.);
#734=VECTOR('',#2498,10.);
#735=VECTOR('',#2505,10.);
#736=VECTOR('',#2508,10.);
#737=VECTOR('',#2513,10.);
#738=VECTOR('',#2514,10.);
#739=VECTOR('',#2517,10.);
#740=VECTOR('',#2520,10.);
#741=VECTOR('',#2521,10.);
#742=VECTOR('',#2526,10.);
#743=VECTOR('',#2533,10.);
#744=VECTOR('',#2536,10.);
#745=VECTOR('',#2541,10.);
#746=VECTOR('',#2542,10.);
#747=VECTOR('',#2545,10.);
#748=VECTOR('',#2548,10.);
#749=VECTOR('',#2549,10.);
#750=VECTOR('',#2554,10.);
#751=VECTOR('',#2561,10.);
#752=VECTOR('',#2562,10.);
#753=VECTOR('',#2565,10.);
#754=VECTOR('',#2566,10.);
#755=VECTOR('',#2585,65.875);
#756=B_SPLINE_CURVE_WITH_KNOTS('',3,(#2590,#2591,#2592,#2593,#2594,#2595,
#2596,#2597,#2598,#2599,#2600,#2601,#2602,#2603),.UNSPECIFIED.,.F.,.F.,
(4,2,2,2,2,2,4),(0.628970983443107,0.676814529572373,0.775369093070952,
0.873923656569531,0.97247822006811,1.07103278356669,1.11887632969595),
 .UNSPECIFIED.);
#757=B_SPLINE_CURVE_WITH_KNOTS('',3,(#2607,#2608,#2609,#2610,#2611,#2612,
#2613,#2614,#2615,#2616,#2617,#2618,#2619,#2620),.UNSPECIFIED.,.F.,.F.,
(4,2,2,2,2,2,4),(2.21895475973258,2.26679830586185,2.36535286936043,2.46390743285901,
2.56246199635759,2.66101655985616,2.70886010598543),.UNSPECIFIED.);
#758=B_SPLINE_CURVE_WITH_KNOTS('',3,(#2639,#2640,#2641,#2642,#2643,#2644,
#2645,#2646,#2647,#2648,#2649,#2650,#2651,#2652),.UNSPECIFIED.,.F.,.F.,
(4,2,2,2,2,2,4),(0.628970983443108,0.676814529572373,0.775369093070952,
0.873923656569531,0.97247822006811,1.07103278356669,1.11887632969595),
 .UNSPECIFIED.);
#759=B_SPLINE_CURVE_WITH_KNOTS('',3,(#2656,#2657,#2658,#2659,#2660,#2661,
#2662,#2663,#2664,#2665,#2666,#2667,#2668,#2669),.UNSPECIFIED.,.F.,.F.,
(4,2,2,2,2,2,4),(2.21895475973258,2.26679830586185,2.36535286936043,2.46390743285901,
2.56246199635759,2.66101655985617,2.70886010598543),.UNSPECIFIED.);
#760=B_SPLINE_CURVE_WITH_KNOTS('',3,(#2688,#2689,#2690,#2691,#2692,#2693,
#2694,#2695,#2696,#2697,#2698,#2699,#2700,#2701),.UNSPECIFIED.,.F.,.F.,
(4,2,2,2,2,2,4),(0.628970983443108,0.676814529572373,0.775369093070952,
0.873923656569531,0.97247822006811,1.07103278356669,1.11887632969595),
 .UNSPECIFIED.);
#761=B_SPLINE_CURVE_WITH_KNOTS('',3,(#2705,#2706,#2707,#2708,#2709,#2710,
#2711,#2712,#2713,#2714,#2715,#2716,#2717,#2718),.UNSPECIFIED.,.F.,.F.,
(4,2,2,2,2,2,4),(2.21895475973259,2.26679830586185,2.36535286936043,2.46390743285901,
2.56246199635759,2.66101655985617,2.70886010598543),.UNSPECIFIED.);
#762=B_SPLINE_CURVE_WITH_KNOTS('',3,(#2737,#2738,#2739,#2740,#2741,#2742,
#2743,#2744,#2745,#2746,#2747,#2748,#2749,#2750),.UNSPECIFIED.,.F.,.F.,
(4,2,2,2,2,2,4),(0.628970983443108,0.676814529572373,0.775369093070952,
0.873923656569531,0.97247822006811,1.07103278356669,1.11887632969595),
 .UNSPECIFIED.);
#763=B_SPLINE_CURVE_WITH_KNOTS('',3,(#2754,#2755,#2756,#2757,#2758,#2759,
#2760,#2761,#2762,#2763,#2764,#2765,#2766,#2767),.UNSPECIFIED.,.F.,.F.,
(4,2,2,2,2,2,4),(2.21895475973258,2.26679830586185,2.36535286936043,2.46390743285901,
2.56246199635759,2.66101655985616,2.70886010598543),.UNSPECIFIED.);
#764=B_SPLINE_CURVE_WITH_KNOTS('',3,(#2790,#2791,#2792,#2793,#2794,#2795,
#2796,#2797,#2798,#2799),.UNSPECIFIED.,.F.,.F.,(4,2,2,2,4),(0.603481380934177,
0.67880791486428,0.754134448794384,0.829607717162219,0.905080985530055),
 .UNSPECIFIED.);
#765=B_SPLINE_CURVE_WITH_KNOTS('',3,(#2810,#2811,#2812,#2813,#2814,#2815,
#2816,#2817,#2818,#2819),.UNSPECIFIED.,.F.,.F.,(4,2,2,2,4),(0.301881776338299,
0.377355044706134,0.45282831307397,0.528154847004073,0.603481380934177),
 .UNSPECIFIED.);
#766=B_SPLINE_CURVE_WITH_KNOTS('',3,(#3226,#3227,#3228,#3229,#3230,#3231,
#3232,#3233,#3234,#3235,#3236,#3237,#3238,#3239,#3240,#3241),
 .UNSPECIFIED.,.F.,.F.,(4,2,2,2,2,2,2,4),(10.9646190435618,11.3479041588227,
11.7363925718805,12.1248809849382,12.513369397996,13.0918966192017,13.6704238404074,
13.7219843223953),.UNSPECIFIED.);
#767=B_SPLINE_CURVE_WITH_KNOTS('',3,(#3245,#3246,#3247,#3248,#3249,#3250,
#3251,#3252,#3253,#3254,#3255,#3256,#3257,#3258,#3259,#3260),
 .UNSPECIFIED.,.F.,.F.,(4,2,2,2,2,2,2,4),(7.49742384447029,7.54898432645818,
8.1275115476639,8.70603876886961,9.09452718192738,9.48301559498515,9.87150400804293,
10.2547891233038),.UNSPECIFIED.);
#768=B_SPLINE_CURVE_WITH_KNOTS('',3,(#3265,#3266,#3267,#3268,#3269,#3270,
#3271,#3272,#3273,#3274,#3275,#3276,#3277,#3278,#3279,#3280),
 .UNSPECIFIED.,.F.,.F.,(4,2,2,2,2,2,2,4),(7.49685850185991,7.54744536766134,
8.12588351450976,8.70432166135818,9.09436402911252,9.48440639686686,9.8744487646212,
10.2592005400185),.UNSPECIFIED.);
#769=B_SPLINE_CURVE_WITH_KNOTS('',3,(#3284,#3285,#3286,#3287,#3288,#3289,
#3290,#3291,#3292,#3293,#3294,#3295,#3296,#3297,#3298,#3299),
 .UNSPECIFIED.,.F.,.F.,(4,2,2,2,2,2,2,4),(10.9574951273156,11.3422469027129,
11.7322892704673,12.1223316382216,12.5123740059759,13.0908121528244,13.6692502996728,
13.7198371654742),.UNSPECIFIED.);
#770=VERTEX_POINT('',#2588);
#771=VERTEX_POINT('',#2589);
#772=VERTEX_POINT('',#2604);
#773=VERTEX_POINT('',#2606);
#774=VERTEX_POINT('',#2623);
#775=VERTEX_POINT('',#2625);
#776=VERTEX_POINT('',#2627);
#777=VERTEX_POINT('',#2629);
#778=VERTEX_POINT('',#2633);
#779=VERTEX_POINT('',#2637);
#780=VERTEX_POINT('',#2638);
#781=VERTEX_POINT('',#2653);
#782=VERTEX_POINT('',#2655);
#783=VERTEX_POINT('',#2672);
#784=VERTEX_POINT('',#2674);
#785=VERTEX_POINT('',#2676);
#786=VERTEX_POINT('',#2678);
#787=VERTEX_POINT('',#2682);
#788=VERTEX_POINT('',#2686);
#789=VERTEX_POINT('',#2687);
#790=VERTEX_POINT('',#2702);
#791=VERTEX_POINT('',#2704);
#792=VERTEX_POINT('',#2721);
#793=VERTEX_POINT('',#2723);
#794=VERTEX_POINT('',#2725);
#795=VERTEX_POINT('',#2727);
#796=VERTEX_POINT('',#2731);
#797=VERTEX_POINT('',#2735);
#798=VERTEX_POINT('',#2736);
#799=VERTEX_POINT('',#2751);
#800=VERTEX_POINT('',#2753);
#801=VERTEX_POINT('',#2770);
#802=VERTEX_POINT('',#2772);
#803=VERTEX_POINT('',#2774);
#804=VERTEX_POINT('',#2776);
#805=VERTEX_POINT('',#2780);
#806=VERTEX_POINT('',#2784);
#807=VERTEX_POINT('',#2785);
#808=VERTEX_POINT('',#2787);
#809=VERTEX_POINT('',#2789);
#810=VERTEX_POINT('',#2802);
#811=VERTEX_POINT('',#2803);
#812=VERTEX_POINT('',#2808);
#813=VERTEX_POINT('',#2809);
#814=VERTEX_POINT('',#2823);
#815=VERTEX_POINT('',#2825);
#816=VERTEX_POINT('',#2827);
#817=VERTEX_POINT('',#2829);
#818=VERTEX_POINT('',#2833);
#819=VERTEX_POINT('',#2837);
#820=VERTEX_POINT('',#2839);
#821=VERTEX_POINT('',#2841);
#822=VERTEX_POINT('',#2845);
#823=VERTEX_POINT('',#2847);
#824=VERTEX_POINT('',#2851);
#825=VERTEX_POINT('',#2852);
#826=VERTEX_POINT('',#2854);
#827=VERTEX_POINT('',#2856);
#828=VERTEX_POINT('',#2860);
#829=VERTEX_POINT('',#2862);
#830=VERTEX_POINT('',#2866);
#831=VERTEX_POINT('',#2868);
#832=VERTEX_POINT('',#2876);
#833=VERTEX_POINT('',#2878);
#834=VERTEX_POINT('',#2883);
#835=VERTEX_POINT('',#2885);
#836=VERTEX_POINT('',#2890);
#837=VERTEX_POINT('',#2892);
#838=VERTEX_POINT('',#2897);
#839=VERTEX_POINT('',#2899);
#840=VERTEX_POINT('',#2904);
#841=VERTEX_POINT('',#2905);
#842=VERTEX_POINT('',#2907);
#843=VERTEX_POINT('',#2909);
#844=VERTEX_POINT('',#2913);
#845=VERTEX_POINT('',#2915);
#846=VERTEX_POINT('',#2919);
#847=VERTEX_POINT('',#2921);
#848=VERTEX_POINT('',#2929);
#849=VERTEX_POINT('',#2930);
#850=VERTEX_POINT('',#2932);
#851=VERTEX_POINT('',#2934);
#852=VERTEX_POINT('',#2938);
#853=VERTEX_POINT('',#2940);
#854=VERTEX_POINT('',#2944);
#855=VERTEX_POINT('',#2946);
#856=VERTEX_POINT('',#2954);
#857=VERTEX_POINT('',#2955);
#858=VERTEX_POINT('',#2957);
#859=VERTEX_POINT('',#2959);
#860=VERTEX_POINT('',#2963);
#861=VERTEX_POINT('',#2965);
#862=VERTEX_POINT('',#2969);
#863=VERTEX_POINT('',#2971);
#864=VERTEX_POINT('',#2979);
#865=VERTEX_POINT('',#2980);
#866=VERTEX_POINT('',#2982);
#867=VERTEX_POINT('',#2984);
#868=VERTEX_POINT('',#2988);
#869=VERTEX_POINT('',#2990);
#870=VERTEX_POINT('',#2994);
#871=VERTEX_POINT('',#2996);
#872=VERTEX_POINT('',#3004);
#873=VERTEX_POINT('',#3005);
#874=VERTEX_POINT('',#3007);
#875=VERTEX_POINT('',#3009);
#876=VERTEX_POINT('',#3013);
#877=VERTEX_POINT('',#3015);
#878=VERTEX_POINT('',#3017);
#879=VERTEX_POINT('',#3019);
#880=VERTEX_POINT('',#3023);
#881=VERTEX_POINT('',#3025);
#882=VERTEX_POINT('',#3027);
#883=VERTEX_POINT('',#3029);
#884=VERTEX_POINT('',#3039);
#885=VERTEX_POINT('',#3041);
#886=VERTEX_POINT('',#3043);
#887=VERTEX_POINT('',#3046);
#888=VERTEX_POINT('',#3052);
#889=VERTEX_POINT('',#3056);
#890=VERTEX_POINT('',#3060);
#891=VERTEX_POINT('',#3062);
#892=VERTEX_POINT('',#3064);
#893=VERTEX_POINT('',#3066);
#894=VERTEX_POINT('',#3068);
#895=VERTEX_POINT('',#3070);
#896=VERTEX_POINT('',#3072);
#897=VERTEX_POINT('',#3074);
#898=VERTEX_POINT('',#3076);
#899=VERTEX_POINT('',#3078);
#900=VERTEX_POINT('',#3080);
#901=VERTEX_POINT('',#3082);
#902=VERTEX_POINT('',#3084);
#903=VERTEX_POINT('',#3086);
#904=VERTEX_POINT('',#3088);
#905=VERTEX_POINT('',#3090);
#906=VERTEX_POINT('',#3093);
#907=VERTEX_POINT('',#3095);
#908=VERTEX_POINT('',#3099);
#909=VERTEX_POINT('',#3103);
#910=VERTEX_POINT('',#3105);
#911=VERTEX_POINT('',#3109);
#912=VERTEX_POINT('',#3111);
#913=VERTEX_POINT('',#3115);
#914=VERTEX_POINT('',#3117);
#915=VERTEX_POINT('',#3121);
#916=VERTEX_POINT('',#3123);
#917=VERTEX_POINT('',#3132);
#918=VERTEX_POINT('',#3134);
#919=VERTEX_POINT('',#3138);
#920=VERTEX_POINT('',#3139);
#921=VERTEX_POINT('',#3146);
#922=VERTEX_POINT('',#3155);
#923=VERTEX_POINT('',#3157);
#924=VERTEX_POINT('',#3161);
#925=VERTEX_POINT('',#3162);
#926=VERTEX_POINT('',#3169);
#927=VERTEX_POINT('',#3178);
#928=VERTEX_POINT('',#3180);
#929=VERTEX_POINT('',#3184);
#930=VERTEX_POINT('',#3185);
#931=VERTEX_POINT('',#3192);
#932=VERTEX_POINT('',#3201);
#933=VERTEX_POINT('',#3203);
#934=VERTEX_POINT('',#3207);
#935=VERTEX_POINT('',#3208);
#936=VERTEX_POINT('',#3215);
#937=VERTEX_POINT('',#3224);
#938=VERTEX_POINT('',#3225);
#939=VERTEX_POINT('',#3242);
#940=VERTEX_POINT('',#3244);
#941=VERTEX_POINT('',#3263);
#942=VERTEX_POINT('',#3264);
#943=VERTEX_POINT('',#3281);
#944=VERTEX_POINT('',#3283);
#945=VERTEX_POINT('',#3302);
#946=EDGE_CURVE('',#770,#771,#756,.T.);
#947=EDGE_CURVE('',#772,#770,#392,.T.);
#948=EDGE_CURVE('',#773,#772,#757,.T.);
#949=EDGE_CURVE('',#771,#773,#393,.T.);
#950=EDGE_CURVE('',#774,#772,#90,.T.);
#951=EDGE_CURVE('',#775,#774,#394,.T.);
#952=EDGE_CURVE('',#776,#775,#91,.T.);
#953=EDGE_CURVE('',#776,#777,#395,.T.);
#954=EDGE_CURVE('',#773,#777,#92,.T.);
#955=EDGE_CURVE('',#778,#770,#93,.T.);
#956=EDGE_CURVE('',#774,#778,#396,.T.);
#957=EDGE_CURVE('',#779,#780,#758,.T.);
#958=EDGE_CURVE('',#781,#779,#397,.T.);
#959=EDGE_CURVE('',#782,#781,#759,.T.);
#960=EDGE_CURVE('',#780,#782,#398,.T.);
#961=EDGE_CURVE('',#783,#781,#94,.T.);
#962=EDGE_CURVE('',#784,#783,#399,.T.);
#963=EDGE_CURVE('',#785,#784,#95,.T.);
#964=EDGE_CURVE('',#785,#786,#400,.T.);
#965=EDGE_CURVE('',#782,#786,#96,.T.);
#966=EDGE_CURVE('',#787,#779,#97,.T.);
#967=EDGE_CURVE('',#783,#787,#401,.T.);
#968=EDGE_CURVE('',#788,#789,#760,.T.);
#969=EDGE_CURVE('',#790,#788,#402,.T.);
#970=EDGE_CURVE('',#791,#790,#761,.T.);
#971=EDGE_CURVE('',#789,#791,#403,.T.);
#972=EDGE_CURVE('',#792,#790,#98,.T.);
#973=EDGE_CURVE('',#793,#792,#404,.T.);
#974=EDGE_CURVE('',#794,#793,#99,.T.);
#975=EDGE_CURVE('',#794,#795,#405,.T.);
#976=EDGE_CURVE('',#791,#795,#100,.T.);
#977=EDGE_CURVE('',#796,#788,#101,.T.);
#978=EDGE_CURVE('',#792,#796,#406,.T.);
#979=EDGE_CURVE('',#797,#798,#762,.T.);
#980=EDGE_CURVE('',#799,#797,#407,.T.);
#981=EDGE_CURVE('',#800,#799,#763,.T.);
#982=EDGE_CURVE('',#798,#800,#408,.T.);
#983=EDGE_CURVE('',#801,#799,#102,.T.);
#984=EDGE_CURVE('',#802,#801,#409,.T.);
#985=EDGE_CURVE('',#803,#802,#103,.T.);
#986=EDGE_CURVE('',#803,#804,#410,.T.);
#987=EDGE_CURVE('',#800,#804,#104,.T.);
#988=EDGE_CURVE('',#805,#797,#105,.T.);
#989=EDGE_CURVE('',#801,#805,#411,.T.);
#990=EDGE_CURVE('',#806,#807,#106,.T.);
#991=EDGE_CURVE('',#807,#808,#412,.T.);
#992=EDGE_CURVE('',#808,#809,#764,.F.);
#993=EDGE_CURVE('',#809,#806,#413,.T.);
#994=EDGE_CURVE('',#810,#811,#107,.T.);
#995=EDGE_CURVE('',#811,#807,#108,.T.);
#996=EDGE_CURVE('',#806,#810,#109,.T.);
#997=EDGE_CURVE('',#812,#813,#765,.F.);
#998=EDGE_CURVE('',#813,#811,#414,.T.);
#999=EDGE_CURVE('',#810,#812,#415,.T.);
#1000=EDGE_CURVE('',#812,#814,#416,.T.);
#1001=EDGE_CURVE('',#815,#810,#417,.T.);
#1002=EDGE_CURVE('',#816,#815,#418,.T.);
#1003=EDGE_CURVE('',#817,#816,#419,.T.);
#1004=EDGE_CURVE('',#814,#817,#420,.T.);
#1005=EDGE_CURVE('',#818,#806,#421,.T.);
#1006=EDGE_CURVE('',#815,#818,#110,.T.);
#1007=EDGE_CURVE('',#819,#809,#422,.T.);
#1008=EDGE_CURVE('',#820,#819,#423,.T.);
#1009=EDGE_CURVE('',#821,#820,#424,.T.);
#1010=EDGE_CURVE('',#818,#821,#425,.T.);
#1011=EDGE_CURVE('',#822,#822,#111,.T.);
#1012=EDGE_CURVE('',#822,#823,#426,.T.);
#1013=EDGE_CURVE('',#823,#823,#112,.T.);
#1014=EDGE_CURVE('',#824,#825,#427,.T.);
#1015=EDGE_CURVE('',#824,#826,#428,.T.);
#1016=EDGE_CURVE('',#827,#826,#429,.T.);
#1017=EDGE_CURVE('',#825,#827,#430,.T.);
#1018=EDGE_CURVE('',#825,#828,#431,.T.);
#1019=EDGE_CURVE('',#829,#827,#432,.T.);
#1020=EDGE_CURVE('',#828,#829,#433,.T.);
#1021=EDGE_CURVE('',#828,#830,#434,.T.);
#1022=EDGE_CURVE('',#831,#829,#435,.T.);
#1023=EDGE_CURVE('',#830,#831,#436,.T.);
#1024=EDGE_CURVE('',#830,#824,#437,.T.);
#1025=EDGE_CURVE('',#826,#831,#438,.T.);
#1026=EDGE_CURVE('',#832,#832,#113,.T.);
#1027=EDGE_CURVE('',#832,#833,#439,.T.);
#1028=EDGE_CURVE('',#833,#833,#114,.T.);
#1029=EDGE_CURVE('',#834,#834,#115,.T.);
#1030=EDGE_CURVE('',#834,#835,#440,.T.);
#1031=EDGE_CURVE('',#835,#835,#116,.T.);
#1032=EDGE_CURVE('',#836,#836,#117,.T.);
#1033=EDGE_CURVE('',#836,#837,#441,.T.);
#1034=EDGE_CURVE('',#837,#837,#118,.T.);
#1035=EDGE_CURVE('',#838,#838,#119,.T.);
#1036=EDGE_CURVE('',#838,#839,#442,.T.);
#1037=EDGE_CURVE('',#839,#839,#120,.T.);
#1038=EDGE_CURVE('',#840,#841,#443,.T.);
#1039=EDGE_CURVE('',#840,#842,#444,.T.);
#1040=EDGE_CURVE('',#843,#842,#445,.T.);
#1041=EDGE_CURVE('',#841,#843,#446,.T.);
#1042=EDGE_CURVE('',#841,#844,#447,.T.);
#1043=EDGE_CURVE('',#845,#843,#448,.T.);
#1044=EDGE_CURVE('',#844,#845,#449,.T.);
#1045=EDGE_CURVE('',#844,#846,#450,.T.);
#1046=EDGE_CURVE('',#847,#845,#451,.T.);
#1047=EDGE_CURVE('',#846,#847,#452,.T.);
#1048=EDGE_CURVE('',#846,#840,#453,.T.);
#1049=EDGE_CURVE('',#842,#847,#454,.T.);
#1050=EDGE_CURVE('',#848,#849,#455,.T.);
#1051=EDGE_CURVE('',#848,#850,#456,.T.);
#1052=EDGE_CURVE('',#851,#850,#457,.T.);
#1053=EDGE_CURVE('',#849,#851,#458,.T.);
#1054=EDGE_CURVE('',#849,#852,#459,.T.);
#1055=EDGE_CURVE('',#853,#851,#460,.T.);
#1056=EDGE_CURVE('',#852,#853,#461,.T.);
#1057=EDGE_CURVE('',#852,#854,#462,.T.);
#1058=EDGE_CURVE('',#855,#853,#463,.T.);
#1059=EDGE_CURVE('',#854,#855,#464,.T.);
#1060=EDGE_CURVE('',#854,#848,#465,.T.);
#1061=EDGE_CURVE('',#850,#855,#466,.T.);
#1062=EDGE_CURVE('',#856,#857,#467,.T.);
#1063=EDGE_CURVE('',#856,#858,#468,.T.);
#1064=EDGE_CURVE('',#859,#858,#469,.T.);
#1065=EDGE_CURVE('',#857,#859,#470,.T.);
#1066=EDGE_CURVE('',#857,#860,#471,.T.);
#1067=EDGE_CURVE('',#861,#859,#472,.T.);
#1068=EDGE_CURVE('',#860,#861,#473,.T.);
#1069=EDGE_CURVE('',#860,#862,#474,.T.);
#1070=EDGE_CURVE('',#863,#861,#475,.T.);
#1071=EDGE_CURVE('',#862,#863,#476,.T.);
#1072=EDGE_CURVE('',#862,#856,#477,.T.);
#1073=EDGE_CURVE('',#858,#863,#478,.T.);
#1074=EDGE_CURVE('',#864,#865,#479,.T.);
#1075=EDGE_CURVE('',#864,#866,#480,.T.);
#1076=EDGE_CURVE('',#867,#866,#481,.T.);
#1077=EDGE_CURVE('',#865,#867,#482,.T.);
#1078=EDGE_CURVE('',#865,#868,#483,.T.);
#1079=EDGE_CURVE('',#869,#867,#484,.T.);
#1080=EDGE_CURVE('',#868,#869,#485,.T.);
#1081=EDGE_CURVE('',#868,#870,#486,.T.);
#1082=EDGE_CURVE('',#871,#869,#487,.T.);
#1083=EDGE_CURVE('',#870,#871,#488,.T.);
#1084=EDGE_CURVE('',#870,#864,#489,.T.);
#1085=EDGE_CURVE('',#866,#871,#490,.T.);
#1086=EDGE_CURVE('',#872,#873,#491,.T.);
#1087=EDGE_CURVE('',#874,#872,#492,.T.);
#1088=EDGE_CURVE('',#874,#875,#493,.T.);
#1089=EDGE_CURVE('',#875,#873,#494,.T.);
#1090=EDGE_CURVE('',#873,#876,#495,.T.);
#1091=EDGE_CURVE('',#875,#877,#496,.T.);
#1092=EDGE_CURVE('',#877,#878,#497,.T.);
#1093=EDGE_CURVE('',#878,#879,#498,.T.);
#1094=EDGE_CURVE('',#876,#879,#499,.T.);
#1095=EDGE_CURVE('',#880,#872,#500,.T.);
#1096=EDGE_CURVE('',#881,#880,#501,.T.);
#1097=EDGE_CURVE('',#881,#882,#502,.T.);
#1098=EDGE_CURVE('',#883,#882,#503,.T.);
#1099=EDGE_CURVE('',#883,#874,#504,.T.);
#1100=EDGE_CURVE('',#877,#883,#505,.T.);
#1101=EDGE_CURVE('',#882,#878,#506,.T.);
#1102=EDGE_CURVE('',#879,#881,#507,.T.);
#1103=EDGE_CURVE('',#813,#884,#121,.T.);
#1104=EDGE_CURVE('',#884,#885,#508,.T.);
#1105=EDGE_CURVE('',#886,#885,#122,.T.);
#1106=EDGE_CURVE('',#886,#880,#509,.T.);
#1107=EDGE_CURVE('',#876,#887,#510,.T.);
#1108=EDGE_CURVE('',#887,#808,#123,.T.);
#1109=EDGE_CURVE('',#816,#821,#124,.T.);
#1110=EDGE_CURVE('',#887,#888,#511,.T.);
#1111=EDGE_CURVE('',#819,#888,#125,.T.);
#1112=EDGE_CURVE('',#889,#814,#126,.T.);
#1113=EDGE_CURVE('',#884,#889,#512,.T.);
#1114=EDGE_CURVE('',#817,#890,#127,.T.);
#1115=EDGE_CURVE('',#890,#891,#513,.T.);
#1116=EDGE_CURVE('',#891,#892,#128,.T.);
#1117=EDGE_CURVE('',#892,#893,#514,.T.);
#1118=EDGE_CURVE('',#893,#894,#129,.T.);
#1119=EDGE_CURVE('',#894,#895,#515,.T.);
#1120=EDGE_CURVE('',#895,#896,#130,.T.);
#1121=EDGE_CURVE('',#896,#897,#516,.T.);
#1122=EDGE_CURVE('',#897,#898,#131,.T.);
#1123=EDGE_CURVE('',#898,#899,#517,.T.);
#1124=EDGE_CURVE('',#899,#900,#132,.T.);
#1125=EDGE_CURVE('',#900,#901,#518,.T.);
#1126=EDGE_CURVE('',#901,#902,#133,.T.);
#1127=EDGE_CURVE('',#902,#903,#519,.T.);
#1128=EDGE_CURVE('',#903,#904,#134,.T.);
#1129=EDGE_CURVE('',#904,#905,#520,.T.);
#1130=EDGE_CURVE('',#905,#820,#135,.T.);
#1131=EDGE_CURVE('',#888,#906,#521,.T.);
#1132=EDGE_CURVE('',#906,#907,#136,.T.);
#1133=EDGE_CURVE('',#907,#889,#522,.T.);
#1134=EDGE_CURVE('',#908,#816,#137,.T.);
#1135=EDGE_CURVE('',#821,#908,#138,.T.);
#1136=EDGE_CURVE('',#905,#785,#523,.T.);
#1137=EDGE_CURVE('',#784,#909,#524,.T.);
#1138=EDGE_CURVE('',#909,#910,#139,.T.);
#1139=EDGE_CURVE('',#910,#902,#525,.T.);
#1140=EDGE_CURVE('',#901,#794,#526,.T.);
#1141=EDGE_CURVE('',#793,#911,#527,.T.);
#1142=EDGE_CURVE('',#911,#912,#140,.T.);
#1143=EDGE_CURVE('',#912,#898,#528,.T.);
#1144=EDGE_CURVE('',#897,#803,#529,.T.);
#1145=EDGE_CURVE('',#802,#913,#530,.T.);
#1146=EDGE_CURVE('',#913,#914,#141,.T.);
#1147=EDGE_CURVE('',#914,#894,#531,.T.);
#1148=EDGE_CURVE('',#893,#776,#532,.T.);
#1149=EDGE_CURVE('',#775,#915,#533,.T.);
#1150=EDGE_CURVE('',#915,#916,#142,.T.);
#1151=EDGE_CURVE('',#916,#890,#534,.T.);
#1152=EDGE_CURVE('',#885,#907,#535,.T.);
#1153=EDGE_CURVE('',#886,#906,#536,.T.);
#1154=EDGE_CURVE('',#917,#891,#537,.T.);
#1155=EDGE_CURVE('',#917,#918,#143,.T.);
#1156=EDGE_CURVE('',#918,#892,#538,.T.);
#1157=EDGE_CURVE('',#919,#920,#144,.T.);
#1158=EDGE_CURVE('',#919,#918,#539,.T.);
#1159=EDGE_CURVE('',#920,#917,#540,.T.);
#1160=EDGE_CURVE('',#920,#916,#541,.T.);
#1161=EDGE_CURVE('',#921,#919,#542,.T.);
#1162=EDGE_CURVE('',#777,#921,#543,.T.);
#1163=EDGE_CURVE('',#771,#921,#145,.T.);
#1164=EDGE_CURVE('',#778,#915,#544,.T.);
#1165=EDGE_CURVE('',#922,#903,#545,.T.);
#1166=EDGE_CURVE('',#922,#923,#146,.T.);
#1167=EDGE_CURVE('',#923,#904,#546,.T.);
#1168=EDGE_CURVE('',#924,#925,#147,.T.);
#1169=EDGE_CURVE('',#924,#923,#547,.T.);
#1170=EDGE_CURVE('',#925,#922,#548,.T.);
#1171=EDGE_CURVE('',#925,#910,#549,.T.);
#1172=EDGE_CURVE('',#926,#924,#550,.T.);
#1173=EDGE_CURVE('',#786,#926,#551,.T.);
#1174=EDGE_CURVE('',#780,#926,#148,.T.);
#1175=EDGE_CURVE('',#787,#909,#552,.T.);
#1176=EDGE_CURVE('',#927,#899,#553,.T.);
#1177=EDGE_CURVE('',#927,#928,#149,.T.);
#1178=EDGE_CURVE('',#928,#900,#554,.T.);
#1179=EDGE_CURVE('',#929,#930,#150,.T.);
#1180=EDGE_CURVE('',#929,#928,#555,.T.);
#1181=EDGE_CURVE('',#930,#927,#556,.T.);
#1182=EDGE_CURVE('',#930,#912,#557,.T.);
#1183=EDGE_CURVE('',#931,#929,#558,.T.);
#1184=EDGE_CURVE('',#795,#931,#559,.T.);
#1185=EDGE_CURVE('',#789,#931,#151,.T.);
#1186=EDGE_CURVE('',#796,#911,#560,.T.);
#1187=EDGE_CURVE('',#932,#895,#561,.T.);
#1188=EDGE_CURVE('',#932,#933,#152,.T.);
#1189=EDGE_CURVE('',#933,#896,#562,.T.);
#1190=EDGE_CURVE('',#934,#935,#153,.T.);
#1191=EDGE_CURVE('',#934,#933,#563,.T.);
#1192=EDGE_CURVE('',#935,#932,#564,.T.);
#1193=EDGE_CURVE('',#935,#914,#565,.T.);
#1194=EDGE_CURVE('',#936,#934,#566,.T.);
#1195=EDGE_CURVE('',#804,#936,#567,.T.);
#1196=EDGE_CURVE('',#798,#936,#154,.T.);
#1197=EDGE_CURVE('',#805,#913,#568,.T.);
#1198=EDGE_CURVE('',#937,#938,#766,.T.);
#1199=EDGE_CURVE('',#939,#937,#569,.T.);
#1200=EDGE_CURVE('',#940,#939,#767,.T.);
#1201=EDGE_CURVE('',#940,#938,#570,.T.);
#1202=EDGE_CURVE('',#941,#942,#768,.T.);
#1203=EDGE_CURVE('',#941,#943,#571,.T.);
#1204=EDGE_CURVE('',#944,#943,#769,.T.);
#1205=EDGE_CURVE('',#942,#944,#572,.T.);
#1206=EDGE_CURVE('',#945,#945,#155,.T.);
#1207=EDGE_CURVE('',#941,#943,#156,.T.);
#1208=EDGE_CURVE('',#940,#938,#157,.T.);
#1209=EDGE_CURVE('',#942,#944,#158,.T.);
#1210=EDGE_CURVE('',#939,#937,#159,.T.);
#1211=EDGE_CURVE('',#908,#945,#573,.T.);
#1212=ORIENTED_EDGE('',*,*,#946,.F.);
#1213=ORIENTED_EDGE('',*,*,#947,.F.);
#1214=ORIENTED_EDGE('',*,*,#948,.F.);
#1215=ORIENTED_EDGE('',*,*,#949,.F.);
#1216=ORIENTED_EDGE('',*,*,#948,.T.);
#1217=ORIENTED_EDGE('',*,*,#950,.F.);
#1218=ORIENTED_EDGE('',*,*,#951,.F.);
#1219=ORIENTED_EDGE('',*,*,#952,.F.);
#1220=ORIENTED_EDGE('',*,*,#953,.T.);
#1221=ORIENTED_EDGE('',*,*,#954,.F.);
#1222=ORIENTED_EDGE('',*,*,#947,.T.);
#1223=ORIENTED_EDGE('',*,*,#955,.F.);
#1224=ORIENTED_EDGE('',*,*,#956,.F.);
#1225=ORIENTED_EDGE('',*,*,#950,.T.);
#1226=ORIENTED_EDGE('',*,*,#957,.F.);
#1227=ORIENTED_EDGE('',*,*,#958,.F.);
#1228=ORIENTED_EDGE('',*,*,#959,.F.);
#1229=ORIENTED_EDGE('',*,*,#960,.F.);
#1230=ORIENTED_EDGE('',*,*,#959,.T.);
#1231=ORIENTED_EDGE('',*,*,#961,.F.);
#1232=ORIENTED_EDGE('',*,*,#962,.F.);
#1233=ORIENTED_EDGE('',*,*,#963,.F.);
#1234=ORIENTED_EDGE('',*,*,#964,.T.);
#1235=ORIENTED_EDGE('',*,*,#965,.F.);
#1236=ORIENTED_EDGE('',*,*,#958,.T.);
#1237=ORIENTED_EDGE('',*,*,#966,.F.);
#1238=ORIENTED_EDGE('',*,*,#967,.F.);
#1239=ORIENTED_EDGE('',*,*,#961,.T.);
#1240=ORIENTED_EDGE('',*,*,#968,.F.);
#1241=ORIENTED_EDGE('',*,*,#969,.F.);
#1242=ORIENTED_EDGE('',*,*,#970,.F.);
#1243=ORIENTED_EDGE('',*,*,#971,.F.);
#1244=ORIENTED_EDGE('',*,*,#970,.T.);
#1245=ORIENTED_EDGE('',*,*,#972,.F.);
#1246=ORIENTED_EDGE('',*,*,#973,.F.);
#1247=ORIENTED_EDGE('',*,*,#974,.F.);
#1248=ORIENTED_EDGE('',*,*,#975,.T.);
#1249=ORIENTED_EDGE('',*,*,#976,.F.);
#1250=ORIENTED_EDGE('',*,*,#969,.T.);
#1251=ORIENTED_EDGE('',*,*,#977,.F.);
#1252=ORIENTED_EDGE('',*,*,#978,.F.);
#1253=ORIENTED_EDGE('',*,*,#972,.T.);
#1254=ORIENTED_EDGE('',*,*,#979,.F.);
#1255=ORIENTED_EDGE('',*,*,#980,.F.);
#1256=ORIENTED_EDGE('',*,*,#981,.F.);
#1257=ORIENTED_EDGE('',*,*,#982,.F.);
#1258=ORIENTED_EDGE('',*,*,#981,.T.);
#1259=ORIENTED_EDGE('',*,*,#983,.F.);
#1260=ORIENTED_EDGE('',*,*,#984,.F.);
#1261=ORIENTED_EDGE('',*,*,#985,.F.);
#1262=ORIENTED_EDGE('',*,*,#986,.T.);
#1263=ORIENTED_EDGE('',*,*,#987,.F.);
#1264=ORIENTED_EDGE('',*,*,#980,.T.);
#1265=ORIENTED_EDGE('',*,*,#988,.F.);
#1266=ORIENTED_EDGE('',*,*,#989,.F.);
#1267=ORIENTED_EDGE('',*,*,#983,.T.);
#1268=ORIENTED_EDGE('',*,*,#990,.T.);
#1269=ORIENTED_EDGE('',*,*,#991,.T.);
#1270=ORIENTED_EDGE('',*,*,#992,.T.);
#1271=ORIENTED_EDGE('',*,*,#993,.T.);
#1272=ORIENTED_EDGE('',*,*,#994,.T.);
#1273=ORIENTED_EDGE('',*,*,#995,.T.);
#1274=ORIENTED_EDGE('',*,*,#990,.F.);
#1275=ORIENTED_EDGE('',*,*,#996,.T.);
#1276=ORIENTED_EDGE('',*,*,#997,.T.);
#1277=ORIENTED_EDGE('',*,*,#998,.T.);
#1278=ORIENTED_EDGE('',*,*,#994,.F.);
#1279=ORIENTED_EDGE('',*,*,#999,.T.);
#1280=ORIENTED_EDGE('',*,*,#1000,.F.);
#1281=ORIENTED_EDGE('',*,*,#999,.F.);
#1282=ORIENTED_EDGE('',*,*,#1001,.F.);
#1283=ORIENTED_EDGE('',*,*,#1002,.F.);
#1284=ORIENTED_EDGE('',*,*,#1003,.F.);
#1285=ORIENTED_EDGE('',*,*,#1004,.F.);
#1286=ORIENTED_EDGE('',*,*,#996,.F.);
#1287=ORIENTED_EDGE('',*,*,#1005,.F.);
#1288=ORIENTED_EDGE('',*,*,#1006,.F.);
#1289=ORIENTED_EDGE('',*,*,#1001,.T.);
#1290=ORIENTED_EDGE('',*,*,#993,.F.);
#1291=ORIENTED_EDGE('',*,*,#1007,.F.);
#1292=ORIENTED_EDGE('',*,*,#1008,.F.);
#1293=ORIENTED_EDGE('',*,*,#1009,.F.);
#1294=ORIENTED_EDGE('',*,*,#1010,.F.);
#1295=ORIENTED_EDGE('',*,*,#1005,.T.);
#1296=ORIENTED_EDGE('',*,*,#1011,.F.);
#1297=ORIENTED_EDGE('',*,*,#1012,.T.);
#1298=ORIENTED_EDGE('',*,*,#1013,.F.);
#1299=ORIENTED_EDGE('',*,*,#1012,.F.);
#1300=ORIENTED_EDGE('',*,*,#1014,.F.);
#1301=ORIENTED_EDGE('',*,*,#1015,.T.);
#1302=ORIENTED_EDGE('',*,*,#1016,.F.);
#1303=ORIENTED_EDGE('',*,*,#1017,.F.);
#1304=ORIENTED_EDGE('',*,*,#1013,.T.);
#1305=ORIENTED_EDGE('',*,*,#1018,.F.);
#1306=ORIENTED_EDGE('',*,*,#1017,.T.);
#1307=ORIENTED_EDGE('',*,*,#1019,.F.);
#1308=ORIENTED_EDGE('',*,*,#1020,.F.);
#1309=ORIENTED_EDGE('',*,*,#1021,.F.);
#1310=ORIENTED_EDGE('',*,*,#1020,.T.);
#1311=ORIENTED_EDGE('',*,*,#1022,.F.);
#1312=ORIENTED_EDGE('',*,*,#1023,.F.);
#1313=ORIENTED_EDGE('',*,*,#1011,.T.);
#1314=ORIENTED_EDGE('',*,*,#1024,.F.);
#1315=ORIENTED_EDGE('',*,*,#1023,.T.);
#1316=ORIENTED_EDGE('',*,*,#1025,.F.);
#1317=ORIENTED_EDGE('',*,*,#1015,.F.);
#1318=ORIENTED_EDGE('',*,*,#1025,.T.);
#1319=ORIENTED_EDGE('',*,*,#1022,.T.);
#1320=ORIENTED_EDGE('',*,*,#1019,.T.);
#1321=ORIENTED_EDGE('',*,*,#1016,.T.);
#1322=ORIENTED_EDGE('',*,*,#1026,.F.);
#1323=ORIENTED_EDGE('',*,*,#1027,.T.);
#1324=ORIENTED_EDGE('',*,*,#1028,.F.);
#1325=ORIENTED_EDGE('',*,*,#1027,.F.);
#1326=ORIENTED_EDGE('',*,*,#1026,.T.);
#1327=ORIENTED_EDGE('',*,*,#1029,.F.);
#1328=ORIENTED_EDGE('',*,*,#1030,.T.);
#1329=ORIENTED_EDGE('',*,*,#1031,.F.);
#1330=ORIENTED_EDGE('',*,*,#1030,.F.);
#1331=ORIENTED_EDGE('',*,*,#1029,.T.);
#1332=ORIENTED_EDGE('',*,*,#1032,.F.);
#1333=ORIENTED_EDGE('',*,*,#1033,.T.);
#1334=ORIENTED_EDGE('',*,*,#1034,.F.);
#1335=ORIENTED_EDGE('',*,*,#1033,.F.);
#1336=ORIENTED_EDGE('',*,*,#1032,.T.);
#1337=ORIENTED_EDGE('',*,*,#1035,.F.);
#1338=ORIENTED_EDGE('',*,*,#1036,.T.);
#1339=ORIENTED_EDGE('',*,*,#1037,.F.);
#1340=ORIENTED_EDGE('',*,*,#1036,.F.);
#1341=ORIENTED_EDGE('',*,*,#1035,.T.);
#1342=ORIENTED_EDGE('',*,*,#1038,.F.);
#1343=ORIENTED_EDGE('',*,*,#1039,.T.);
#1344=ORIENTED_EDGE('',*,*,#1040,.F.);
#1345=ORIENTED_EDGE('',*,*,#1041,.F.);
#1346=ORIENTED_EDGE('',*,*,#1042,.F.);
#1347=ORIENTED_EDGE('',*,*,#1041,.T.);
#1348=ORIENTED_EDGE('',*,*,#1043,.F.);
#1349=ORIENTED_EDGE('',*,*,#1044,.F.);
#1350=ORIENTED_EDGE('',*,*,#1045,.F.);
#1351=ORIENTED_EDGE('',*,*,#1044,.T.);
#1352=ORIENTED_EDGE('',*,*,#1046,.F.);
#1353=ORIENTED_EDGE('',*,*,#1047,.F.);
#1354=ORIENTED_EDGE('',*,*,#1048,.F.);
#1355=ORIENTED_EDGE('',*,*,#1047,.T.);
#1356=ORIENTED_EDGE('',*,*,#1049,.F.);
#1357=ORIENTED_EDGE('',*,*,#1039,.F.);
#1358=ORIENTED_EDGE('',*,*,#1049,.T.);
#1359=ORIENTED_EDGE('',*,*,#1046,.T.);
#1360=ORIENTED_EDGE('',*,*,#1043,.T.);
#1361=ORIENTED_EDGE('',*,*,#1040,.T.);
#1362=ORIENTED_EDGE('',*,*,#1037,.T.);
#1363=ORIENTED_EDGE('',*,*,#1050,.F.);
#1364=ORIENTED_EDGE('',*,*,#1051,.T.);
#1365=ORIENTED_EDGE('',*,*,#1052,.F.);
#1366=ORIENTED_EDGE('',*,*,#1053,.F.);
#1367=ORIENTED_EDGE('',*,*,#1054,.F.);
#1368=ORIENTED_EDGE('',*,*,#1053,.T.);
#1369=ORIENTED_EDGE('',*,*,#1055,.F.);
#1370=ORIENTED_EDGE('',*,*,#1056,.F.);
#1371=ORIENTED_EDGE('',*,*,#1057,.F.);
#1372=ORIENTED_EDGE('',*,*,#1056,.T.);
#1373=ORIENTED_EDGE('',*,*,#1058,.F.);
#1374=ORIENTED_EDGE('',*,*,#1059,.F.);
#1375=ORIENTED_EDGE('',*,*,#1060,.F.);
#1376=ORIENTED_EDGE('',*,*,#1059,.T.);
#1377=ORIENTED_EDGE('',*,*,#1061,.F.);
#1378=ORIENTED_EDGE('',*,*,#1051,.F.);
#1379=ORIENTED_EDGE('',*,*,#1061,.T.);
#1380=ORIENTED_EDGE('',*,*,#1058,.T.);
#1381=ORIENTED_EDGE('',*,*,#1055,.T.);
#1382=ORIENTED_EDGE('',*,*,#1052,.T.);
#1383=ORIENTED_EDGE('',*,*,#1034,.T.);
#1384=ORIENTED_EDGE('',*,*,#1062,.F.);
#1385=ORIENTED_EDGE('',*,*,#1063,.T.);
#1386=ORIENTED_EDGE('',*,*,#1064,.F.);
#1387=ORIENTED_EDGE('',*,*,#1065,.F.);
#1388=ORIENTED_EDGE('',*,*,#1066,.F.);
#1389=ORIENTED_EDGE('',*,*,#1065,.T.);
#1390=ORIENTED_EDGE('',*,*,#1067,.F.);
#1391=ORIENTED_EDGE('',*,*,#1068,.F.);
#1392=ORIENTED_EDGE('',*,*,#1069,.F.);
#1393=ORIENTED_EDGE('',*,*,#1068,.T.);
#1394=ORIENTED_EDGE('',*,*,#1070,.F.);
#1395=ORIENTED_EDGE('',*,*,#1071,.F.);
#1396=ORIENTED_EDGE('',*,*,#1072,.F.);
#1397=ORIENTED_EDGE('',*,*,#1071,.T.);
#1398=ORIENTED_EDGE('',*,*,#1073,.F.);
#1399=ORIENTED_EDGE('',*,*,#1063,.F.);
#1400=ORIENTED_EDGE('',*,*,#1073,.T.);
#1401=ORIENTED_EDGE('',*,*,#1070,.T.);
#1402=ORIENTED_EDGE('',*,*,#1067,.T.);
#1403=ORIENTED_EDGE('',*,*,#1064,.T.);
#1404=ORIENTED_EDGE('',*,*,#1031,.T.);
#1405=ORIENTED_EDGE('',*,*,#1074,.F.);
#1406=ORIENTED_EDGE('',*,*,#1075,.T.);
#1407=ORIENTED_EDGE('',*,*,#1076,.F.);
#1408=ORIENTED_EDGE('',*,*,#1077,.F.);
#1409=ORIENTED_EDGE('',*,*,#1078,.F.);
#1410=ORIENTED_EDGE('',*,*,#1077,.T.);
#1411=ORIENTED_EDGE('',*,*,#1079,.F.);
#1412=ORIENTED_EDGE('',*,*,#1080,.F.);
#1413=ORIENTED_EDGE('',*,*,#1081,.F.);
#1414=ORIENTED_EDGE('',*,*,#1080,.T.);
#1415=ORIENTED_EDGE('',*,*,#1082,.F.);
#1416=ORIENTED_EDGE('',*,*,#1083,.F.);
#1417=ORIENTED_EDGE('',*,*,#1084,.F.);
#1418=ORIENTED_EDGE('',*,*,#1083,.T.);
#1419=ORIENTED_EDGE('',*,*,#1085,.F.);
#1420=ORIENTED_EDGE('',*,*,#1075,.F.);
#1421=ORIENTED_EDGE('',*,*,#1085,.T.);
#1422=ORIENTED_EDGE('',*,*,#1082,.T.);
#1423=ORIENTED_EDGE('',*,*,#1079,.T.);
#1424=ORIENTED_EDGE('',*,*,#1076,.T.);
#1425=ORIENTED_EDGE('',*,*,#1028,.T.);
#1426=ORIENTED_EDGE('',*,*,#1086,.F.);
#1427=ORIENTED_EDGE('',*,*,#1087,.F.);
#1428=ORIENTED_EDGE('',*,*,#1088,.T.);
#1429=ORIENTED_EDGE('',*,*,#1089,.T.);
#1430=ORIENTED_EDGE('',*,*,#1090,.F.);
#1431=ORIENTED_EDGE('',*,*,#1089,.F.);
#1432=ORIENTED_EDGE('',*,*,#1091,.T.);
#1433=ORIENTED_EDGE('',*,*,#1092,.T.);
#1434=ORIENTED_EDGE('',*,*,#1093,.T.);
#1435=ORIENTED_EDGE('',*,*,#1094,.F.);
#1436=ORIENTED_EDGE('',*,*,#1095,.F.);
#1437=ORIENTED_EDGE('',*,*,#1096,.F.);
#1438=ORIENTED_EDGE('',*,*,#1097,.T.);
#1439=ORIENTED_EDGE('',*,*,#1098,.F.);
#1440=ORIENTED_EDGE('',*,*,#1099,.T.);
#1441=ORIENTED_EDGE('',*,*,#1087,.T.);
#1442=ORIENTED_EDGE('',*,*,#1100,.T.);
#1443=ORIENTED_EDGE('',*,*,#1098,.T.);
#1444=ORIENTED_EDGE('',*,*,#1101,.T.);
#1445=ORIENTED_EDGE('',*,*,#1092,.F.);
#1446=ORIENTED_EDGE('',*,*,#1102,.F.);
#1447=ORIENTED_EDGE('',*,*,#1093,.F.);
#1448=ORIENTED_EDGE('',*,*,#1101,.F.);
#1449=ORIENTED_EDGE('',*,*,#1097,.F.);
#1450=ORIENTED_EDGE('',*,*,#1100,.F.);
#1451=ORIENTED_EDGE('',*,*,#1091,.F.);
#1452=ORIENTED_EDGE('',*,*,#1088,.F.);
#1453=ORIENTED_EDGE('',*,*,#1099,.F.);
#1454=ORIENTED_EDGE('',*,*,#998,.F.);
#1455=ORIENTED_EDGE('',*,*,#1103,.T.);
#1456=ORIENTED_EDGE('',*,*,#1104,.T.);
#1457=ORIENTED_EDGE('',*,*,#1105,.F.);
#1458=ORIENTED_EDGE('',*,*,#1106,.T.);
#1459=ORIENTED_EDGE('',*,*,#1095,.T.);
#1460=ORIENTED_EDGE('',*,*,#1086,.T.);
#1461=ORIENTED_EDGE('',*,*,#1090,.T.);
#1462=ORIENTED_EDGE('',*,*,#1107,.T.);
#1463=ORIENTED_EDGE('',*,*,#1108,.T.);
#1464=ORIENTED_EDGE('',*,*,#991,.F.);
#1465=ORIENTED_EDGE('',*,*,#995,.F.);
#1466=ORIENTED_EDGE('',*,*,#1109,.F.);
#1467=ORIENTED_EDGE('',*,*,#1002,.T.);
#1468=ORIENTED_EDGE('',*,*,#1006,.T.);
#1469=ORIENTED_EDGE('',*,*,#1010,.T.);
#1470=ORIENTED_EDGE('',*,*,#1007,.T.);
#1471=ORIENTED_EDGE('',*,*,#992,.F.);
#1472=ORIENTED_EDGE('',*,*,#1108,.F.);
#1473=ORIENTED_EDGE('',*,*,#1110,.T.);
#1474=ORIENTED_EDGE('',*,*,#1111,.F.);
#1475=ORIENTED_EDGE('',*,*,#1000,.T.);
#1476=ORIENTED_EDGE('',*,*,#1112,.F.);
#1477=ORIENTED_EDGE('',*,*,#1113,.F.);
#1478=ORIENTED_EDGE('',*,*,#1103,.F.);
#1479=ORIENTED_EDGE('',*,*,#997,.F.);
#1480=ORIENTED_EDGE('',*,*,#1004,.T.);
#1481=ORIENTED_EDGE('',*,*,#1114,.T.);
#1482=ORIENTED_EDGE('',*,*,#1115,.T.);
#1483=ORIENTED_EDGE('',*,*,#1116,.T.);
#1484=ORIENTED_EDGE('',*,*,#1117,.T.);
#1485=ORIENTED_EDGE('',*,*,#1118,.T.);
#1486=ORIENTED_EDGE('',*,*,#1119,.T.);
#1487=ORIENTED_EDGE('',*,*,#1120,.T.);
#1488=ORIENTED_EDGE('',*,*,#1121,.T.);
#1489=ORIENTED_EDGE('',*,*,#1122,.T.);
#1490=ORIENTED_EDGE('',*,*,#1123,.T.);
#1491=ORIENTED_EDGE('',*,*,#1124,.T.);
#1492=ORIENTED_EDGE('',*,*,#1125,.T.);
#1493=ORIENTED_EDGE('',*,*,#1126,.T.);
#1494=ORIENTED_EDGE('',*,*,#1127,.T.);
#1495=ORIENTED_EDGE('',*,*,#1128,.T.);
#1496=ORIENTED_EDGE('',*,*,#1129,.T.);
#1497=ORIENTED_EDGE('',*,*,#1130,.T.);
#1498=ORIENTED_EDGE('',*,*,#1008,.T.);
#1499=ORIENTED_EDGE('',*,*,#1111,.T.);
#1500=ORIENTED_EDGE('',*,*,#1131,.T.);
#1501=ORIENTED_EDGE('',*,*,#1132,.T.);
#1502=ORIENTED_EDGE('',*,*,#1133,.T.);
#1503=ORIENTED_EDGE('',*,*,#1112,.T.);
#1504=ORIENTED_EDGE('',*,*,#1014,.T.);
#1505=ORIENTED_EDGE('',*,*,#1018,.T.);
#1506=ORIENTED_EDGE('',*,*,#1021,.T.);
#1507=ORIENTED_EDGE('',*,*,#1024,.T.);
#1508=ORIENTED_EDGE('',*,*,#1038,.T.);
#1509=ORIENTED_EDGE('',*,*,#1042,.T.);
#1510=ORIENTED_EDGE('',*,*,#1045,.T.);
#1511=ORIENTED_EDGE('',*,*,#1048,.T.);
#1512=ORIENTED_EDGE('',*,*,#1050,.T.);
#1513=ORIENTED_EDGE('',*,*,#1054,.T.);
#1514=ORIENTED_EDGE('',*,*,#1057,.T.);
#1515=ORIENTED_EDGE('',*,*,#1060,.T.);
#1516=ORIENTED_EDGE('',*,*,#1062,.T.);
#1517=ORIENTED_EDGE('',*,*,#1066,.T.);
#1518=ORIENTED_EDGE('',*,*,#1069,.T.);
#1519=ORIENTED_EDGE('',*,*,#1072,.T.);
#1520=ORIENTED_EDGE('',*,*,#1074,.T.);
#1521=ORIENTED_EDGE('',*,*,#1078,.T.);
#1522=ORIENTED_EDGE('',*,*,#1081,.T.);
#1523=ORIENTED_EDGE('',*,*,#1084,.T.);
#1524=ORIENTED_EDGE('',*,*,#1003,.T.);
#1525=ORIENTED_EDGE('',*,*,#1134,.F.);
#1526=ORIENTED_EDGE('',*,*,#1135,.F.);
#1527=ORIENTED_EDGE('',*,*,#1009,.T.);
#1528=ORIENTED_EDGE('',*,*,#1130,.F.);
#1529=ORIENTED_EDGE('',*,*,#1136,.T.);
#1530=ORIENTED_EDGE('',*,*,#963,.T.);
#1531=ORIENTED_EDGE('',*,*,#1137,.T.);
#1532=ORIENTED_EDGE('',*,*,#1138,.T.);
#1533=ORIENTED_EDGE('',*,*,#1139,.T.);
#1534=ORIENTED_EDGE('',*,*,#1126,.F.);
#1535=ORIENTED_EDGE('',*,*,#1140,.T.);
#1536=ORIENTED_EDGE('',*,*,#974,.T.);
#1537=ORIENTED_EDGE('',*,*,#1141,.T.);
#1538=ORIENTED_EDGE('',*,*,#1142,.T.);
#1539=ORIENTED_EDGE('',*,*,#1143,.T.);
#1540=ORIENTED_EDGE('',*,*,#1122,.F.);
#1541=ORIENTED_EDGE('',*,*,#1144,.T.);
#1542=ORIENTED_EDGE('',*,*,#985,.T.);
#1543=ORIENTED_EDGE('',*,*,#1145,.T.);
#1544=ORIENTED_EDGE('',*,*,#1146,.T.);
#1545=ORIENTED_EDGE('',*,*,#1147,.T.);
#1546=ORIENTED_EDGE('',*,*,#1118,.F.);
#1547=ORIENTED_EDGE('',*,*,#1148,.T.);
#1548=ORIENTED_EDGE('',*,*,#952,.T.);
#1549=ORIENTED_EDGE('',*,*,#1149,.T.);
#1550=ORIENTED_EDGE('',*,*,#1150,.T.);
#1551=ORIENTED_EDGE('',*,*,#1151,.T.);
#1552=ORIENTED_EDGE('',*,*,#1114,.F.);
#1553=ORIENTED_EDGE('',*,*,#1133,.F.);
#1554=ORIENTED_EDGE('',*,*,#1152,.F.);
#1555=ORIENTED_EDGE('',*,*,#1104,.F.);
#1556=ORIENTED_EDGE('',*,*,#1113,.T.);
#1557=ORIENTED_EDGE('',*,*,#1096,.T.);
#1558=ORIENTED_EDGE('',*,*,#1106,.F.);
#1559=ORIENTED_EDGE('',*,*,#1153,.T.);
#1560=ORIENTED_EDGE('',*,*,#1131,.F.);
#1561=ORIENTED_EDGE('',*,*,#1110,.F.);
#1562=ORIENTED_EDGE('',*,*,#1107,.F.);
#1563=ORIENTED_EDGE('',*,*,#1094,.T.);
#1564=ORIENTED_EDGE('',*,*,#1102,.T.);
#1565=ORIENTED_EDGE('',*,*,#1132,.F.);
#1566=ORIENTED_EDGE('',*,*,#1153,.F.);
#1567=ORIENTED_EDGE('',*,*,#1105,.T.);
#1568=ORIENTED_EDGE('',*,*,#1152,.T.);
#1569=ORIENTED_EDGE('',*,*,#1154,.F.);
#1570=ORIENTED_EDGE('',*,*,#1155,.T.);
#1571=ORIENTED_EDGE('',*,*,#1156,.T.);
#1572=ORIENTED_EDGE('',*,*,#1116,.F.);
#1573=ORIENTED_EDGE('',*,*,#1157,.F.);
#1574=ORIENTED_EDGE('',*,*,#1158,.T.);
#1575=ORIENTED_EDGE('',*,*,#1155,.F.);
#1576=ORIENTED_EDGE('',*,*,#1159,.F.);
#1577=ORIENTED_EDGE('',*,*,#1115,.F.);
#1578=ORIENTED_EDGE('',*,*,#1151,.F.);
#1579=ORIENTED_EDGE('',*,*,#1160,.F.);
#1580=ORIENTED_EDGE('',*,*,#1159,.T.);
#1581=ORIENTED_EDGE('',*,*,#1154,.T.);
#1582=ORIENTED_EDGE('',*,*,#1148,.F.);
#1583=ORIENTED_EDGE('',*,*,#1117,.F.);
#1584=ORIENTED_EDGE('',*,*,#1156,.F.);
#1585=ORIENTED_EDGE('',*,*,#1158,.F.);
#1586=ORIENTED_EDGE('',*,*,#1161,.F.);
#1587=ORIENTED_EDGE('',*,*,#1162,.F.);
#1588=ORIENTED_EDGE('',*,*,#953,.F.);
#1589=ORIENTED_EDGE('',*,*,#946,.T.);
#1590=ORIENTED_EDGE('',*,*,#1163,.T.);
#1591=ORIENTED_EDGE('',*,*,#1161,.T.);
#1592=ORIENTED_EDGE('',*,*,#1157,.T.);
#1593=ORIENTED_EDGE('',*,*,#1160,.T.);
#1594=ORIENTED_EDGE('',*,*,#1150,.F.);
#1595=ORIENTED_EDGE('',*,*,#1164,.F.);
#1596=ORIENTED_EDGE('',*,*,#955,.T.);
#1597=ORIENTED_EDGE('',*,*,#949,.T.);
#1598=ORIENTED_EDGE('',*,*,#954,.T.);
#1599=ORIENTED_EDGE('',*,*,#1162,.T.);
#1600=ORIENTED_EDGE('',*,*,#1163,.F.);
#1601=ORIENTED_EDGE('',*,*,#1149,.F.);
#1602=ORIENTED_EDGE('',*,*,#951,.T.);
#1603=ORIENTED_EDGE('',*,*,#956,.T.);
#1604=ORIENTED_EDGE('',*,*,#1164,.T.);
#1605=ORIENTED_EDGE('',*,*,#1165,.F.);
#1606=ORIENTED_EDGE('',*,*,#1166,.T.);
#1607=ORIENTED_EDGE('',*,*,#1167,.T.);
#1608=ORIENTED_EDGE('',*,*,#1128,.F.);
#1609=ORIENTED_EDGE('',*,*,#1168,.F.);
#1610=ORIENTED_EDGE('',*,*,#1169,.T.);
#1611=ORIENTED_EDGE('',*,*,#1166,.F.);
#1612=ORIENTED_EDGE('',*,*,#1170,.F.);
#1613=ORIENTED_EDGE('',*,*,#1127,.F.);
#1614=ORIENTED_EDGE('',*,*,#1139,.F.);
#1615=ORIENTED_EDGE('',*,*,#1171,.F.);
#1616=ORIENTED_EDGE('',*,*,#1170,.T.);
#1617=ORIENTED_EDGE('',*,*,#1165,.T.);
#1618=ORIENTED_EDGE('',*,*,#1136,.F.);
#1619=ORIENTED_EDGE('',*,*,#1129,.F.);
#1620=ORIENTED_EDGE('',*,*,#1167,.F.);
#1621=ORIENTED_EDGE('',*,*,#1169,.F.);
#1622=ORIENTED_EDGE('',*,*,#1172,.F.);
#1623=ORIENTED_EDGE('',*,*,#1173,.F.);
#1624=ORIENTED_EDGE('',*,*,#964,.F.);
#1625=ORIENTED_EDGE('',*,*,#957,.T.);
#1626=ORIENTED_EDGE('',*,*,#1174,.T.);
#1627=ORIENTED_EDGE('',*,*,#1172,.T.);
#1628=ORIENTED_EDGE('',*,*,#1168,.T.);
#1629=ORIENTED_EDGE('',*,*,#1171,.T.);
#1630=ORIENTED_EDGE('',*,*,#1138,.F.);
#1631=ORIENTED_EDGE('',*,*,#1175,.F.);
#1632=ORIENTED_EDGE('',*,*,#966,.T.);
#1633=ORIENTED_EDGE('',*,*,#960,.T.);
#1634=ORIENTED_EDGE('',*,*,#965,.T.);
#1635=ORIENTED_EDGE('',*,*,#1173,.T.);
#1636=ORIENTED_EDGE('',*,*,#1174,.F.);
#1637=ORIENTED_EDGE('',*,*,#1137,.F.);
#1638=ORIENTED_EDGE('',*,*,#962,.T.);
#1639=ORIENTED_EDGE('',*,*,#967,.T.);
#1640=ORIENTED_EDGE('',*,*,#1175,.T.);
#1641=ORIENTED_EDGE('',*,*,#1176,.F.);
#1642=ORIENTED_EDGE('',*,*,#1177,.T.);
#1643=ORIENTED_EDGE('',*,*,#1178,.T.);
#1644=ORIENTED_EDGE('',*,*,#1124,.F.);
#1645=ORIENTED_EDGE('',*,*,#1179,.F.);
#1646=ORIENTED_EDGE('',*,*,#1180,.T.);
#1647=ORIENTED_EDGE('',*,*,#1177,.F.);
#1648=ORIENTED_EDGE('',*,*,#1181,.F.);
#1649=ORIENTED_EDGE('',*,*,#1123,.F.);
#1650=ORIENTED_EDGE('',*,*,#1143,.F.);
#1651=ORIENTED_EDGE('',*,*,#1182,.F.);
#1652=ORIENTED_EDGE('',*,*,#1181,.T.);
#1653=ORIENTED_EDGE('',*,*,#1176,.T.);
#1654=ORIENTED_EDGE('',*,*,#1140,.F.);
#1655=ORIENTED_EDGE('',*,*,#1125,.F.);
#1656=ORIENTED_EDGE('',*,*,#1178,.F.);
#1657=ORIENTED_EDGE('',*,*,#1180,.F.);
#1658=ORIENTED_EDGE('',*,*,#1183,.F.);
#1659=ORIENTED_EDGE('',*,*,#1184,.F.);
#1660=ORIENTED_EDGE('',*,*,#975,.F.);
#1661=ORIENTED_EDGE('',*,*,#968,.T.);
#1662=ORIENTED_EDGE('',*,*,#1185,.T.);
#1663=ORIENTED_EDGE('',*,*,#1183,.T.);
#1664=ORIENTED_EDGE('',*,*,#1179,.T.);
#1665=ORIENTED_EDGE('',*,*,#1182,.T.);
#1666=ORIENTED_EDGE('',*,*,#1142,.F.);
#1667=ORIENTED_EDGE('',*,*,#1186,.F.);
#1668=ORIENTED_EDGE('',*,*,#977,.T.);
#1669=ORIENTED_EDGE('',*,*,#971,.T.);
#1670=ORIENTED_EDGE('',*,*,#976,.T.);
#1671=ORIENTED_EDGE('',*,*,#1184,.T.);
#1672=ORIENTED_EDGE('',*,*,#1185,.F.);
#1673=ORIENTED_EDGE('',*,*,#1141,.F.);
#1674=ORIENTED_EDGE('',*,*,#973,.T.);
#1675=ORIENTED_EDGE('',*,*,#978,.T.);
#1676=ORIENTED_EDGE('',*,*,#1186,.T.);
#1677=ORIENTED_EDGE('',*,*,#1187,.F.);
#1678=ORIENTED_EDGE('',*,*,#1188,.T.);
#1679=ORIENTED_EDGE('',*,*,#1189,.T.);
#1680=ORIENTED_EDGE('',*,*,#1120,.F.);
#1681=ORIENTED_EDGE('',*,*,#1190,.F.);
#1682=ORIENTED_EDGE('',*,*,#1191,.T.);
#1683=ORIENTED_EDGE('',*,*,#1188,.F.);
#1684=ORIENTED_EDGE('',*,*,#1192,.F.);
#1685=ORIENTED_EDGE('',*,*,#1119,.F.);
#1686=ORIENTED_EDGE('',*,*,#1147,.F.);
#1687=ORIENTED_EDGE('',*,*,#1193,.F.);
#1688=ORIENTED_EDGE('',*,*,#1192,.T.);
#1689=ORIENTED_EDGE('',*,*,#1187,.T.);
#1690=ORIENTED_EDGE('',*,*,#1144,.F.);
#1691=ORIENTED_EDGE('',*,*,#1121,.F.);
#1692=ORIENTED_EDGE('',*,*,#1189,.F.);
#1693=ORIENTED_EDGE('',*,*,#1191,.F.);
#1694=ORIENTED_EDGE('',*,*,#1194,.F.);
#1695=ORIENTED_EDGE('',*,*,#1195,.F.);
#1696=ORIENTED_EDGE('',*,*,#986,.F.);
#1697=ORIENTED_EDGE('',*,*,#979,.T.);
#1698=ORIENTED_EDGE('',*,*,#1196,.T.);
#1699=ORIENTED_EDGE('',*,*,#1194,.T.);
#1700=ORIENTED_EDGE('',*,*,#1190,.T.);
#1701=ORIENTED_EDGE('',*,*,#1193,.T.);
#1702=ORIENTED_EDGE('',*,*,#1146,.F.);
#1703=ORIENTED_EDGE('',*,*,#1197,.F.);
#1704=ORIENTED_EDGE('',*,*,#988,.T.);
#1705=ORIENTED_EDGE('',*,*,#982,.T.);
#1706=ORIENTED_EDGE('',*,*,#987,.T.);
#1707=ORIENTED_EDGE('',*,*,#1195,.T.);
#1708=ORIENTED_EDGE('',*,*,#1196,.F.);
#1709=ORIENTED_EDGE('',*,*,#1145,.F.);
#1710=ORIENTED_EDGE('',*,*,#984,.T.);
#1711=ORIENTED_EDGE('',*,*,#989,.T.);
#1712=ORIENTED_EDGE('',*,*,#1197,.T.);
#1713=ORIENTED_EDGE('',*,*,#1198,.F.);
#1714=ORIENTED_EDGE('',*,*,#1199,.F.);
#1715=ORIENTED_EDGE('',*,*,#1200,.F.);
#1716=ORIENTED_EDGE('',*,*,#1201,.T.);
#1717=ORIENTED_EDGE('',*,*,#1202,.F.);
#1718=ORIENTED_EDGE('',*,*,#1203,.T.);
#1719=ORIENTED_EDGE('',*,*,#1204,.F.);
#1720=ORIENTED_EDGE('',*,*,#1205,.F.);
#1721=ORIENTED_EDGE('',*,*,#1206,.F.);
#1722=ORIENTED_EDGE('',*,*,#1207,.T.);
#1723=ORIENTED_EDGE('',*,*,#1203,.F.);
#1724=ORIENTED_EDGE('',*,*,#1201,.F.);
#1725=ORIENTED_EDGE('',*,*,#1208,.T.);
#1726=ORIENTED_EDGE('',*,*,#1205,.T.);
#1727=ORIENTED_EDGE('',*,*,#1209,.F.);
#1728=ORIENTED_EDGE('',*,*,#1202,.T.);
#1729=ORIENTED_EDGE('',*,*,#1209,.T.);
#1730=ORIENTED_EDGE('',*,*,#1204,.T.);
#1731=ORIENTED_EDGE('',*,*,#1207,.F.);
#1732=ORIENTED_EDGE('',*,*,#1198,.T.);
#1733=ORIENTED_EDGE('',*,*,#1208,.F.);
#1734=ORIENTED_EDGE('',*,*,#1200,.T.);
#1735=ORIENTED_EDGE('',*,*,#1210,.T.);
#1736=ORIENTED_EDGE('',*,*,#1199,.T.);
#1737=ORIENTED_EDGE('',*,*,#1210,.F.);
#1738=ORIENTED_EDGE('',*,*,#1135,.T.);
#1739=ORIENTED_EDGE('',*,*,#1211,.T.);
#1740=ORIENTED_EDGE('',*,*,#1206,.T.);
#1741=ORIENTED_EDGE('',*,*,#1211,.F.);
#1742=ORIENTED_EDGE('',*,*,#1134,.T.);
#1743=ORIENTED_EDGE('',*,*,#1109,.T.);
#1744=CYLINDRICAL_SURFACE('',#1889,4.55);
#1745=CYLINDRICAL_SURFACE('',#1894,64.32);
#1746=CYLINDRICAL_SURFACE('',#1896,4.55);
#1747=CYLINDRICAL_SURFACE('',#1901,64.32);
#1748=CYLINDRICAL_SURFACE('',#1903,4.55);
#1749=CYLINDRICAL_SURFACE('',#1908,64.32);
#1750=CYLINDRICAL_SURFACE('',#1910,4.55);
#1751=CYLINDRICAL_SURFACE('',#1915,64.32);
#1752=CYLINDRICAL_SURFACE('',#1917,2.);
#1753=CYLINDRICAL_SURFACE('',#1923,2.);
#1754=CYLINDRICAL_SURFACE('',#1925,2.5);
#1755=CYLINDRICAL_SURFACE('',#1928,4.5);
#1756=CYLINDRICAL_SURFACE('',#1936,1.05);
#1757=CYLINDRICAL_SURFACE('',#1940,1.05);
#1758=CYLINDRICAL_SURFACE('',#1944,1.05);
#1759=CYLINDRICAL_SURFACE('',#1948,1.05);
#1760=CYLINDRICAL_SURFACE('',#1984,64.3400000000007);
#1761=CYLINDRICAL_SURFACE('',#1986,64.3400000000007);
#1762=CYLINDRICAL_SURFACE('',#1999,67.325);
#1763=CYLINDRICAL_SURFACE('',#2008,39.2100000000002);
#1764=CYLINDRICAL_SURFACE('',#2011,64.33);
#1765=CYLINDRICAL_SURFACE('',#2017,64.32);
#1766=CYLINDRICAL_SURFACE('',#2021,64.33);
#1767=CYLINDRICAL_SURFACE('',#2027,64.32);
#1768=CYLINDRICAL_SURFACE('',#2031,64.33);
#1769=CYLINDRICAL_SURFACE('',#2037,64.32);
#1770=CYLINDRICAL_SURFACE('',#2041,64.33);
#1771=CYLINDRICAL_SURFACE('',#2047,64.32);
#1772=ADVANCED_FACE('',(#173),#1744,.T.);
#1773=ADVANCED_FACE('',(#174),#160,.T.);
#1774=ADVANCED_FACE('',(#175),#1745,.T.);
#1775=ADVANCED_FACE('',(#176),#1746,.T.);
#1776=ADVANCED_FACE('',(#177),#161,.T.);
#1777=ADVANCED_FACE('',(#178),#1747,.T.);
#1778=ADVANCED_FACE('',(#179),#1748,.T.);
#1779=ADVANCED_FACE('',(#180),#162,.T.);
#1780=ADVANCED_FACE('',(#181),#1749,.T.);
#1781=ADVANCED_FACE('',(#182),#1750,.T.);
#1782=ADVANCED_FACE('',(#183),#163,.T.);
#1783=ADVANCED_FACE('',(#184),#1751,.T.);
#1784=ADVANCED_FACE('',(#185),#1752,.T.);
#1785=ADVANCED_FACE('',(#186),#89,.T.);
#1786=ADVANCED_FACE('',(#187),#1753,.T.);
#1787=ADVANCED_FACE('',(#188),#30,.F.);
#1788=ADVANCED_FACE('',(#189),#1754,.F.);
#1789=ADVANCED_FACE('',(#190),#31,.F.);
#1790=ADVANCED_FACE('',(#191),#1755,.F.);
#1791=ADVANCED_FACE('',(#192,#17),#32,.T.);
#1792=ADVANCED_FACE('',(#193),#33,.T.);
#1793=ADVANCED_FACE('',(#194,#18),#34,.T.);
#1794=ADVANCED_FACE('',(#195),#35,.T.);
#1795=ADVANCED_FACE('',(#196),#36,.T.);
#1796=ADVANCED_FACE('',(#197),#1756,.F.);
#1797=ADVANCED_FACE('',(#198),#37,.T.);
#1798=ADVANCED_FACE('',(#199),#1757,.F.);
#1799=ADVANCED_FACE('',(#200),#38,.T.);
#1800=ADVANCED_FACE('',(#201),#1758,.F.);
#1801=ADVANCED_FACE('',(#202),#39,.T.);
#1802=ADVANCED_FACE('',(#203),#1759,.F.);
#1803=ADVANCED_FACE('',(#204),#40,.T.);
#1804=ADVANCED_FACE('',(#205),#41,.T.);
#1805=ADVANCED_FACE('',(#206),#42,.T.);
#1806=ADVANCED_FACE('',(#207),#43,.T.);
#1807=ADVANCED_FACE('',(#208),#44,.T.);
#1808=ADVANCED_FACE('',(#209,#19),#45,.T.);
#1809=ADVANCED_FACE('',(#210),#46,.T.);
#1810=ADVANCED_FACE('',(#211),#47,.T.);
#1811=ADVANCED_FACE('',(#212),#48,.T.);
#1812=ADVANCED_FACE('',(#213),#49,.T.);
#1813=ADVANCED_FACE('',(#214,#20),#50,.T.);
#1814=ADVANCED_FACE('',(#215),#51,.T.);
#1815=ADVANCED_FACE('',(#216),#52,.T.);
#1816=ADVANCED_FACE('',(#217),#53,.T.);
#1817=ADVANCED_FACE('',(#218),#54,.T.);
#1818=ADVANCED_FACE('',(#219,#21),#55,.T.);
#1819=ADVANCED_FACE('',(#220),#56,.T.);
#1820=ADVANCED_FACE('',(#221),#57,.T.);
#1821=ADVANCED_FACE('',(#222),#58,.T.);
#1822=ADVANCED_FACE('',(#223),#59,.T.);
#1823=ADVANCED_FACE('',(#224,#22),#60,.T.);
#1824=ADVANCED_FACE('',(#225),#61,.F.);
#1825=ADVANCED_FACE('',(#226),#62,.F.);
#1826=ADVANCED_FACE('',(#227),#63,.F.);
#1827=ADVANCED_FACE('',(#228),#64,.F.);
#1828=ADVANCED_FACE('',(#229),#65,.F.);
#1829=ADVANCED_FACE('',(#230),#66,.T.);
#1830=ADVANCED_FACE('',(#231),#67,.T.);
#1831=ADVANCED_FACE('',(#232),#68,.T.);
#1832=ADVANCED_FACE('',(#233),#1760,.F.);
#1833=ADVANCED_FACE('',(#234),#1761,.F.);
#1834=ADVANCED_FACE('',(#235,#23,#24,#25,#26,#27),#69,.T.);
#1835=ADVANCED_FACE('',(#236),#1762,.T.);
#1836=ADVANCED_FACE('',(#237),#70,.F.);
#1837=ADVANCED_FACE('',(#238),#71,.F.);
#1838=ADVANCED_FACE('',(#239),#1763,.T.);
#1839=ADVANCED_FACE('',(#240),#164,.T.);
#1840=ADVANCED_FACE('',(#241),#1764,.T.);
#1841=ADVANCED_FACE('',(#242),#72,.T.);
#1842=ADVANCED_FACE('',(#243),#73,.F.);
#1843=ADVANCED_FACE('',(#244),#165,.T.);
#1844=ADVANCED_FACE('',(#245),#1765,.T.);
#1845=ADVANCED_FACE('',(#246),#74,.T.);
#1846=ADVANCED_FACE('',(#247),#166,.T.);
#1847=ADVANCED_FACE('',(#248),#1766,.T.);
#1848=ADVANCED_FACE('',(#249),#75,.T.);
#1849=ADVANCED_FACE('',(#250),#76,.F.);
#1850=ADVANCED_FACE('',(#251),#167,.T.);
#1851=ADVANCED_FACE('',(#252),#1767,.T.);
#1852=ADVANCED_FACE('',(#253),#77,.T.);
#1853=ADVANCED_FACE('',(#254),#168,.T.);
#1854=ADVANCED_FACE('',(#255),#1768,.T.);
#1855=ADVANCED_FACE('',(#256),#78,.T.);
#1856=ADVANCED_FACE('',(#257),#79,.F.);
#1857=ADVANCED_FACE('',(#258),#169,.T.);
#1858=ADVANCED_FACE('',(#259),#1769,.T.);
#1859=ADVANCED_FACE('',(#260),#80,.T.);
#1860=ADVANCED_FACE('',(#261),#170,.T.);
#1861=ADVANCED_FACE('',(#262),#1770,.T.);
#1862=ADVANCED_FACE('',(#263),#81,.T.);
#1863=ADVANCED_FACE('',(#264),#82,.F.);
#1864=ADVANCED_FACE('',(#265),#171,.T.);
#1865=ADVANCED_FACE('',(#266),#1771,.T.);
#1866=ADVANCED_FACE('',(#267),#83,.T.);
#1867=ADVANCED_FACE('',(#268),#84,.T.);
#1868=ADVANCED_FACE('',(#269),#85,.T.);
#1869=ADVANCED_FACE('',(#270,#28,#29),#86,.F.);
#1870=ADVANCED_FACE('',(#271),#87,.F.);
#1871=ADVANCED_FACE('',(#272),#15,.T.);
#1872=ADVANCED_FACE('',(#273),#16,.T.);
#1873=ADVANCED_FACE('',(#274),#88,.F.);
#1874=ADVANCED_FACE('',(#275),#172,.T.);
#1875=CLOSED_SHELL('',(#1772,#1773,#1774,#1775,#1776,#1777,#1778,#1779,
#1780,#1781,#1782,#1783,#1784,#1785,#1786,#1787,#1788,#1789,#1790,#1791,
#1792,#1793,#1794,#1795,#1796,#1797,#1798,#1799,#1800,#1801,#1802,#1803,
#1804,#1805,#1806,#1807,#1808,#1809,#1810,#1811,#1812,#1813,#1814,#1815,
#1816,#1817,#1818,#1819,#1820,#1821,#1822,#1823,#1824,#1825,#1826,#1827,
#1828,#1829,#1830,#1831,#1832,#1833,#1834,#1835,#1836,#1837,#1838,#1839,
#1840,#1841,#1842,#1843,#1844,#1845,#1846,#1847,#1848,#1849,#1850,#1851,
#1852,#1853,#1854,#1855,#1856,#1857,#1858,#1859,#1860,#1861,#1862,#1863,
#1864,#1865,#1866,#1867,#1868,#1869,#1870,#1871,#1872,#1873,#1874));
#1876=DERIVED_UNIT_ELEMENT(#1878,1.);
#1877=DERIVED_UNIT_ELEMENT(#3347,-3.);
#1878=(
MASS_UNIT()
NAMED_UNIT(*)
SI_UNIT(.KILO.,.GRAM.)
);
#1879=DERIVED_UNIT((#1876,#1877));
#1880=MEASURE_REPRESENTATION_ITEM('density measure',
POSITIVE_RATIO_MEASURE(7850.),#1879);
#1881=PROPERTY_DEFINITION_REPRESENTATION(#1886,#1883);
#1882=PROPERTY_DEFINITION_REPRESENTATION(#1887,#1884);
#1883=REPRESENTATION('material name',(#1885),#3344);
#1884=REPRESENTATION('density',(#1880),#3344);
#1885=DESCRIPTIVE_REPRESENTATION_ITEM('Acciaio','Acciaio');
#1886=PROPERTY_DEFINITION('material property','material name',#3354);
#1887=PROPERTY_DEFINITION('material property','density of part',#3354);
#1888=AXIS2_PLACEMENT_3D('',#2586,#2060,#2061);
#1889=AXIS2_PLACEMENT_3D('',#2587,#2062,#2063);
#1890=AXIS2_PLACEMENT_3D('',#2622,#2066,#2067);
#1891=AXIS2_PLACEMENT_3D('',#2624,#2068,#2069);
#1892=AXIS2_PLACEMENT_3D('',#2628,#2071,#2072);
#1893=AXIS2_PLACEMENT_3D('',#2631,#2074,#2075);
#1894=AXIS2_PLACEMENT_3D('',#2632,#2076,#2077);
#1895=AXIS2_PLACEMENT_3D('',#2634,#2078,#2079);
#1896=AXIS2_PLACEMENT_3D('',#2636,#2081,#2082);
#1897=AXIS2_PLACEMENT_3D('',#2671,#2085,#2086);
#1898=AXIS2_PLACEMENT_3D('',#2673,#2087,#2088);
#1899=AXIS2_PLACEMENT_3D('',#2677,#2090,#2091);
#1900=AXIS2_PLACEMENT_3D('',#2680,#2093,#2094);
#1901=AXIS2_PLACEMENT_3D('',#2681,#2095,#2096);
#1902=AXIS2_PLACEMENT_3D('',#2683,#2097,#2098);
#1903=AXIS2_PLACEMENT_3D('',#2685,#2100,#2101);
#1904=AXIS2_PLACEMENT_3D('',#2720,#2104,#2105);
#1905=AXIS2_PLACEMENT_3D('',#2722,#2106,#2107);
#1906=AXIS2_PLACEMENT_3D('',#2726,#2109,#2110);
#1907=AXIS2_PLACEMENT_3D('',#2729,#2112,#2113);
#1908=AXIS2_PLACEMENT_3D('',#2730,#2114,#2115);
#1909=AXIS2_PLACEMENT_3D('',#2732,#2116,#2117);
#1910=AXIS2_PLACEMENT_3D('',#2734,#2119,#2120);
#1911=AXIS2_PLACEMENT_3D('',#2769,#2123,#2124);
#1912=AXIS2_PLACEMENT_3D('',#2771,#2125,#2126);
#1913=AXIS2_PLACEMENT_3D('',#2775,#2128,#2129);
#1914=AXIS2_PLACEMENT_3D('',#2778,#2131,#2132);
#1915=AXIS2_PLACEMENT_3D('',#2779,#2133,#2134);
#1916=AXIS2_PLACEMENT_3D('',#2781,#2135,#2136);
#1917=AXIS2_PLACEMENT_3D('',#2783,#2138,#2139);
#1918=AXIS2_PLACEMENT_3D('',#2786,#2140,#2141);
#1919=AXIS2_PLACEMENT_3D('',#2801,#2144,#2145);
#1920=AXIS2_PLACEMENT_3D('',#2804,#2146,#2147);
#1921=AXIS2_PLACEMENT_3D('',#2805,#2148,#2149);
#1922=AXIS2_PLACEMENT_3D('',#2806,#2150,#2151);
#1923=AXIS2_PLACEMENT_3D('',#2807,#2152,#2153);
#1924=AXIS2_PLACEMENT_3D('',#2822,#2156,#2157);
#1925=AXIS2_PLACEMENT_3D('',#2832,#2163,#2164);
#1926=AXIS2_PLACEMENT_3D('',#2835,#2166,#2167);
#1927=AXIS2_PLACEMENT_3D('',#2836,#2168,#2169);
#1928=AXIS2_PLACEMENT_3D('',#2844,#2174,#2175);
#1929=AXIS2_PLACEMENT_3D('',#2846,#2176,#2177);
#1930=AXIS2_PLACEMENT_3D('',#2849,#2179,#2180);
#1931=AXIS2_PLACEMENT_3D('',#2850,#2181,#2182);
#1932=AXIS2_PLACEMENT_3D('',#2859,#2187,#2188);
#1933=AXIS2_PLACEMENT_3D('',#2865,#2192,#2193);
#1934=AXIS2_PLACEMENT_3D('',#2871,#2197,#2198);
#1935=AXIS2_PLACEMENT_3D('',#2874,#2201,#2202);
#1936=AXIS2_PLACEMENT_3D('',#2875,#2203,#2204);
#1937=AXIS2_PLACEMENT_3D('',#2877,#2205,#2206);
#1938=AXIS2_PLACEMENT_3D('',#2880,#2208,#2209);
#1939=AXIS2_PLACEMENT_3D('',#2881,#2210,#2211);
#1940=AXIS2_PLACEMENT_3D('',#2882,#2212,#2213);
#1941=AXIS2_PLACEMENT_3D('',#2884,#2214,#2215);
#1942=AXIS2_PLACEMENT_3D('',#2887,#2217,#2218);
#1943=AXIS2_PLACEMENT_3D('',#2888,#2219,#2220);
#1944=AXIS2_PLACEMENT_3D('',#2889,#2221,#2222);
#1945=AXIS2_PLACEMENT_3D('',#2891,#2223,#2224);
#1946=AXIS2_PLACEMENT_3D('',#2894,#2226,#2227);
#1947=AXIS2_PLACEMENT_3D('',#2895,#2228,#2229);
#1948=AXIS2_PLACEMENT_3D('',#2896,#2230,#2231);
#1949=AXIS2_PLACEMENT_3D('',#2898,#2232,#2233);
#1950=AXIS2_PLACEMENT_3D('',#2901,#2235,#2236);
#1951=AXIS2_PLACEMENT_3D('',#2902,#2237,#2238);
#1952=AXIS2_PLACEMENT_3D('',#2903,#2239,#2240);
#1953=AXIS2_PLACEMENT_3D('',#2912,#2245,#2246);
#1954=AXIS2_PLACEMENT_3D('',#2918,#2250,#2251);
#1955=AXIS2_PLACEMENT_3D('',#2924,#2255,#2256);
#1956=AXIS2_PLACEMENT_3D('',#2927,#2259,#2260);
#1957=AXIS2_PLACEMENT_3D('',#2928,#2261,#2262);
#1958=AXIS2_PLACEMENT_3D('',#2937,#2267,#2268);
#1959=AXIS2_PLACEMENT_3D('',#2943,#2272,#2273);
#1960=AXIS2_PLACEMENT_3D('',#2949,#2277,#2278);
#1961=AXIS2_PLACEMENT_3D('',#2952,#2281,#2282);
#1962=AXIS2_PLACEMENT_3D('',#2953,#2283,#2284);
#1963=AXIS2_PLACEMENT_3D('',#2962,#2289,#2290);
#1964=AXIS2_PLACEMENT_3D('',#2968,#2294,#2295);
#1965=AXIS2_PLACEMENT_3D('',#2974,#2299,#2300);
#1966=AXIS2_PLACEMENT_3D('',#2977,#2303,#2304);
#1967=AXIS2_PLACEMENT_3D('',#2978,#2305,#2306);
#1968=AXIS2_PLACEMENT_3D('',#2987,#2311,#2312);
#1969=AXIS2_PLACEMENT_3D('',#2993,#2316,#2317);
#1970=AXIS2_PLACEMENT_3D('',#2999,#2321,#2322);
#1971=AXIS2_PLACEMENT_3D('',#3002,#2325,#2326);
#1972=AXIS2_PLACEMENT_3D('',#3003,#2327,#2328);
#1973=AXIS2_PLACEMENT_3D('',#3012,#2333,#2334);
#1974=AXIS2_PLACEMENT_3D('',#3022,#2340,#2341);
#1975=AXIS2_PLACEMENT_3D('',#3032,#2347,#2348);
#1976=AXIS2_PLACEMENT_3D('',#3035,#2351,#2352);
#1977=AXIS2_PLACEMENT_3D('',#3037,#2354,#2355);
#1978=AXIS2_PLACEMENT_3D('',#3038,#2356,#2357);
#1979=AXIS2_PLACEMENT_3D('',#3040,#2358,#2359);
#1980=AXIS2_PLACEMENT_3D('',#3044,#2361,#2362);
#1981=AXIS2_PLACEMENT_3D('',#3048,#2365,#2366);
#1982=AXIS2_PLACEMENT_3D('',#3049,#2367,#2368);
#1983=AXIS2_PLACEMENT_3D('',#3050,#2369,#2370);
#1984=AXIS2_PLACEMENT_3D('',#3051,#2371,#2372);
#1985=AXIS2_PLACEMENT_3D('',#3054,#2374,#2375);
#1986=AXIS2_PLACEMENT_3D('',#3055,#2376,#2377);
#1987=AXIS2_PLACEMENT_3D('',#3057,#2378,#2379);
#1988=AXIS2_PLACEMENT_3D('',#3059,#2381,#2382);
#1989=AXIS2_PLACEMENT_3D('',#3061,#2383,#2384);
#1990=AXIS2_PLACEMENT_3D('',#3065,#2386,#2387);
#1991=AXIS2_PLACEMENT_3D('',#3069,#2389,#2390);
#1992=AXIS2_PLACEMENT_3D('',#3073,#2392,#2393);
#1993=AXIS2_PLACEMENT_3D('',#3077,#2395,#2396);
#1994=AXIS2_PLACEMENT_3D('',#3081,#2398,#2399);
#1995=AXIS2_PLACEMENT_3D('',#3085,#2401,#2402);
#1996=AXIS2_PLACEMENT_3D('',#3089,#2404,#2405);
#1997=AXIS2_PLACEMENT_3D('',#3092,#2407,#2408);
#1998=AXIS2_PLACEMENT_3D('',#3096,#2410,#2411);
#1999=AXIS2_PLACEMENT_3D('',#3098,#2413,#2414);
#2000=AXIS2_PLACEMENT_3D('',#3100,#2415,#2416);
#2001=AXIS2_PLACEMENT_3D('',#3101,#2417,#2418);
#2002=AXIS2_PLACEMENT_3D('',#3106,#2421,#2422);
#2003=AXIS2_PLACEMENT_3D('',#3112,#2426,#2427);
#2004=AXIS2_PLACEMENT_3D('',#3118,#2431,#2432);
#2005=AXIS2_PLACEMENT_3D('',#3124,#2436,#2437);
#2006=AXIS2_PLACEMENT_3D('',#3126,#2439,#2440);
#2007=AXIS2_PLACEMENT_3D('',#3128,#2442,#2443);
#2008=AXIS2_PLACEMENT_3D('',#3130,#2445,#2446);
#2009=AXIS2_PLACEMENT_3D('',#3131,#2447,#2448);
#2010=AXIS2_PLACEMENT_3D('',#3135,#2450,#2451);
#2011=AXIS2_PLACEMENT_3D('',#3137,#2453,#2454);
#2012=AXIS2_PLACEMENT_3D('',#3140,#2455,#2456);
#2013=AXIS2_PLACEMENT_3D('',#3143,#2459,#2460);
#2014=AXIS2_PLACEMENT_3D('',#3145,#2462,#2463);
#2015=AXIS2_PLACEMENT_3D('',#3149,#2466,#2467);
#2016=AXIS2_PLACEMENT_3D('',#3150,#2468,#2469);
#2017=AXIS2_PLACEMENT_3D('',#3152,#2471,#2472);
#2018=AXIS2_PLACEMENT_3D('',#3153,#2473,#2474);
#2019=AXIS2_PLACEMENT_3D('',#3154,#2475,#2476);
#2020=AXIS2_PLACEMENT_3D('',#3158,#2478,#2479);
#2021=AXIS2_PLACEMENT_3D('',#3160,#2481,#2482);
#2022=AXIS2_PLACEMENT_3D('',#3163,#2483,#2484);
#2023=AXIS2_PLACEMENT_3D('',#3166,#2487,#2488);
#2024=AXIS2_PLACEMENT_3D('',#3168,#2490,#2491);
#2025=AXIS2_PLACEMENT_3D('',#3172,#2494,#2495);
#2026=AXIS2_PLACEMENT_3D('',#3173,#2496,#2497);
#2027=AXIS2_PLACEMENT_3D('',#3175,#2499,#2500);
#2028=AXIS2_PLACEMENT_3D('',#3176,#2501,#2502);
#2029=AXIS2_PLACEMENT_3D('',#3177,#2503,#2504);
#2030=AXIS2_PLACEMENT_3D('',#3181,#2506,#2507);
#2031=AXIS2_PLACEMENT_3D('',#3183,#2509,#2510);
#2032=AXIS2_PLACEMENT_3D('',#3186,#2511,#2512);
#2033=AXIS2_PLACEMENT_3D('',#3189,#2515,#2516);
#2034=AXIS2_PLACEMENT_3D('',#3191,#2518,#2519);
#2035=AXIS2_PLACEMENT_3D('',#3195,#2522,#2523);
#2036=AXIS2_PLACEMENT_3D('',#3196,#2524,#2525);
#2037=AXIS2_PLACEMENT_3D('',#3198,#2527,#2528);
#2038=AXIS2_PLACEMENT_3D('',#3199,#2529,#2530);
#2039=AXIS2_PLACEMENT_3D('',#3200,#2531,#2532);
#2040=AXIS2_PLACEMENT_3D('',#3204,#2534,#2535);
#2041=AXIS2_PLACEMENT_3D('',#3206,#2537,#2538);
#2042=AXIS2_PLACEMENT_3D('',#3209,#2539,#2540);
#2043=AXIS2_PLACEMENT_3D('',#3212,#2543,#2544);
#2044=AXIS2_PLACEMENT_3D('',#3214,#2546,#2547);
#2045=AXIS2_PLACEMENT_3D('',#3218,#2550,#2551);
#2046=AXIS2_PLACEMENT_3D('',#3219,#2552,#2553);
#2047=AXIS2_PLACEMENT_3D('',#3221,#2555,#2556);
#2048=AXIS2_PLACEMENT_3D('',#3222,#2557,#2558);
#2049=AXIS2_PLACEMENT_3D('',#3223,#2559,#2560);
#2050=AXIS2_PLACEMENT_3D('',#3262,#2563,#2564);
#2051=AXIS2_PLACEMENT_3D('',#3301,#2567,#2568);
#2052=AXIS2_PLACEMENT_3D('',#3303,#2569,#2570);
#2053=AXIS2_PLACEMENT_3D('',#3304,#2571,#2572);
#2054=AXIS2_PLACEMENT_3D('',#3305,#2573,#2574);
#2055=AXIS2_PLACEMENT_3D('',#3306,#2575,#2576);
#2056=AXIS2_PLACEMENT_3D('',#3307,#2577,#2578);
#2057=AXIS2_PLACEMENT_3D('',#3338,#2579,#2580);
#2058=AXIS2_PLACEMENT_3D('',#3339,#2581,#2582);
#2059=AXIS2_PLACEMENT_3D('',#3340,#2583,#2584);
#2060=DIRECTION('axis',(0.,0.,1.));
#2061=DIRECTION('refdir',(1.,0.,0.));
#2062=DIRECTION('center_axis',(0.,0.,1.));
#2063=DIRECTION('ref_axis',(-1.83697019872103E-16,-1.,0.));
#2064=DIRECTION('',(0.,0.,1.));
#2065=DIRECTION('',(0.,0.,-1.));
#2066=DIRECTION('center_axis',(0.,0.,-1.));
#2067=DIRECTION('ref_axis',(0.156434465040231,-0.987688340595138,0.));
#2068=DIRECTION('center_axis',(0.,0.,1.));
#2069=DIRECTION('ref_axis',(0.156434465040231,-0.987688340595138,0.));
#2070=DIRECTION('',(-0.110615871041237,0.69840112333371,0.707106781186548));
#2071=DIRECTION('center_axis',(0.,0.,-1.));
#2072=DIRECTION('ref_axis',(1.,0.,0.));
#2073=DIRECTION('',(-0.694115238012894,0.134922334542148,0.707106781186548));
#2074=DIRECTION('center_axis',(0.,0.,1.));
#2075=DIRECTION('ref_axis',(0.156434465040231,-0.987688340595138,0.));
#2076=DIRECTION('center_axis',(0.,0.,1.));
#2077=DIRECTION('ref_axis',(0.156434465040231,-0.987688340595138,0.));
#2078=DIRECTION('center_axis',(0.,0.,1.));
#2079=DIRECTION('ref_axis',(0.156434465040231,-0.987688340595138,0.));
#2080=DIRECTION('',(0.,0.,1.));
#2081=DIRECTION('center_axis',(0.,0.,1.));
#2082=DIRECTION('ref_axis',(-1.,1.22464679914735E-16,0.));
#2083=DIRECTION('',(0.,0.,1.));
#2084=DIRECTION('',(0.,0.,-1.));
#2085=DIRECTION('center_axis',(0.,0.,-1.));
#2086=DIRECTION('ref_axis',(-0.987688340595138,-0.156434465040231,0.));
#2087=DIRECTION('center_axis',(0.,0.,1.));
#2088=DIRECTION('ref_axis',(-0.987688340595138,-0.156434465040231,0.));
#2089=DIRECTION('',(0.69840112333371,0.110615871041237,0.707106781186548));
#2090=DIRECTION('center_axis',(0.,0.,-1.));
#2091=DIRECTION('ref_axis',(1.,0.,0.));
#2092=DIRECTION('',(0.134922334542148,0.694115238012894,0.707106781186548));
#2093=DIRECTION('center_axis',(0.,0.,1.));
#2094=DIRECTION('ref_axis',(-0.987688340595138,-0.156434465040231,0.));
#2095=DIRECTION('center_axis',(0.,0.,1.));
#2096=DIRECTION('ref_axis',(-0.987688340595138,-0.156434465040231,0.));
#2097=DIRECTION('center_axis',(0.,0.,1.));
#2098=DIRECTION('ref_axis',(-0.987688340595138,-0.156434465040231,0.));
#2099=DIRECTION('',(0.,0.,1.));
#2100=DIRECTION('center_axis',(0.,0.,1.));
#2101=DIRECTION('ref_axis',(6.12323399573677E-17,1.,0.));
#2102=DIRECTION('',(0.,0.,1.));
#2103=DIRECTION('',(0.,0.,-1.));
#2104=DIRECTION('center_axis',(0.,0.,-1.));
#2105=DIRECTION('ref_axis',(-0.156434465040231,0.987688340595138,0.));
#2106=DIRECTION('center_axis',(0.,0.,1.));
#2107=DIRECTION('ref_axis',(-0.156434465040231,0.987688340595138,0.));
#2108=DIRECTION('',(0.110615871041237,-0.69840112333371,0.707106781186548));
#2109=DIRECTION('center_axis',(0.,0.,-1.));
#2110=DIRECTION('ref_axis',(1.,0.,0.));
#2111=DIRECTION('',(0.694115238012894,-0.134922334542147,0.707106781186548));
#2112=DIRECTION('center_axis',(0.,0.,1.));
#2113=DIRECTION('ref_axis',(-0.156434465040231,0.987688340595138,0.));
#2114=DIRECTION('center_axis',(0.,0.,1.));
#2115=DIRECTION('ref_axis',(-0.156434465040231,0.987688340595138,0.));
#2116=DIRECTION('center_axis',(0.,0.,1.));
#2117=DIRECTION('ref_axis',(-0.156434465040231,0.987688340595138,0.));
#2118=DIRECTION('',(0.,0.,1.));
#2119=DIRECTION('center_axis',(0.,0.,1.));
#2120=DIRECTION('ref_axis',(1.,0.,0.));
#2121=DIRECTION('',(0.,0.,1.));
#2122=DIRECTION('',(0.,0.,-1.));
#2123=DIRECTION('center_axis',(0.,0.,-1.));
#2124=DIRECTION('ref_axis',(0.987688340595138,0.156434465040231,0.));
#2125=DIRECTION('center_axis',(0.,0.,1.));
#2126=DIRECTION('ref_axis',(0.987688340595138,0.156434465040231,0.));
#2127=DIRECTION('',(-0.69840112333371,-0.110615871041237,0.707106781186548));
#2128=DIRECTION('center_axis',(0.,0.,-1.));
#2129=DIRECTION('ref_axis',(1.,0.,0.));
#2130=DIRECTION('',(-0.134922334542147,-0.694115238012894,0.707106781186548));
#2131=DIRECTION('center_axis',(0.,0.,1.));
#2132=DIRECTION('ref_axis',(0.987688340595138,0.156434465040231,0.));
#2133=DIRECTION('center_axis',(0.,0.,1.));
#2134=DIRECTION('ref_axis',(0.987688340595138,0.156434465040231,0.));
#2135=DIRECTION('center_axis',(0.,0.,1.));
#2136=DIRECTION('ref_axis',(0.987688340595138,0.156434465040231,0.));
#2137=DIRECTION('',(0.,0.,1.));
#2138=DIRECTION('center_axis',(0.00628314396555974,0.999980260856137,0.));
#2139=DIRECTION('ref_axis',(0.707092823504067,-0.00444285370521705,0.707106781186548));
#2140=DIRECTION('center_axis',(-0.00628314396556195,-0.999980260856137,
0.));
#2141=DIRECTION('ref_axis',(0.999980260856137,-0.00628314396556195,0.));
#2142=DIRECTION('',(-0.00628314396555975,-0.999980260856137,0.));
#2143=DIRECTION('',(0.00628314396555975,0.999980260856137,0.));
#2144=DIRECTION('center_axis',(0.,0.,-1.));
#2145=DIRECTION('ref_axis',(0.00628314396555697,0.999980260856137,0.));
#2146=DIRECTION('center_axis',(0.00628314396555751,0.999980260856137,0.));
#2147=DIRECTION('ref_axis',(-0.999980260856137,0.00628314396555751,0.));
#2148=DIRECTION('center_axis',(0.,0.,1.));
#2149=DIRECTION('ref_axis',(0.00628314396555757,0.999980260856137,0.));
#2150=DIRECTION('center_axis',(0.,0.,-1.));
#2151=DIRECTION('ref_axis',(0.00628314396555757,0.999980260856137,0.));
#2152=DIRECTION('center_axis',(-0.00628314396555969,-0.999980260856137,
0.));
#2153=DIRECTION('ref_axis',(-0.707092823504067,0.00444285370521705,0.707106781186548));
#2154=DIRECTION('',(0.00628314396555969,0.999980260856137,0.));
#2155=DIRECTION('',(-0.00628314396555969,-0.999980260856137,0.));
#2156=DIRECTION('center_axis',(0.999980260856137,-0.00628314396555969,0.));
#2157=DIRECTION('ref_axis',(0.00628314396555969,0.999980260856137,0.));
#2158=DIRECTION('',(0.,0.,1.));
#2159=DIRECTION('',(0.,0.,1.));
#2160=DIRECTION('',(0.00628314396555969,0.999980260856137,0.));
#2161=DIRECTION('',(0.,0.,-1.));
#2162=DIRECTION('',(-0.00628314396555969,-0.999980260856137,0.));
#2163=DIRECTION('center_axis',(0.,0.,1.));
#2164=DIRECTION('ref_axis',(0.999980260856137,-0.00628314396555751,0.));
#2165=DIRECTION('',(0.,0.,1.));
#2166=DIRECTION('center_axis',(0.,0.,1.));
#2167=DIRECTION('ref_axis',(0.999980260856137,-0.00628314396555751,0.));
#2168=DIRECTION('center_axis',(-0.999980260856137,0.00628314396555974,0.));
#2169=DIRECTION('ref_axis',(-0.00628314396555975,-0.999980260856137,0.));
#2170=DIRECTION('',(0.,0.,-1.));
#2171=DIRECTION('',(0.00628314396555975,0.999980260856137,0.));
#2172=DIRECTION('',(0.,0.,1.));
#2173=DIRECTION('',(-0.00628314396555975,-0.999980260856137,0.));
#2174=DIRECTION('center_axis',(0.,1.,0.));
#2175=DIRECTION('ref_axis',(1.,0.,0.));
#2176=DIRECTION('center_axis',(0.,1.,0.));
#2177=DIRECTION('ref_axis',(1.,0.,0.));
#2178=DIRECTION('',(0.,1.,0.));
#2179=DIRECTION('center_axis',(0.,-1.,0.));
#2180=DIRECTION('ref_axis',(1.,0.,0.));
#2181=DIRECTION('center_axis',(0.,1.,0.));
#2182=DIRECTION('ref_axis',(-1.,0.,0.));
#2183=DIRECTION('',(1.,0.,0.));
#2184=DIRECTION('',(0.,0.,1.));
#2185=DIRECTION('',(-1.,0.,0.));
#2186=DIRECTION('',(0.,0.,1.));
#2187=DIRECTION('center_axis',(1.,0.,0.));
#2188=DIRECTION('ref_axis',(0.,1.,0.));
#2189=DIRECTION('',(0.,-1.,0.));
#2190=DIRECTION('',(0.,1.,0.));
#2191=DIRECTION('',(0.,0.,1.));
#2192=DIRECTION('center_axis',(0.,-1.,0.));
#2193=DIRECTION('ref_axis',(1.,0.,0.));
#2194=DIRECTION('',(-1.,0.,0.));
#2195=DIRECTION('',(1.,0.,0.));
#2196=DIRECTION('',(0.,0.,1.));
#2197=DIRECTION('center_axis',(-1.,0.,0.));
#2198=DIRECTION('ref_axis',(0.,-1.,0.));
#2199=DIRECTION('',(0.,1.,0.));
#2200=DIRECTION('',(0.,-1.,0.));
#2201=DIRECTION('center_axis',(0.,0.,1.));
#2202=DIRECTION('ref_axis',(1.,0.,0.));
#2203=DIRECTION('center_axis',(0.,0.,1.));
#2204=DIRECTION('ref_axis',(1.,0.,0.));
#2205=DIRECTION('center_axis',(0.,0.,1.));
#2206=DIRECTION('ref_axis',(1.,0.,0.));
#2207=DIRECTION('',(0.,0.,1.));
#2208=DIRECTION('center_axis',(0.,0.,-1.));
#2209=DIRECTION('ref_axis',(1.,0.,0.));
#2210=DIRECTION('center_axis',(0.,0.,1.));
#2211=DIRECTION('ref_axis',(1.,0.,0.));
#2212=DIRECTION('center_axis',(0.,0.,1.));
#2213=DIRECTION('ref_axis',(1.,0.,0.));
#2214=DIRECTION('center_axis',(0.,0.,1.));
#2215=DIRECTION('ref_axis',(1.,0.,0.));
#2216=DIRECTION('',(0.,0.,1.));
#2217=DIRECTION('center_axis',(0.,0.,-1.));
#2218=DIRECTION('ref_axis',(1.,0.,0.));
#2219=DIRECTION('center_axis',(0.,0.,1.));
#2220=DIRECTION('ref_axis',(1.,0.,0.));
#2221=DIRECTION('center_axis',(0.,0.,1.));
#2222=DIRECTION('ref_axis',(1.,0.,0.));
#2223=DIRECTION('center_axis',(0.,0.,1.));
#2224=DIRECTION('ref_axis',(1.,0.,0.));
#2225=DIRECTION('',(0.,0.,1.));
#2226=DIRECTION('center_axis',(0.,0.,-1.));
#2227=DIRECTION('ref_axis',(1.,0.,0.));
#2228=DIRECTION('center_axis',(0.,0.,1.));
#2229=DIRECTION('ref_axis',(1.,0.,0.));
#2230=DIRECTION('center_axis',(0.,0.,1.));
#2231=DIRECTION('ref_axis',(1.,0.,0.));
#2232=DIRECTION('center_axis',(0.,0.,1.));
#2233=DIRECTION('ref_axis',(1.,0.,0.));
#2234=DIRECTION('',(0.,0.,1.));
#2235=DIRECTION('center_axis',(0.,0.,-1.));
#2236=DIRECTION('ref_axis',(1.,0.,0.));
#2237=DIRECTION('center_axis',(0.,0.,1.));
#2238=DIRECTION('ref_axis',(1.,0.,0.));
#2239=DIRECTION('center_axis',(0.,1.,0.));
#2240=DIRECTION('ref_axis',(-1.,0.,0.));
#2241=DIRECTION('',(1.,0.,0.));
#2242=DIRECTION('',(0.,0.,1.));
#2243=DIRECTION('',(-1.,0.,0.));
#2244=DIRECTION('',(0.,0.,1.));
#2245=DIRECTION('center_axis',(1.,0.,0.));
#2246=DIRECTION('ref_axis',(0.,1.,0.));
#2247=DIRECTION('',(0.,-1.,0.));
#2248=DIRECTION('',(0.,1.,0.));
#2249=DIRECTION('',(0.,0.,1.));
#2250=DIRECTION('center_axis',(0.,-1.,0.));
#2251=DIRECTION('ref_axis',(1.,0.,0.));
#2252=DIRECTION('',(-1.,0.,0.));
#2253=DIRECTION('',(1.,0.,0.));
#2254=DIRECTION('',(0.,0.,1.));
#2255=DIRECTION('center_axis',(-1.,0.,0.));
#2256=DIRECTION('ref_axis',(0.,-1.,0.));
#2257=DIRECTION('',(0.,1.,0.));
#2258=DIRECTION('',(0.,-1.,0.));
#2259=DIRECTION('center_axis',(0.,0.,1.));
#2260=DIRECTION('ref_axis',(1.,0.,0.));
#2261=DIRECTION('center_axis',(0.,1.,0.));
#2262=DIRECTION('ref_axis',(-1.,0.,0.));
#2263=DIRECTION('',(1.,0.,0.));
#2264=DIRECTION('',(0.,0.,1.));
#2265=DIRECTION('',(-1.,0.,0.));
#2266=DIRECTION('',(0.,0.,1.));
#2267=DIRECTION('center_axis',(1.,0.,0.));
#2268=DIRECTION('ref_axis',(0.,1.,0.));
#2269=DIRECTION('',(0.,-1.,0.));
#2270=DIRECTION('',(0.,1.,0.));
#2271=DIRECTION('',(0.,0.,1.));
#2272=DIRECTION('center_axis',(0.,-1.,0.));
#2273=DIRECTION('ref_axis',(1.,0.,0.));
#2274=DIRECTION('',(-1.,0.,0.));
#2275=DIRECTION('',(1.,0.,0.));
#2276=DIRECTION('',(0.,0.,1.));
#2277=DIRECTION('center_axis',(-1.,0.,0.));
#2278=DIRECTION('ref_axis',(0.,-1.,0.));
#2279=DIRECTION('',(0.,1.,0.));
#2280=DIRECTION('',(0.,-1.,0.));
#2281=DIRECTION('center_axis',(0.,0.,1.));
#2282=DIRECTION('ref_axis',(1.,0.,0.));
#2283=DIRECTION('center_axis',(0.,1.,0.));
#2284=DIRECTION('ref_axis',(-1.,0.,0.));
#2285=DIRECTION('',(1.,0.,0.));
#2286=DIRECTION('',(0.,0.,1.));
#2287=DIRECTION('',(-1.,0.,0.));
#2288=DIRECTION('',(0.,0.,1.));
#2289=DIRECTION('center_axis',(1.,0.,0.));
#2290=DIRECTION('ref_axis',(0.,1.,0.));
#2291=DIRECTION('',(0.,-1.,0.));
#2292=DIRECTION('',(0.,1.,0.));
#2293=DIRECTION('',(0.,0.,1.));
#2294=DIRECTION('center_axis',(0.,-1.,0.));
#2295=DIRECTION('ref_axis',(1.,0.,0.));
#2296=DIRECTION('',(-1.,0.,0.));
#2297=DIRECTION('',(1.,0.,0.));
#2298=DIRECTION('',(0.,0.,1.));
#2299=DIRECTION('center_axis',(-1.,0.,0.));
#2300=DIRECTION('ref_axis',(0.,-1.,0.));
#2301=DIRECTION('',(0.,1.,0.));
#2302=DIRECTION('',(0.,-1.,0.));
#2303=DIRECTION('center_axis',(0.,0.,1.));
#2304=DIRECTION('ref_axis',(1.,0.,0.));
#2305=DIRECTION('center_axis',(0.,1.,0.));
#2306=DIRECTION('ref_axis',(-1.,0.,0.));
#2307=DIRECTION('',(1.,0.,0.));
#2308=DIRECTION('',(0.,0.,1.));
#2309=DIRECTION('',(-1.,0.,0.));
#2310=DIRECTION('',(0.,0.,1.));
#2311=DIRECTION('center_axis',(1.,0.,0.));
#2312=DIRECTION('ref_axis',(0.,1.,0.));
#2313=DIRECTION('',(0.,-1.,0.));
#2314=DIRECTION('',(0.,1.,0.));
#2315=DIRECTION('',(0.,0.,1.));
#2316=DIRECTION('center_axis',(0.,-1.,0.));
#2317=DIRECTION('ref_axis',(1.,0.,0.));
#2318=DIRECTION('',(-1.,0.,0.));
#2319=DIRECTION('',(1.,0.,0.));
#2320=DIRECTION('',(0.,0.,1.));
#2321=DIRECTION('center_axis',(-1.,0.,0.));
#2322=DIRECTION('ref_axis',(0.,-1.,0.));
#2323=DIRECTION('',(0.,1.,0.));
#2324=DIRECTION('',(0.,-1.,0.));
#2325=DIRECTION('center_axis',(0.,0.,1.));
#2326=DIRECTION('ref_axis',(1.,0.,0.));
#2327=DIRECTION('center_axis',(0.999887518980816,-0.0149983127847125,0.));
#2328=DIRECTION('ref_axis',(0.0149983127847125,0.999887518980816,0.));
#2329=DIRECTION('',(-0.0149983127847125,-0.999887518980816,0.));
#2330=DIRECTION('',(0.,0.,1.));
#2331=DIRECTION('',(-0.0149983127847125,-0.999887518980816,0.));
#2332=DIRECTION('',(0.,0.,1.));
#2333=DIRECTION('center_axis',(-0.0170808410764532,-0.999854111792376,0.));
#2334=DIRECTION('ref_axis',(0.999854111792376,-0.0170808410764532,0.));
#2335=DIRECTION('',(-0.999854111792376,0.0170808410764532,0.));
#2336=DIRECTION('',(-0.999854111792376,0.0170808410764532,0.));
#2337=DIRECTION('',(0.,0.,1.));
#2338=DIRECTION('',(0.999854111792376,-0.0170808410764532,0.));
#2339=DIRECTION('',(0.,0.,1.));
#2340=DIRECTION('center_axis',(0.0170879589816379,0.999853990169486,0.));
#2341=DIRECTION('ref_axis',(-0.999853990169486,0.0170879589816379,0.));
#2342=DIRECTION('',(0.999853990169486,-0.0170879589816379,0.));
#2343=DIRECTION('',(0.,0.,-1.));
#2344=DIRECTION('',(-0.999853990169486,0.0170879589816379,0.));
#2345=DIRECTION('',(0.,0.,1.));
#2346=DIRECTION('',(0.999853990169486,-0.0170879589816379,0.));
#2347=DIRECTION('center_axis',(-0.999800059980007,0.0199960011996001,0.));
#2348=DIRECTION('ref_axis',(-0.0199960011996001,-0.999800059980007,0.));
#2349=DIRECTION('',(0.0199960011996001,0.999800059980007,0.));
#2350=DIRECTION('',(-0.0199960011996001,-0.999800059980007,0.));
#2351=DIRECTION('center_axis',(0.,0.,1.));
#2352=DIRECTION('ref_axis',(1.,0.,0.));
#2353=DIRECTION('',(0.0062831439655597,0.999980260856137,0.));
#2354=DIRECTION('center_axis',(0.,0.,1.));
#2355=DIRECTION('ref_axis',(1.,0.,0.));
#2356=DIRECTION('center_axis',(0.,0.,1.));
#2357=DIRECTION('ref_axis',(1.,0.,0.));
#2358=DIRECTION('center_axis',(0.,0.,1.));
#2359=DIRECTION('ref_axis',(-0.140510186333392,-0.990079232958936,0.));
#2360=DIRECTION('',(0.0062831439655597,0.999980260856137,0.));
#2361=DIRECTION('center_axis',(0.,0.,1.));
#2362=DIRECTION('ref_axis',(-0.226476308470452,-0.974016674242077,0.));
#2363=DIRECTION('',(-0.0062831439655597,-0.999980260856137,0.));
#2364=DIRECTION('',(-0.0062831439655597,-0.999980260856137,0.));
#2365=DIRECTION('center_axis',(0.,0.,1.));
#2366=DIRECTION('ref_axis',(-0.140510186333392,-0.990079232958936,0.));
#2367=DIRECTION('center_axis',(0.,0.,1.));
#2368=DIRECTION('ref_axis',(1.,0.,0.));
#2369=DIRECTION('center_axis',(0.,0.,-1.));
#2370=DIRECTION('ref_axis',(1.,0.,0.));
#2371=DIRECTION('center_axis',(0.,0.,1.));
#2372=DIRECTION('ref_axis',(-0.140510186333392,-0.990079232958936,0.));
#2373=DIRECTION('',(0.,0.,1.));
#2374=DIRECTION('center_axis',(0.,0.,-1.));
#2375=DIRECTION('ref_axis',(-0.140510186333392,-0.990079232958936,0.));
#2376=DIRECTION('center_axis',(0.,0.,1.));
#2377=DIRECTION('ref_axis',(-0.140510186333392,-0.990079232958936,0.));
#2378=DIRECTION('center_axis',(0.,0.,-1.));
#2379=DIRECTION('ref_axis',(-0.140510186333392,-0.990079232958936,0.));
#2380=DIRECTION('',(0.,0.,1.));
#2381=DIRECTION('center_axis',(0.,0.,1.));
#2382=DIRECTION('ref_axis',(1.,0.,0.));
#2383=DIRECTION('center_axis',(0.,0.,1.));
#2384=DIRECTION('ref_axis',(1.,0.,0.));
#2385=DIRECTION('',(-0.744311546231152,0.667832555471049,0.));
#2386=DIRECTION('center_axis',(0.,0.,1.));
#2387=DIRECTION('ref_axis',(0.744311546231154,-0.667832555471047,0.));
#2388=DIRECTION('',(0.981627183447663,-0.190808995376547,0.));
#2389=DIRECTION('center_axis',(0.,0.,1.));
#2390=DIRECTION('ref_axis',(1.,0.,0.));
#2391=DIRECTION('',(-0.667832555471048,-0.744311546231152,0.));
#2392=DIRECTION('center_axis',(0.,0.,1.));
#2393=DIRECTION('ref_axis',(0.667832555471047,0.744311546231154,0.));
#2394=DIRECTION('',(0.190808995376547,0.981627183447664,0.));
#2395=DIRECTION('center_axis',(0.,0.,1.));
#2396=DIRECTION('ref_axis',(1.,0.,0.));
#2397=DIRECTION('',(0.744311546231152,-0.667832555471048,0.));
#2398=DIRECTION('center_axis',(0.,0.,1.));
#2399=DIRECTION('ref_axis',(-0.744311546231154,0.667832555471047,0.));
#2400=DIRECTION('',(-0.981627183447664,0.190808995376547,0.));
#2401=DIRECTION('center_axis',(0.,0.,1.));
#2402=DIRECTION('ref_axis',(1.,0.,0.));
#2403=DIRECTION('',(0.667832555471049,0.744311546231152,0.));
#2404=DIRECTION('center_axis',(0.,0.,1.));
#2405=DIRECTION('ref_axis',(-0.667832555471047,-0.744311546231154,0.));
#2406=DIRECTION('',(-0.190808995376547,-0.981627183447664,0.));
#2407=DIRECTION('center_axis',(0.,0.,1.));
#2408=DIRECTION('ref_axis',(1.,0.,0.));
#2409=DIRECTION('',(0.0062831439655597,0.999980260856137,0.));
#2410=DIRECTION('center_axis',(0.,0.,1.));
#2411=DIRECTION('ref_axis',(-0.226476308470452,-0.974016674242077,0.));
#2412=DIRECTION('',(-0.0062831439655597,-0.999980260856137,0.));
#2413=DIRECTION('center_axis',(0.,0.,1.));
#2414=DIRECTION('ref_axis',(0.00628314396555995,0.999980260856137,0.));
#2415=DIRECTION('center_axis',(0.,0.,-1.));
#2416=DIRECTION('ref_axis',(1.,0.,0.));
#2417=DIRECTION('center_axis',(0.,0.,-1.));
#2418=DIRECTION('ref_axis',(1.,0.,0.));
#2419=DIRECTION('',(0.,0.,-1.));
#2420=DIRECTION('',(0.,0.,1.));
#2421=DIRECTION('center_axis',(0.,0.,1.));
#2422=DIRECTION('ref_axis',(1.,0.,0.));
#2423=DIRECTION('',(0.,0.,1.));
#2424=DIRECTION('',(0.,0.,-1.));
#2425=DIRECTION('',(0.,0.,1.));
#2426=DIRECTION('center_axis',(0.,0.,1.));
#2427=DIRECTION('ref_axis',(1.,0.,0.));
#2428=DIRECTION('',(0.,0.,1.));
#2429=DIRECTION('',(0.,0.,-1.));
#2430=DIRECTION('',(0.,0.,1.));
#2431=DIRECTION('center_axis',(0.,0.,1.));
#2432=DIRECTION('ref_axis',(1.,0.,0.));
#2433=DIRECTION('',(0.,0.,1.));
#2434=DIRECTION('',(0.,0.,-1.));
#2435=DIRECTION('',(0.,0.,1.));
#2436=DIRECTION('center_axis',(0.,0.,1.));
#2437=DIRECTION('ref_axis',(1.,0.,0.));
#2438=DIRECTION('',(0.,0.,1.));
#2439=DIRECTION('center_axis',(0.999980260856137,-0.0062831439655597,0.));
#2440=DIRECTION('ref_axis',(0.0062831439655597,0.999980260856137,0.));
#2441=DIRECTION('',(0.,0.,1.));
#2442=DIRECTION('center_axis',(-0.999980260856137,0.0062831439655597,0.));
#2443=DIRECTION('ref_axis',(-0.0062831439655597,-0.999980260856137,0.));
#2444=DIRECTION('',(0.,0.,1.));
#2445=DIRECTION('center_axis',(0.,0.,1.));
#2446=DIRECTION('ref_axis',(-0.226476308470452,-0.974016674242077,0.));
#2447=DIRECTION('center_axis',(0.,0.,-1.));
#2448=DIRECTION('ref_axis',(0.744311546231154,-0.667832555471047,0.));
#2449=DIRECTION('',(-0.526307741655493,0.472228928670718,0.707106781186547));
#2450=DIRECTION('center_axis',(0.,0.,1.));
#2451=DIRECTION('ref_axis',(0.744311546231154,-0.667832555471047,0.));
#2452=DIRECTION('',(-0.694115238012894,0.134922334542147,0.707106781186547));
#2453=DIRECTION('center_axis',(0.,0.,1.));
#2454=DIRECTION('ref_axis',(0.744311546231154,-0.667832555471047,0.));
#2455=DIRECTION('center_axis',(0.,0.,-1.));
#2456=DIRECTION('ref_axis',(0.744311546231154,-0.667832555471047,0.));
#2457=DIRECTION('',(0.,0.,1.));
#2458=DIRECTION('',(0.,0.,1.));
#2459=DIRECTION('center_axis',(0.667832555471049,0.744311546231152,0.));
#2460=DIRECTION('ref_axis',(0.,0.,1.));
#2461=DIRECTION('',(0.526307741655493,-0.47222892867072,0.707106781186547));
#2462=DIRECTION('center_axis',(0.190808995376545,0.981627183447664,0.));
#2463=DIRECTION('ref_axis',(0.,0.,1.));
#2464=DIRECTION('',(0.694115238012894,-0.134922334542148,0.707106781186547));
#2465=DIRECTION('',(0.,0.,1.));
#2466=DIRECTION('center_axis',(0.,0.,1.));
#2467=DIRECTION('ref_axis',(0.156434465040231,-0.987688340595138,0.));
#2468=DIRECTION('center_axis',(0.,0.,1.));
#2469=DIRECTION('ref_axis',(0.156434465040231,-0.987688340595138,0.));
#2470=DIRECTION('',(0.110615871041237,-0.69840112333371,0.707106781186548));
#2471=DIRECTION('center_axis',(0.,0.,1.));
#2472=DIRECTION('ref_axis',(0.156434465040231,-0.987688340595138,0.));
#2473=DIRECTION('center_axis',(0.987688340595138,0.156434465040231,0.));
#2474=DIRECTION('ref_axis',(0.,0.,1.));
#2475=DIRECTION('center_axis',(0.,0.,-1.));
#2476=DIRECTION('ref_axis',(-0.667832555471047,-0.744311546231154,0.));
#2477=DIRECTION('',(0.472228928670718,0.526307741655493,0.707106781186547));
#2478=DIRECTION('center_axis',(0.,0.,1.));
#2479=DIRECTION('ref_axis',(-0.667832555471047,-0.744311546231154,0.));
#2480=DIRECTION('',(0.134922334542147,0.694115238012894,0.707106781186547));
#2481=DIRECTION('center_axis',(0.,0.,1.));
#2482=DIRECTION('ref_axis',(-0.667832555471047,-0.744311546231154,0.));
#2483=DIRECTION('center_axis',(0.,0.,-1.));
#2484=DIRECTION('ref_axis',(-0.667832555471047,-0.744311546231154,0.));
#2485=DIRECTION('',(0.,0.,1.));
#2486=DIRECTION('',(0.,0.,1.));
#2487=DIRECTION('center_axis',(0.744311546231152,-0.667832555471049,0.));
#2488=DIRECTION('ref_axis',(0.,0.,1.));
#2489=DIRECTION('',(-0.47222892867072,-0.526307741655493,0.707106781186547));
#2490=DIRECTION('center_axis',(0.981627183447664,-0.190808995376545,0.));
#2491=DIRECTION('ref_axis',(0.,0.,1.));
#2492=DIRECTION('',(-0.134922334542148,-0.694115238012894,0.707106781186547));
#2493=DIRECTION('',(0.,0.,1.));
#2494=DIRECTION('center_axis',(0.,0.,1.));
#2495=DIRECTION('ref_axis',(-0.987688340595138,-0.156434465040231,0.));
#2496=DIRECTION('center_axis',(0.,0.,1.));
#2497=DIRECTION('ref_axis',(-0.987688340595138,-0.156434465040231,0.));
#2498=DIRECTION('',(-0.69840112333371,-0.110615871041237,0.707106781186548));
#2499=DIRECTION('center_axis',(0.,0.,1.));
#2500=DIRECTION('ref_axis',(-0.987688340595138,-0.156434465040231,0.));
#2501=DIRECTION('center_axis',(0.156434465040231,-0.987688340595138,0.));
#2502=DIRECTION('ref_axis',(0.,0.,1.));
#2503=DIRECTION('center_axis',(0.,0.,-1.));
#2504=DIRECTION('ref_axis',(-0.744311546231154,0.667832555471047,0.));
#2505=DIRECTION('',(0.526307741655494,-0.472228928670718,0.707106781186547));
#2506=DIRECTION('center_axis',(0.,0.,1.));
#2507=DIRECTION('ref_axis',(-0.744311546231154,0.667832555471047,0.));
#2508=DIRECTION('',(0.694115238012894,-0.134922334542147,0.707106781186547));
#2509=DIRECTION('center_axis',(0.,0.,1.));
#2510=DIRECTION('ref_axis',(-0.744311546231154,0.667832555471047,0.));
#2511=DIRECTION('center_axis',(0.,0.,-1.));
#2512=DIRECTION('ref_axis',(-0.744311546231154,0.667832555471047,0.));
#2513=DIRECTION('',(0.,0.,1.));
#2514=DIRECTION('',(0.,0.,1.));
#2515=DIRECTION('center_axis',(-0.667832555471048,-0.744311546231152,0.));
#2516=DIRECTION('ref_axis',(0.,0.,1.));
#2517=DIRECTION('',(-0.526307741655493,0.47222892867072,0.707106781186547));
#2518=DIRECTION('center_axis',(-0.190808995376545,-0.981627183447664,0.));
#2519=DIRECTION('ref_axis',(0.,0.,1.));
#2520=DIRECTION('',(-0.694115238012894,0.134922334542148,0.707106781186547));
#2521=DIRECTION('',(0.,0.,1.));
#2522=DIRECTION('center_axis',(0.,0.,1.));
#2523=DIRECTION('ref_axis',(-0.156434465040231,0.987688340595138,0.));
#2524=DIRECTION('center_axis',(0.,0.,1.));
#2525=DIRECTION('ref_axis',(-0.156434465040231,0.987688340595138,0.));
#2526=DIRECTION('',(-0.110615871041237,0.69840112333371,0.707106781186548));
#2527=DIRECTION('center_axis',(0.,0.,1.));
#2528=DIRECTION('ref_axis',(-0.156434465040231,0.987688340595138,0.));
#2529=DIRECTION('center_axis',(-0.987688340595138,-0.156434465040231,0.));
#2530=DIRECTION('ref_axis',(0.,0.,1.));
#2531=DIRECTION('center_axis',(0.,0.,-1.));
#2532=DIRECTION('ref_axis',(0.667832555471047,0.744311546231154,0.));
#2533=DIRECTION('',(-0.472228928670718,-0.526307741655494,0.707106781186547));
#2534=DIRECTION('center_axis',(0.,0.,1.));
#2535=DIRECTION('ref_axis',(0.667832555471047,0.744311546231154,0.));
#2536=DIRECTION('',(-0.134922334542147,-0.694115238012894,0.707106781186547));
#2537=DIRECTION('center_axis',(0.,0.,1.));
#2538=DIRECTION('ref_axis',(0.667832555471047,0.744311546231154,0.));
#2539=DIRECTION('center_axis',(0.,0.,-1.));
#2540=DIRECTION('ref_axis',(0.667832555471047,0.744311546231154,0.));
#2541=DIRECTION('',(0.,0.,1.));
#2542=DIRECTION('',(0.,0.,1.));
#2543=DIRECTION('center_axis',(-0.744311546231152,0.667832555471048,0.));
#2544=DIRECTION('ref_axis',(0.,0.,1.));
#2545=DIRECTION('',(0.47222892867072,0.526307741655493,0.707106781186547));
#2546=DIRECTION('center_axis',(-0.981627183447664,0.190808995376545,0.));
#2547=DIRECTION('ref_axis',(0.,0.,1.));
#2548=DIRECTION('',(0.134922334542147,0.694115238012894,0.707106781186547));
#2549=DIRECTION('',(0.,0.,1.));
#2550=DIRECTION('center_axis',(0.,0.,1.));
#2551=DIRECTION('ref_axis',(0.987688340595138,0.156434465040231,0.));
#2552=DIRECTION('center_axis',(0.,0.,1.));
#2553=DIRECTION('ref_axis',(0.987688340595138,0.156434465040231,0.));
#2554=DIRECTION('',(0.69840112333371,0.110615871041237,0.707106781186547));
#2555=DIRECTION('center_axis',(0.,0.,1.));
#2556=DIRECTION('ref_axis',(0.987688340595138,0.156434465040231,0.));
#2557=DIRECTION('center_axis',(-0.156434465040231,0.987688340595138,0.));
#2558=DIRECTION('ref_axis',(0.,0.,1.));
#2559=DIRECTION('center_axis',(-0.156779223773236,0.987633674493262,0.));
#2560=DIRECTION('ref_axis',(-0.987633674493262,-0.156779223773236,0.));
#2561=DIRECTION('',(-0.987633674493262,-0.156779223773236,0.));
#2562=DIRECTION('',(-0.987633674493262,-0.156779223773236,0.));
#2563=DIRECTION('center_axis',(0.156779223773236,-0.987633674493262,0.));
#2564=DIRECTION('ref_axis',(0.987633674493262,0.156779223773236,0.));
#2565=DIRECTION('',(0.987633674493262,0.156779223773236,0.));
#2566=DIRECTION('',(0.987633674493262,0.156779223773236,0.));
#2567=DIRECTION('center_axis',(0.,0.,1.));
#2568=DIRECTION('ref_axis',(1.,0.,0.));
#2569=DIRECTION('center_axis',(0.,0.,1.));
#2570=DIRECTION('ref_axis',(1.,0.,0.));
#2571=DIRECTION('center_axis',(0.,0.,1.));
#2572=DIRECTION('ref_axis',(1.,0.,0.));
#2573=DIRECTION('center_axis',(0.,0.,1.));
#2574=DIRECTION('ref_axis',(1.,0.,0.));
#2575=DIRECTION('center_axis',(0.,0.,1.));
#2576=DIRECTION('ref_axis',(1.,0.,0.));
#2577=DIRECTION('center_axis',(0.,0.,1.));
#2578=DIRECTION('ref_axis',(1.,0.,0.));
#2579=DIRECTION('center_axis',(0.,0.,1.));
#2580=DIRECTION('ref_axis',(1.,0.,0.));
#2581=DIRECTION('center_axis',(0.,0.,1.));
#2582=DIRECTION('ref_axis',(1.,0.,0.));
#2583=DIRECTION('center_axis',(0.,0.,1.));
#2584=DIRECTION('ref_axis',(1.,0.,0.));
#2585=DIRECTION('',(0.707106781186548,8.65956056235493E-17,-0.707106781186547));
#2586=CARTESIAN_POINT('',(0.,0.,0.));
#2587=CARTESIAN_POINT('Origin',(14.805772582101,-58.511843538271,3.8));
#2588=CARTESIAN_POINT('',(13.5330092520885,-62.8802040437441,8.88));
#2589=CARTESIAN_POINT('',(18.0030550392929,-61.7491085705064,8.88));
#2590=CARTESIAN_POINT('Ctrl Pts',(13.5330092520886,-62.880204043744,8.87999999999991));
#2591=CARTESIAN_POINT('Ctrl Pts',(13.6775923132244,-62.9223296920562,8.95160312912606));
#2592=CARTESIAN_POINT('Ctrl Pts',(13.8263660214502,-62.9578641210797,9.01805498963126));
#2593=CARTESIAN_POINT('Ctrl Pts',(14.2909106460482,-63.0437927396651,9.20258824696141));
#2594=CARTESIAN_POINT('Ctrl Pts',(14.6174047654278,-63.0697805616422,9.30073144056971));
#2595=CARTESIAN_POINT('Ctrl Pts',(15.2736689021561,-63.0496123047655,9.43245285019689));
#2596=CARTESIAN_POINT('Ctrl Pts',(15.6034436435341,-63.0034070880881,9.46599999999999));
#2597=CARTESIAN_POINT('Ctrl Pts',(16.240398732165,-62.8422326724997,9.46599999999999));
#2598=CARTESIAN_POINT('Ctrl Pts',(16.5524609324227,-62.7260281748697,9.4324528501969));
#2599=CARTESIAN_POINT('Ctrl Pts',(17.1393352549446,-62.4316340422759,9.30073144056972));
#2600=CARTESIAN_POINT('Ctrl Pts',(17.414174903833,-62.2534853844658,9.20258824696142));
#2601=CARTESIAN_POINT('Ctrl Pts',(17.7819411886422,-61.9569497281065,9.01805498963127));
#2602=CARTESIAN_POINT('Ctrl Pts',(17.895908734064,-61.854931541023,8.95160312912605));
#2603=CARTESIAN_POINT('Ctrl Pts',(18.0030550392927,-61.7491085705064,8.87999999999991));
#2604=CARTESIAN_POINT('',(13.5330092520885,-62.8802040437441,6.72));
#2605=CARTESIAN_POINT('',(13.5330092520888,-62.880204043744,3.8));
#2606=CARTESIAN_POINT('',(18.0030550392929,-61.7491085705064,6.72));
#2607=CARTESIAN_POINT('Ctrl Pts',(18.0030550392927,-61.7491085705064,6.72000000000009));
#2608=CARTESIAN_POINT('Ctrl Pts',(17.895908734064,-61.854931541023,6.64839687087395));
#2609=CARTESIAN_POINT('Ctrl Pts',(17.7819411886422,-61.9569497281065,6.58194501036874));
#2610=CARTESIAN_POINT('Ctrl Pts',(17.414174903833,-62.2534853844658,6.39741175303859));
#2611=CARTESIAN_POINT('Ctrl Pts',(17.1393352549446,-62.4316340422759,6.29926855943027));
#2612=CARTESIAN_POINT('Ctrl Pts',(16.5524609324227,-62.7260281748697,6.16754714980309));
#2613=CARTESIAN_POINT('Ctrl Pts',(16.240398732165,-62.8422326724997,6.13400000000001));
#2614=CARTESIAN_POINT('Ctrl Pts',(15.6034436435341,-63.0034070880881,6.13400000000001));
#2615=CARTESIAN_POINT('Ctrl Pts',(15.2736689021561,-63.0496123047655,6.16754714980311));
#2616=CARTESIAN_POINT('Ctrl Pts',(14.6174047654278,-63.0697805616422,6.29926855943028));
#2617=CARTESIAN_POINT('Ctrl Pts',(14.2909106460482,-63.0437927396651,6.39741175303859));
#2618=CARTESIAN_POINT('Ctrl Pts',(13.8263660214502,-62.9578641210797,6.58194501036874));
#2619=CARTESIAN_POINT('Ctrl Pts',(13.6775923132244,-62.9223296920562,6.64839687087395));
#2620=CARTESIAN_POINT('Ctrl Pts',(13.5330092520886,-62.8802040437439,6.72000000000009));
#2621=CARTESIAN_POINT('',(18.0030550392926,-61.7491085705065,3.8));
#2622=CARTESIAN_POINT('Origin',(0.,0.,4.98));
#2623=CARTESIAN_POINT('',(10.0618647913876,-63.5281140670793,6.72));
#2624=CARTESIAN_POINT('Origin',(0.,0.,6.72));
#2625=CARTESIAN_POINT('',(10.5319503588335,-66.4961175305676,3.715));
#2626=CARTESIAN_POINT('',(10.6062567297276,-66.9652694923503,3.24));
#2627=CARTESIAN_POINT('',(66.088050125614,-12.8462156137259,3.71499999999999));
#2628=CARTESIAN_POINT('Origin',(0.,0.,3.71500000000001));
#2629=CARTESIAN_POINT('',(63.1382604393538,-12.2728345826194,6.72));
#2630=CARTESIAN_POINT('',(66.5543230377516,-12.9368498865298,3.24));
#2631=CARTESIAN_POINT('Origin',(0.,0.,6.72));
#2632=CARTESIAN_POINT('Origin',(0.,0.,7.8));
#2633=CARTESIAN_POINT('',(10.0618647913876,-63.5281140670793,8.88));
#2634=CARTESIAN_POINT('Origin',(0.,0.,8.88));
#2635=CARTESIAN_POINT('',(10.0618647913876,-63.5281140670793,6.72));
#2636=CARTESIAN_POINT('Origin',(-58.511843538271,-14.805772582101,3.8));
#2637=CARTESIAN_POINT('',(-62.8802040437441,-13.5330092520886,8.88));
#2638=CARTESIAN_POINT('',(-61.7491085705064,-18.0030550392929,8.88));
#2639=CARTESIAN_POINT('Ctrl Pts',(-62.880204043744,-13.5330092520886,8.87999999999991));
#2640=CARTESIAN_POINT('Ctrl Pts',(-62.9223296920562,-13.6775923132244,8.95160312912606));
#2641=CARTESIAN_POINT('Ctrl Pts',(-62.9578641210797,-13.8263660214502,9.01805498963126));
#2642=CARTESIAN_POINT('Ctrl Pts',(-63.0437927396651,-14.2909106460482,9.20258824696141));
#2643=CARTESIAN_POINT('Ctrl Pts',(-63.0697805616422,-14.6174047654278,9.30073144056972));
#2644=CARTESIAN_POINT('Ctrl Pts',(-63.0496123047655,-15.2736689021561,9.4324528501969));
#2645=CARTESIAN_POINT('Ctrl Pts',(-63.0034070880881,-15.6034436435341,9.46599999999999));
#2646=CARTESIAN_POINT('Ctrl Pts',(-62.8422326724997,-16.240398732165,9.46599999999999));
#2647=CARTESIAN_POINT('Ctrl Pts',(-62.7260281748697,-16.5524609324227,9.4324528501969));
#2648=CARTESIAN_POINT('Ctrl Pts',(-62.4316340422759,-17.1393352549446,9.30073144056972));
#2649=CARTESIAN_POINT('Ctrl Pts',(-62.2534853844658,-17.414174903833,9.20258824696142));
#2650=CARTESIAN_POINT('Ctrl Pts',(-61.9569497281065,-17.7819411886422,9.01805498963127));
#2651=CARTESIAN_POINT('Ctrl Pts',(-61.854931541023,-17.895908734064,8.95160312912606));
#2652=CARTESIAN_POINT('Ctrl Pts',(-61.7491085705064,-18.0030550392927,8.87999999999992));
#2653=CARTESIAN_POINT('',(-62.8802040437441,-13.5330092520886,6.72));
#2654=CARTESIAN_POINT('',(-62.880204043744,-13.5330092520888,3.8));
#2655=CARTESIAN_POINT('',(-61.7491085705064,-18.0030550392929,6.72));
#2656=CARTESIAN_POINT('Ctrl Pts',(-61.7491085705064,-18.0030550392927,6.72000000000009));
#2657=CARTESIAN_POINT('Ctrl Pts',(-61.854931541023,-17.895908734064,6.64839687087395));
#2658=CARTESIAN_POINT('Ctrl Pts',(-61.9569497281065,-17.7819411886422,6.58194501036873));
#2659=CARTESIAN_POINT('Ctrl Pts',(-62.2534853844658,-17.414174903833,6.39741175303858));
#2660=CARTESIAN_POINT('Ctrl Pts',(-62.4316340422759,-17.1393352549446,6.29926855943028));
#2661=CARTESIAN_POINT('Ctrl Pts',(-62.7260281748697,-16.5524609324227,6.1675471498031));
#2662=CARTESIAN_POINT('Ctrl Pts',(-62.8422326724997,-16.240398732165,6.13400000000001));
#2663=CARTESIAN_POINT('Ctrl Pts',(-63.0034070880881,-15.6034436435341,6.13400000000001));
#2664=CARTESIAN_POINT('Ctrl Pts',(-63.0496123047655,-15.2736689021561,6.1675471498031));
#2665=CARTESIAN_POINT('Ctrl Pts',(-63.0697805616422,-14.6174047654278,6.29926855943028));
#2666=CARTESIAN_POINT('Ctrl Pts',(-63.0437927396651,-14.2909106460482,6.39741175303858));
#2667=CARTESIAN_POINT('Ctrl Pts',(-62.9578641210797,-13.8263660214502,6.58194501036873));
#2668=CARTESIAN_POINT('Ctrl Pts',(-62.9223296920562,-13.6775923132244,6.64839687087394));
#2669=CARTESIAN_POINT('Ctrl Pts',(-62.880204043744,-13.5330092520886,6.72000000000009));
#2670=CARTESIAN_POINT('',(-61.7491085705065,-18.0030550392926,3.8));
#2671=CARTESIAN_POINT('Origin',(0.,0.,4.98));
#2672=CARTESIAN_POINT('',(-63.5281140670793,-10.0618647913876,6.72));
#2673=CARTESIAN_POINT('Origin',(0.,0.,6.72));
#2674=CARTESIAN_POINT('',(-66.4961175305676,-10.5319503588335,3.71500000000001));
#2675=CARTESIAN_POINT('',(-66.9652694923503,-10.6062567297276,3.24));
#2676=CARTESIAN_POINT('',(-12.8462156137259,-66.088050125614,3.71499999999999));
#2677=CARTESIAN_POINT('Origin',(0.,0.,3.71500000000001));
#2678=CARTESIAN_POINT('',(-12.2728345826194,-63.1382604393538,6.72));
#2679=CARTESIAN_POINT('',(-12.9368498865298,-66.5543230377516,3.24));
#2680=CARTESIAN_POINT('Origin',(0.,0.,6.72));
#2681=CARTESIAN_POINT('Origin',(0.,0.,7.8));
#2682=CARTESIAN_POINT('',(-63.5281140670793,-10.0618647913876,8.88));
#2683=CARTESIAN_POINT('Origin',(0.,0.,8.88));
#2684=CARTESIAN_POINT('',(-63.5281140670793,-10.0618647913876,6.72));
#2685=CARTESIAN_POINT('Origin',(-14.805772582101,58.511843538271,3.8));
#2686=CARTESIAN_POINT('',(-13.5330092520886,62.8802040437441,8.88));
#2687=CARTESIAN_POINT('',(-18.0030550392929,61.7491085705064,8.88));
#2688=CARTESIAN_POINT('Ctrl Pts',(-13.5330092520886,62.8802040437439,8.87999999999992));
#2689=CARTESIAN_POINT('Ctrl Pts',(-13.6775923132244,62.9223296920562,8.95160312912606));
#2690=CARTESIAN_POINT('Ctrl Pts',(-13.8263660214502,62.9578641210797,9.01805498963126));
#2691=CARTESIAN_POINT('Ctrl Pts',(-14.2909106460482,63.0437927396651,9.20258824696141));
#2692=CARTESIAN_POINT('Ctrl Pts',(-14.6174047654278,63.0697805616422,9.30073144056972));
#2693=CARTESIAN_POINT('Ctrl Pts',(-15.2736689021561,63.0496123047655,9.4324528501969));
#2694=CARTESIAN_POINT('Ctrl Pts',(-15.6034436435341,63.0034070880881,9.46599999999999));
#2695=CARTESIAN_POINT('Ctrl Pts',(-16.240398732165,62.8422326724997,9.46599999999999));
#2696=CARTESIAN_POINT('Ctrl Pts',(-16.5524609324227,62.7260281748697,9.4324528501969));
#2697=CARTESIAN_POINT('Ctrl Pts',(-17.1393352549446,62.4316340422759,9.30073144056972));
#2698=CARTESIAN_POINT('Ctrl Pts',(-17.414174903833,62.2534853844658,9.20258824696142));
#2699=CARTESIAN_POINT('Ctrl Pts',(-17.7819411886422,61.9569497281065,9.01805498963127));
#2700=CARTESIAN_POINT('Ctrl Pts',(-17.8959087340641,61.854931541023,8.95160312912605));
#2701=CARTESIAN_POINT('Ctrl Pts',(-18.0030550392928,61.7491085705064,8.87999999999991));
#2702=CARTESIAN_POINT('',(-13.5330092520886,62.8802040437441,6.72));
#2703=CARTESIAN_POINT('',(-13.5330092520888,62.880204043744,3.8));
#2704=CARTESIAN_POINT('',(-18.0030550392929,61.7491085705064,6.72));
#2705=CARTESIAN_POINT('Ctrl Pts',(-18.0030550392928,61.7491085705064,6.72000000000009));
#2706=CARTESIAN_POINT('Ctrl Pts',(-17.8959087340641,61.854931541023,6.64839687087395));
#2707=CARTESIAN_POINT('Ctrl Pts',(-17.7819411886422,61.9569497281065,6.58194501036873));
#2708=CARTESIAN_POINT('Ctrl Pts',(-17.414174903833,62.2534853844658,6.39741175303858));
#2709=CARTESIAN_POINT('Ctrl Pts',(-17.1393352549446,62.4316340422759,6.29926855943028));
#2710=CARTESIAN_POINT('Ctrl Pts',(-16.5524609324227,62.7260281748697,6.1675471498031));
#2711=CARTESIAN_POINT('Ctrl Pts',(-16.240398732165,62.8422326724997,6.13400000000001));
#2712=CARTESIAN_POINT('Ctrl Pts',(-15.6034436435341,63.0034070880881,6.13400000000001));
#2713=CARTESIAN_POINT('Ctrl Pts',(-15.2736689021561,63.0496123047655,6.16754714980311));
#2714=CARTESIAN_POINT('Ctrl Pts',(-14.6174047654278,63.0697805616422,6.29926855943029));
#2715=CARTESIAN_POINT('Ctrl Pts',(-14.2909106460482,63.0437927396651,6.39741175303858));
#2716=CARTESIAN_POINT('Ctrl Pts',(-13.8263660214502,62.9578641210797,6.58194501036873));
#2717=CARTESIAN_POINT('Ctrl Pts',(-13.6775923132244,62.9223296920562,6.64839687087394));
#2718=CARTESIAN_POINT('Ctrl Pts',(-13.5330092520886,62.880204043744,6.72000000000008));
#2719=CARTESIAN_POINT('',(-18.0030550392926,61.7491085705065,3.8));
#2720=CARTESIAN_POINT('Origin',(0.,0.,4.98));
#2721=CARTESIAN_POINT('',(-10.0618647913876,63.5281140670793,6.72));
#2722=CARTESIAN_POINT('Origin',(0.,0.,6.72));
#2723=CARTESIAN_POINT('',(-10.5319503588335,66.4961175305676,3.71500000000001));
#2724=CARTESIAN_POINT('',(-10.6062567297276,66.9652694923503,3.24));
#2725=CARTESIAN_POINT('',(-66.088050125614,12.8462156137259,3.71499999999999));
#2726=CARTESIAN_POINT('Origin',(0.,0.,3.71500000000001));
#2727=CARTESIAN_POINT('',(-63.1382604393538,12.2728345826194,6.72));
#2728=CARTESIAN_POINT('',(-66.5543230377516,12.9368498865297,3.24));
#2729=CARTESIAN_POINT('Origin',(0.,0.,6.72));
#2730=CARTESIAN_POINT('Origin',(0.,0.,7.8));
#2731=CARTESIAN_POINT('',(-10.0618647913876,63.5281140670793,8.88));
#2732=CARTESIAN_POINT('Origin',(0.,0.,8.88));
#2733=CARTESIAN_POINT('',(-10.0618647913876,63.5281140670793,6.72));
#2734=CARTESIAN_POINT('Origin',(58.511843538271,14.805772582101,3.8));
#2735=CARTESIAN_POINT('',(62.8802040437441,13.5330092520886,8.88));
#2736=CARTESIAN_POINT('',(61.7491085705064,18.0030550392929,8.88));
#2737=CARTESIAN_POINT('Ctrl Pts',(62.880204043744,13.5330092520886,8.87999999999992));
#2738=CARTESIAN_POINT('Ctrl Pts',(62.9223296920562,13.6775923132244,8.95160312912606));
#2739=CARTESIAN_POINT('Ctrl Pts',(62.9578641210797,13.8263660214502,9.01805498963126));
#2740=CARTESIAN_POINT('Ctrl Pts',(63.0437927396651,14.2909106460482,9.20258824696142));
#2741=CARTESIAN_POINT('Ctrl Pts',(63.0697805616422,14.6174047654278,9.30073144056972));
#2742=CARTESIAN_POINT('Ctrl Pts',(63.0496123047655,15.2736689021561,9.4324528501969));
#2743=CARTESIAN_POINT('Ctrl Pts',(63.0034070880881,15.6034436435341,9.46599999999999));
#2744=CARTESIAN_POINT('Ctrl Pts',(62.8422326724997,16.240398732165,9.46599999999999));
#2745=CARTESIAN_POINT('Ctrl Pts',(62.7260281748697,16.5524609324227,9.4324528501969));
#2746=CARTESIAN_POINT('Ctrl Pts',(62.4316340422759,17.1393352549446,9.30073144056972));
#2747=CARTESIAN_POINT('Ctrl Pts',(62.2534853844658,17.414174903833,9.20258824696142));
#2748=CARTESIAN_POINT('Ctrl Pts',(61.9569497281064,17.7819411886422,9.01805498963127));
#2749=CARTESIAN_POINT('Ctrl Pts',(61.854931541023,17.8959087340641,8.95160312912605));
#2750=CARTESIAN_POINT('Ctrl Pts',(61.7491085705064,18.0030550392928,8.87999999999991));
#2751=CARTESIAN_POINT('',(62.8802040437441,13.5330092520886,6.72));
#2752=CARTESIAN_POINT('',(62.880204043744,13.5330092520888,3.8));
#2753=CARTESIAN_POINT('',(61.7491085705064,18.0030550392929,6.72));
#2754=CARTESIAN_POINT('Ctrl Pts',(61.7491085705064,18.0030550392928,6.72000000000009));
#2755=CARTESIAN_POINT('Ctrl Pts',(61.854931541023,17.8959087340641,6.64839687087395));
#2756=CARTESIAN_POINT('Ctrl Pts',(61.9569497281064,17.7819411886422,6.58194501036873));
#2757=CARTESIAN_POINT('Ctrl Pts',(62.2534853844658,17.414174903833,6.39741175303858));
#2758=CARTESIAN_POINT('Ctrl Pts',(62.4316340422759,17.1393352549446,6.29926855943028));
#2759=CARTESIAN_POINT('Ctrl Pts',(62.7260281748697,16.5524609324227,6.16754714980309));
#2760=CARTESIAN_POINT('Ctrl Pts',(62.8422326724997,16.240398732165,6.13400000000001));
#2761=CARTESIAN_POINT('Ctrl Pts',(63.0034070880881,15.6034436435341,6.13400000000001));
#2762=CARTESIAN_POINT('Ctrl Pts',(63.0496123047655,15.2736689021561,6.16754714980311));
#2763=CARTESIAN_POINT('Ctrl Pts',(63.0697805616422,14.6174047654278,6.29926855943029));
#2764=CARTESIAN_POINT('Ctrl Pts',(63.0437927396651,14.2909106460482,6.39741175303858));
#2765=CARTESIAN_POINT('Ctrl Pts',(62.9578641210797,13.8263660214502,6.58194501036873));
#2766=CARTESIAN_POINT('Ctrl Pts',(62.9223296920562,13.6775923132244,6.64839687087395));
#2767=CARTESIAN_POINT('Ctrl Pts',(62.8802040437439,13.5330092520886,6.72000000000009));
#2768=CARTESIAN_POINT('',(61.7491085705065,18.0030550392926,3.8));
#2769=CARTESIAN_POINT('Origin',(0.,0.,4.98));
#2770=CARTESIAN_POINT('',(63.5281140670793,10.0618647913876,6.72));
#2771=CARTESIAN_POINT('Origin',(0.,0.,6.72));
#2772=CARTESIAN_POINT('',(66.4961175305676,10.5319503588335,3.71500000000001));
#2773=CARTESIAN_POINT('',(66.9652694923503,10.6062567297277,3.24));
#2774=CARTESIAN_POINT('',(12.8462156137259,66.088050125614,3.71499999999999));
#2775=CARTESIAN_POINT('Origin',(0.,0.,3.71500000000001));
#2776=CARTESIAN_POINT('',(12.2728345826194,63.1382604393538,6.72));
#2777=CARTESIAN_POINT('',(12.9368498865297,66.5543230377516,3.24));
#2778=CARTESIAN_POINT('Origin',(0.,0.,6.72));
#2779=CARTESIAN_POINT('Origin',(0.,0.,7.8));
#2780=CARTESIAN_POINT('',(63.5281140670793,10.0618647913876,8.88));
#2781=CARTESIAN_POINT('Origin',(0.,0.,8.88));
#2782=CARTESIAN_POINT('',(63.5281140670793,10.0618647913876,6.72));
#2783=CARTESIAN_POINT('Origin',(-4.86202948993945,-57.6038874206583,3.));
#2784=CARTESIAN_POINT('',(-2.90207186593616,-63.9830288348789,3.));
#2785=CARTESIAN_POINT('',(-4.90203238764843,-63.9704625469478,5.));
#2786=CARTESIAN_POINT('Origin',(-4.90203238764843,-63.9704625469478,3.));
#2787=CARTESIAN_POINT('',(-4.90317868422041,-64.1528989118232,5.));
#2788=CARTESIAN_POINT('',(-4.86202948993945,-57.6038874206583,5.));
#2789=CARTESIAN_POINT('',(-2.90390284670243,-64.2744346397299,3.));
#2790=CARTESIAN_POINT('Ctrl Pts',(-2.90390284670243,-64.2744346397299,3.));
#2791=CARTESIAN_POINT('Ctrl Pts',(-2.90390284670243,-64.2744346397299,3.25108844643368));
#2792=CARTESIAN_POINT('Ctrl Pts',(-2.9540653867333,-64.2722297733664,3.5189020737835));
#2793=CARTESIAN_POINT('Ctrl Pts',(-3.15801478127799,-64.262531579428,4.01153042528267));
#2794=CARTESIAN_POINT('Ctrl Pts',(-3.31180033380876,-64.2549540556505,4.23634402731749));
#2795=CARTESIAN_POINT('Ctrl Pts',(-3.66682526934404,-64.2356727807484,4.59167294936431));
#2796=CARTESIAN_POINT('Ctrl Pts',(-3.89183772795405,-64.2226607501106,4.74571268369477));
#2797=CARTESIAN_POINT('Ctrl Pts',(-4.38459554869966,-64.1909018210489,4.94987284946256));
#2798=CARTESIAN_POINT('Ctrl Pts',(-4.65233271198195,-64.1720709624236,5.));
#2799=CARTESIAN_POINT('Ctrl Pts',(-4.90317868422041,-64.1528989118232,5.));
#2800=CARTESIAN_POINT('',(-2.86206896822718,-57.6164537085894,3.));
#2801=CARTESIAN_POINT('Origin',(-0.402121213795816,-63.9987366947928,3.));
#2802=CARTESIAN_POINT('',(2.09782943834453,-64.0144445547067,3.));
#2803=CARTESIAN_POINT('',(4.0977899600568,-64.0270108426378,5.));
#2804=CARTESIAN_POINT('Origin',(4.0977899600568,-64.0270108426378,3.));
#2805=CARTESIAN_POINT('Origin',(-0.402121213795816,-63.9987366947928,5.));
#2806=CARTESIAN_POINT('Origin',(-0.402121213795816,-63.9987366947928,3.));
#2807=CARTESIAN_POINT('Origin',(4.11580185388632,-61.1603666293448,3.));
#2808=CARTESIAN_POINT('',(2.09599845757825,-64.3058503595577,3.));
#2809=CARTESIAN_POINT('',(4.09664366348482,-64.2094472075132,5.));
#2810=CARTESIAN_POINT('Ctrl Pts',(4.09664366348482,-64.2094472075132,5.));
#2811=CARTESIAN_POINT('Ctrl Pts',(3.84557658023733,-64.2254656038774,5.));
#2812=CARTESIAN_POINT('Ctrl Pts',(3.57762392703541,-64.2409305798252,4.94987284946256));
#2813=CARTESIAN_POINT('Ctrl Pts',(3.08450592840662,-64.266494986907,4.74571268369477));
#2814=CARTESIAN_POINT('Ctrl Pts',(2.85934772613848,-64.2766784746404,4.59167294936431));
#2815=CARTESIAN_POINT('Ctrl Pts',(2.50410853261023,-64.2914969696746,4.23634402731749));
#2816=CARTESIAN_POINT('Ctrl Pts',(2.35023990287419,-64.2971414197761,4.01153042528267));
#2817=CARTESIAN_POINT('Ctrl Pts',(2.1461847434245,-64.3042760117598,3.5189020737835));
#2818=CARTESIAN_POINT('Ctrl Pts',(2.09599845757825,-64.3058503595577,3.25108844643368));
#2819=CARTESIAN_POINT('Ctrl Pts',(2.09599845757825,-64.3058503595577,3.));
#2820=CARTESIAN_POINT('',(4.11580185388632,-61.1603666293448,5.));
#2821=CARTESIAN_POINT('',(2.11584133217405,-61.1478003414137,3.));
#2822=CARTESIAN_POINT('Origin',(2.05384743058561,-71.0143063806996,2.9));
#2823=CARTESIAN_POINT('',(2.09599845757825,-64.3058503595577,15.));
#2824=CARTESIAN_POINT('',(2.09599845757825,-64.3058503595577,5.));
#2825=CARTESIAN_POINT('',(2.09782943834453,-64.0144445547067,2.9));
#2826=CARTESIAN_POINT('',(2.09782943834453,-64.0144445547067,2.9));
#2827=CARTESIAN_POINT('',(2.07722972766821,-67.2929471910578,2.9));
#2828=CARTESIAN_POINT('',(2.05384743058561,-71.0143063806996,2.9));
#2829=CARTESIAN_POINT('',(2.07722972766821,-67.2929471910578,15.));
#2830=CARTESIAN_POINT('',(2.07722972766821,-67.2929471910578,0.));
#2831=CARTESIAN_POINT('',(2.27689904136298,-35.5150071203068,15.));
#2832=CARTESIAN_POINT('Origin',(-0.402121213795816,-63.9987366947928,2.9));
#2833=CARTESIAN_POINT('',(-2.90207186593616,-63.9830288348789,2.9));
#2834=CARTESIAN_POINT('',(-2.90207186593616,-63.9830288348789,2.9));
#2835=CARTESIAN_POINT('Origin',(-0.402121213795816,-63.9987366947928,2.9));
#2836=CARTESIAN_POINT('Origin',(-2.90207186593616,-63.9830288348789,2.9));
#2837=CARTESIAN_POINT('',(-2.90390284670243,-64.2744346397299,15.));
#2838=CARTESIAN_POINT('',(-2.90390284670243,-64.2744346397299,5.));
#2839=CARTESIAN_POINT('',(-2.92267157661247,-67.26153147123,15.));
#2840=CARTESIAN_POINT('',(-2.70101125903825,-31.9836604874825,15.));
#2841=CARTESIAN_POINT('',(-2.92267157661247,-67.26153147123,2.9));
#2842=CARTESIAN_POINT('',(-2.92267157661247,-67.26153147123,0.));
#2843=CARTESIAN_POINT('',(-2.90207186593616,-63.9830288348789,2.9));
#2844=CARTESIAN_POINT('Origin',(23.12,0.,20.));
#2845=CARTESIAN_POINT('',(18.62,13.22,20.));
#2846=CARTESIAN_POINT('Origin',(23.12,13.22,20.));
#2847=CARTESIAN_POINT('',(18.62,23.22,20.));
#2848=CARTESIAN_POINT('',(18.62,0.,20.));
#2849=CARTESIAN_POINT('Origin',(23.12,23.22,20.));
#2850=CARTESIAN_POINT('Origin',(28.12,23.22,15.));
#2851=CARTESIAN_POINT('',(18.12,23.22,15.));
#2852=CARTESIAN_POINT('',(28.12,23.22,15.));
#2853=CARTESIAN_POINT('',(14.06,23.22,15.));
#2854=CARTESIAN_POINT('',(18.12,23.22,25.));
#2855=CARTESIAN_POINT('',(18.12,23.22,15.));
#2856=CARTESIAN_POINT('',(28.12,23.22,25.));
#2857=CARTESIAN_POINT('',(28.12,23.22,25.));
#2858=CARTESIAN_POINT('',(28.12,23.22,15.));
#2859=CARTESIAN_POINT('Origin',(28.12,13.22,15.));
#2860=CARTESIAN_POINT('',(28.12,13.22,15.));
#2861=CARTESIAN_POINT('',(28.12,6.61,15.));
#2862=CARTESIAN_POINT('',(28.12,13.22,25.));
#2863=CARTESIAN_POINT('',(28.12,13.22,25.));
#2864=CARTESIAN_POINT('',(28.12,13.22,15.));
#2865=CARTESIAN_POINT('Origin',(18.12,13.22,15.));
#2866=CARTESIAN_POINT('',(18.12,13.22,15.));
#2867=CARTESIAN_POINT('',(9.06,13.22,15.));
#2868=CARTESIAN_POINT('',(18.12,13.22,25.));
#2869=CARTESIAN_POINT('',(18.12,13.22,25.));
#2870=CARTESIAN_POINT('',(18.12,13.22,15.));
#2871=CARTESIAN_POINT('Origin',(18.12,23.22,15.));
#2872=CARTESIAN_POINT('',(18.12,11.61,15.));
#2873=CARTESIAN_POINT('',(18.12,23.22,25.));
#2874=CARTESIAN_POINT('Origin',(23.12,18.22,25.));
#2875=CARTESIAN_POINT('Origin',(10.62,50.02,14.));
#2876=CARTESIAN_POINT('',(9.57,50.02,14.));
#2877=CARTESIAN_POINT('Origin',(10.62,50.02,14.));
#2878=CARTESIAN_POINT('',(9.57,50.02,19.));
#2879=CARTESIAN_POINT('',(9.57,50.02,14.));
#2880=CARTESIAN_POINT('Origin',(10.62,50.02,19.));
#2881=CARTESIAN_POINT('Origin',(10.62,50.02,14.));
#2882=CARTESIAN_POINT('Origin',(-23.23,-13.58,14.));
#2883=CARTESIAN_POINT('',(-24.28,-13.58,14.));
#2884=CARTESIAN_POINT('Origin',(-23.23,-13.58,14.));
#2885=CARTESIAN_POINT('',(-24.28,-13.58,19.));
#2886=CARTESIAN_POINT('',(-24.28,-13.58,14.));
#2887=CARTESIAN_POINT('Origin',(-23.23,-13.58,19.));
#2888=CARTESIAN_POINT('Origin',(-23.23,-13.58,14.));
#2889=CARTESIAN_POINT('Origin',(-23.23,50.02,14.));
#2890=CARTESIAN_POINT('',(-24.28,50.02,14.));
#2891=CARTESIAN_POINT('Origin',(-23.23,50.02,14.));
#2892=CARTESIAN_POINT('',(-24.28,50.02,19.));
#2893=CARTESIAN_POINT('',(-24.28,50.02,14.));
#2894=CARTESIAN_POINT('Origin',(-23.23,50.02,19.));
#2895=CARTESIAN_POINT('Origin',(-23.23,50.02,14.));
#2896=CARTESIAN_POINT('Origin',(10.62,-13.58,14.));
#2897=CARTESIAN_POINT('',(9.57,-13.58,14.));
#2898=CARTESIAN_POINT('Origin',(10.62,-13.58,14.));
#2899=CARTESIAN_POINT('',(9.57,-13.58,19.));
#2900=CARTESIAN_POINT('',(9.57,-13.58,14.));
#2901=CARTESIAN_POINT('Origin',(10.62,-13.58,19.));
#2902=CARTESIAN_POINT('Origin',(10.62,-13.58,14.));
#2903=CARTESIAN_POINT('Origin',(13.12,-11.08,15.));
#2904=CARTESIAN_POINT('',(8.12,-11.08,15.));
#2905=CARTESIAN_POINT('',(13.12,-11.08,15.));
#2906=CARTESIAN_POINT('',(6.56,-11.08,15.));
#2907=CARTESIAN_POINT('',(8.12,-11.08,19.));
#2908=CARTESIAN_POINT('',(8.12,-11.08,15.));
#2909=CARTESIAN_POINT('',(13.12,-11.08,19.));
#2910=CARTESIAN_POINT('',(13.12,-11.08,19.));
#2911=CARTESIAN_POINT('',(13.12,-11.08,15.));
#2912=CARTESIAN_POINT('Origin',(13.12,-16.08,15.));
#2913=CARTESIAN_POINT('',(13.12,-16.08,15.));
#2914=CARTESIAN_POINT('',(13.12,-8.04,15.));
#2915=CARTESIAN_POINT('',(13.12,-16.08,19.));
#2916=CARTESIAN_POINT('',(13.12,-16.08,19.));
#2917=CARTESIAN_POINT('',(13.12,-16.08,15.));
#2918=CARTESIAN_POINT('Origin',(8.12,-16.08,15.));
#2919=CARTESIAN_POINT('',(8.12,-16.08,15.));
#2920=CARTESIAN_POINT('',(4.06,-16.08,15.));
#2921=CARTESIAN_POINT('',(8.12,-16.08,19.));
#2922=CARTESIAN_POINT('',(8.12,-16.08,19.));
#2923=CARTESIAN_POINT('',(8.12,-16.08,15.));
#2924=CARTESIAN_POINT('Origin',(8.12,-11.08,15.));
#2925=CARTESIAN_POINT('',(8.12,-5.54,15.));
#2926=CARTESIAN_POINT('',(8.12,-11.08,19.));
#2927=CARTESIAN_POINT('Origin',(10.62,-13.58,19.));
#2928=CARTESIAN_POINT('Origin',(-20.73,52.52,15.));
#2929=CARTESIAN_POINT('',(-25.73,52.52,15.));
#2930=CARTESIAN_POINT('',(-20.73,52.52,15.));
#2931=CARTESIAN_POINT('',(-10.365,52.52,15.));
#2932=CARTESIAN_POINT('',(-25.73,52.52,19.));
#2933=CARTESIAN_POINT('',(-25.73,52.52,15.));
#2934=CARTESIAN_POINT('',(-20.73,52.52,19.));
#2935=CARTESIAN_POINT('',(-20.73,52.52,19.));
#2936=CARTESIAN_POINT('',(-20.73,52.52,15.));
#2937=CARTESIAN_POINT('Origin',(-20.73,47.52,15.));
#2938=CARTESIAN_POINT('',(-20.73,47.52,15.));
#2939=CARTESIAN_POINT('',(-20.73,23.76,15.));
#2940=CARTESIAN_POINT('',(-20.73,47.52,19.));
#2941=CARTESIAN_POINT('',(-20.73,47.52,19.));
#2942=CARTESIAN_POINT('',(-20.73,47.52,15.));
#2943=CARTESIAN_POINT('Origin',(-25.73,47.52,15.));
#2944=CARTESIAN_POINT('',(-25.73,47.52,15.));
#2945=CARTESIAN_POINT('',(-12.865,47.52,15.));
#2946=CARTESIAN_POINT('',(-25.73,47.52,19.));
#2947=CARTESIAN_POINT('',(-25.73,47.52,19.));
#2948=CARTESIAN_POINT('',(-25.73,47.52,15.));
#2949=CARTESIAN_POINT('Origin',(-25.73,52.52,15.));
#2950=CARTESIAN_POINT('',(-25.73,26.26,15.));
#2951=CARTESIAN_POINT('',(-25.73,52.52,19.));
#2952=CARTESIAN_POINT('Origin',(-23.23,50.02,19.));
#2953=CARTESIAN_POINT('Origin',(-20.73,-11.08,15.));
#2954=CARTESIAN_POINT('',(-25.73,-11.08,15.));
#2955=CARTESIAN_POINT('',(-20.73,-11.08,15.));
#2956=CARTESIAN_POINT('',(-10.365,-11.08,15.));
#2957=CARTESIAN_POINT('',(-25.73,-11.08,19.));
#2958=CARTESIAN_POINT('',(-25.73,-11.08,15.));
#2959=CARTESIAN_POINT('',(-20.73,-11.08,19.));
#2960=CARTESIAN_POINT('',(-20.73,-11.08,19.));
#2961=CARTESIAN_POINT('',(-20.73,-11.08,15.));
#2962=CARTESIAN_POINT('Origin',(-20.73,-16.08,15.));
#2963=CARTESIAN_POINT('',(-20.73,-16.08,15.));
#2964=CARTESIAN_POINT('',(-20.73,-8.04,15.));
#2965=CARTESIAN_POINT('',(-20.73,-16.08,19.));
#2966=CARTESIAN_POINT('',(-20.73,-16.08,19.));
#2967=CARTESIAN_POINT('',(-20.73,-16.08,15.));
#2968=CARTESIAN_POINT('Origin',(-25.73,-16.08,15.));
#2969=CARTESIAN_POINT('',(-25.73,-16.08,15.));
#2970=CARTESIAN_POINT('',(-12.865,-16.08,15.));
#2971=CARTESIAN_POINT('',(-25.73,-16.08,19.));
#2972=CARTESIAN_POINT('',(-25.73,-16.08,19.));
#2973=CARTESIAN_POINT('',(-25.73,-16.08,15.));
#2974=CARTESIAN_POINT('Origin',(-25.73,-11.08,15.));
#2975=CARTESIAN_POINT('',(-25.73,-5.54,15.));
#2976=CARTESIAN_POINT('',(-25.73,-11.08,19.));
#2977=CARTESIAN_POINT('Origin',(-23.23,-13.58,19.));
#2978=CARTESIAN_POINT('Origin',(13.12,52.52,15.));
#2979=CARTESIAN_POINT('',(8.12,52.52,15.));
#2980=CARTESIAN_POINT('',(13.12,52.52,15.));
#2981=CARTESIAN_POINT('',(6.56,52.52,15.));
#2982=CARTESIAN_POINT('',(8.12,52.52,19.));
#2983=CARTESIAN_POINT('',(8.12,52.52,15.));
#2984=CARTESIAN_POINT('',(13.12,52.52,19.));
#2985=CARTESIAN_POINT('',(13.12,52.52,19.));
#2986=CARTESIAN_POINT('',(13.12,52.52,15.));
#2987=CARTESIAN_POINT('Origin',(13.12,47.52,15.));
#2988=CARTESIAN_POINT('',(13.12,47.52,15.));
#2989=CARTESIAN_POINT('',(13.12,23.76,15.));
#2990=CARTESIAN_POINT('',(13.12,47.52,19.));
#2991=CARTESIAN_POINT('',(13.12,47.52,19.));
#2992=CARTESIAN_POINT('',(13.12,47.52,15.));
#2993=CARTESIAN_POINT('Origin',(8.12,47.52,15.));
#2994=CARTESIAN_POINT('',(8.12,47.52,15.));
#2995=CARTESIAN_POINT('',(4.06,47.52,15.));
#2996=CARTESIAN_POINT('',(8.12,47.52,19.));
#2997=CARTESIAN_POINT('',(8.12,47.52,19.));
#2998=CARTESIAN_POINT('',(8.12,47.52,15.));
#2999=CARTESIAN_POINT('Origin',(8.12,52.52,15.));
#3000=CARTESIAN_POINT('',(8.12,26.26,15.));
#3001=CARTESIAN_POINT('',(8.12,52.52,19.));
#3002=CARTESIAN_POINT('Origin',(10.62,50.02,19.));
#3003=CARTESIAN_POINT('Origin',(3.3,-58.02,3.));
#3004=CARTESIAN_POINT('',(3.33,-56.02,5.));
#3005=CARTESIAN_POINT('',(3.3,-58.02,5.));
#3006=CARTESIAN_POINT('',(3.35023941862428,-54.6707054250482,5.));
#3007=CARTESIAN_POINT('',(3.33,-56.02,3.));
#3008=CARTESIAN_POINT('',(3.33,-56.02,3.));
#3009=CARTESIAN_POINT('',(3.3,-58.02,3.));
#3010=CARTESIAN_POINT('',(3.33,-56.02,3.));
#3011=CARTESIAN_POINT('',(3.3,-58.02,3.));
#3012=CARTESIAN_POINT('Origin',(-20.7,-57.61,3.));
#3013=CARTESIAN_POINT('',(-9.00340512126931,-57.8098168291783,5.));
#3014=CARTESIAN_POINT('',(-10.5673745187826,-57.7830990186375,5.));
#3015=CARTESIAN_POINT('',(-20.7,-57.61,3.));
#3016=CARTESIAN_POINT('',(3.3,-58.02,3.));
#3017=CARTESIAN_POINT('',(-20.7,-57.61,13.));
#3018=CARTESIAN_POINT('',(-20.7,-57.61,3.));
#3019=CARTESIAN_POINT('',(-9.0034051212693,-57.8098168291783,13.));
#3020=CARTESIAN_POINT('',(3.3,-58.02,13.));
#3021=CARTESIAN_POINT('',(-9.00340512126931,-57.8098168291783,4.));
#3022=CARTESIAN_POINT('Origin',(3.33,-56.02,3.));
#3023=CARTESIAN_POINT('',(-8.99083616297733,-55.8094313119291,5.));
#3024=CARTESIAN_POINT('',(1.46469173735494,-55.9881210342774,5.));
#3025=CARTESIAN_POINT('',(-8.99083616297733,-55.8094313119291,13.));
#3026=CARTESIAN_POINT('',(-8.99083616297733,-55.8094313119291,4.));
#3027=CARTESIAN_POINT('',(-20.66,-55.61,13.));
#3028=CARTESIAN_POINT('',(-20.66,-55.61,13.));
#3029=CARTESIAN_POINT('',(-20.66,-55.61,3.));
#3030=CARTESIAN_POINT('',(-20.66,-55.61,3.));
#3031=CARTESIAN_POINT('',(-20.66,-55.61,3.));
#3032=CARTESIAN_POINT('Origin',(-20.66,-55.61,3.));
#3033=CARTESIAN_POINT('',(-20.7,-57.61,3.));
#3034=CARTESIAN_POINT('',(-20.7,-57.61,13.));
#3035=CARTESIAN_POINT('Origin',(-8.685,-56.815,13.));
#3036=CARTESIAN_POINT('',(-8.93863907622739,-47.5021162622914,13.));
#3037=CARTESIAN_POINT('Origin',(-8.685,-56.815,3.));
#3038=CARTESIAN_POINT('Origin',(-0.320451268111464,-51.2655968985159,5.));
#3039=CARTESIAN_POINT('',(8.23923351890353,-63.8102705763028,5.));
#3040=CARTESIAN_POINT('Origin',(3.1641356201817E-14,6.83897383169096E-13,
5.));
#3041=CARTESIAN_POINT('',(8.3995228524676,-38.2997665247567,5.));
#3042=CARTESIAN_POINT('',(8.23923351890353,-63.8102705763028,5.));
#3043=CARTESIAN_POINT('',(-8.88013605512645,-38.1911937970318,5.));
#3044=CARTESIAN_POINT('Origin',(8.88178419700125E-15,1.68753899743024E-13,
5.));
#3045=CARTESIAN_POINT('',(-8.88013605512645,-38.1911937970318,5.));
#3046=CARTESIAN_POINT('',(-9.04042538869053,-63.7016978485779,5.));
#3047=CARTESIAN_POINT('',(-8.88013605512645,-38.1911937970318,5.));
#3048=CARTESIAN_POINT('Origin',(3.1641356201817E-14,6.83897383169096E-13,
5.));
#3049=CARTESIAN_POINT('Origin',(-0.424087543745447,-66.2565215377462,2.9));
#3050=CARTESIAN_POINT('Origin',(0.,0.,2.9));
#3051=CARTESIAN_POINT('Origin',(3.1641356201817E-14,6.83897383169096E-13,
5.));
#3052=CARTESIAN_POINT('',(-9.04042538869053,-63.7016978485779,15.));
#3053=CARTESIAN_POINT('',(-9.04042538869053,-63.7016978485779,5.));
#3054=CARTESIAN_POINT('Origin',(3.1641356201817E-14,6.83897383169096E-13,
15.));
#3055=CARTESIAN_POINT('Origin',(3.1641356201817E-14,6.83897383169096E-13,
5.));
#3056=CARTESIAN_POINT('',(8.23923351890353,-63.8102705763028,15.));
#3057=CARTESIAN_POINT('Origin',(3.1641356201817E-14,6.83897383169096E-13,
15.));
#3058=CARTESIAN_POINT('',(8.23923351890353,-63.8102705763028,5.));
#3059=CARTESIAN_POINT('Origin',(0.,0.,15.));
#3060=CARTESIAN_POINT('',(50.1107748500124,-44.9618267970882,15.));
#3061=CARTESIAN_POINT('Origin',(0.,0.,15.));
#3062=CARTESIAN_POINT('',(45.7230582849798,-41.0249538825864,15.));
#3063=CARTESIAN_POINT('',(24.0468452798631,-21.5760002858808,15.));
#3064=CARTESIAN_POINT('',(60.30135787919,-11.7213965859812,15.));
#3065=CARTESIAN_POINT('Origin',(0.,0.,15.));
#3066=CARTESIAN_POINT('',(66.088050125614,-12.8462156137259,15.));
#3067=CARTESIAN_POINT('',(31.7139202292354,-6.16456161812765,15.));
#3068=CARTESIAN_POINT('',(44.9618267970882,50.1107748500124,15.));
#3069=CARTESIAN_POINT('Origin',(0.,0.,15.));
#3070=CARTESIAN_POINT('',(41.0249538825864,45.7230582849798,15.));
#3071=CARTESIAN_POINT('',(21.5760002858808,24.0468452798631,15.));
#3072=CARTESIAN_POINT('',(11.7213965859811,60.30135787919,15.));
#3073=CARTESIAN_POINT('Origin',(0.,0.,15.));
#3074=CARTESIAN_POINT('',(12.8462156137259,66.088050125614,15.));
#3075=CARTESIAN_POINT('',(6.16456161812764,31.7139202292354,15.));
#3076=CARTESIAN_POINT('',(-50.1107748500124,44.9618267970882,15.));
#3077=CARTESIAN_POINT('Origin',(0.,0.,15.));
#3078=CARTESIAN_POINT('',(-45.7230582849798,41.0249538825864,15.));
#3079=CARTESIAN_POINT('',(-24.0468452798631,21.5760002858808,15.));
#3080=CARTESIAN_POINT('',(-60.30135787919,11.7213965859812,15.));
#3081=CARTESIAN_POINT('Origin',(0.,0.,15.));
#3082=CARTESIAN_POINT('',(-66.088050125614,12.8462156137259,15.));
#3083=CARTESIAN_POINT('',(-31.7139202292354,6.16456161812764,15.));
#3084=CARTESIAN_POINT('',(-44.9618267970882,-50.1107748500124,15.));
#3085=CARTESIAN_POINT('Origin',(0.,0.,15.));
#3086=CARTESIAN_POINT('',(-41.0249538825864,-45.7230582849798,15.));
#3087=CARTESIAN_POINT('',(-21.5760002858808,-24.0468452798631,15.));
#3088=CARTESIAN_POINT('',(-11.7213965859812,-60.30135787919,15.));
#3089=CARTESIAN_POINT('Origin',(0.,0.,15.));
#3090=CARTESIAN_POINT('',(-12.8462156137259,-66.088050125614,15.));
#3091=CARTESIAN_POINT('',(-6.16456161812764,-31.7139202292354,15.));
#3092=CARTESIAN_POINT('Origin',(0.,0.,15.));
#3093=CARTESIAN_POINT('',(-8.88013605512645,-38.1911937970318,15.));
#3094=CARTESIAN_POINT('',(-8.75998275446174,-19.0684537165847,15.));
#3095=CARTESIAN_POINT('',(8.3995228524676,-38.2997665247567,15.));
#3096=CARTESIAN_POINT('Origin',(8.88178419700125E-15,1.68753899743024E-13,
15.));
#3097=CARTESIAN_POINT('',(8.43953148635028,-31.9322784700826,15.));
#3098=CARTESIAN_POINT('Origin',(0.,0.,0.));
#3099=CARTESIAN_POINT('',(-67.325,-8.24493457525956E-15,2.90000000000001));
#3100=CARTESIAN_POINT('Origin',(0.,0.,2.9));
#3101=CARTESIAN_POINT('Origin',(0.,0.,2.9));
#3102=CARTESIAN_POINT('',(-12.8462156137259,-66.088050125614,0.));
#3103=CARTESIAN_POINT('',(-66.4961175305676,-10.5319503588335,11.885));
#3104=CARTESIAN_POINT('',(-66.4961175305677,-10.5319503588335,0.));
#3105=CARTESIAN_POINT('',(-44.9618267970882,-50.1107748500124,11.885));
#3106=CARTESIAN_POINT('Origin',(0.,0.,11.885));
#3107=CARTESIAN_POINT('',(-44.9618267970882,-50.1107748500124,0.));
#3108=CARTESIAN_POINT('',(-66.088050125614,12.8462156137259,0.));
#3109=CARTESIAN_POINT('',(-10.5319503588335,66.4961175305676,11.885));
#3110=CARTESIAN_POINT('',(-10.5319503588335,66.4961175305676,0.));
#3111=CARTESIAN_POINT('',(-50.1107748500124,44.9618267970882,11.885));
#3112=CARTESIAN_POINT('Origin',(0.,0.,11.885));
#3113=CARTESIAN_POINT('',(-50.1107748500124,44.9618267970882,0.));
#3114=CARTESIAN_POINT('',(12.8462156137259,66.088050125614,0.));
#3115=CARTESIAN_POINT('',(66.4961175305676,10.5319503588335,11.885));
#3116=CARTESIAN_POINT('',(66.4961175305676,10.5319503588335,0.));
#3117=CARTESIAN_POINT('',(44.9618267970882,50.1107748500124,11.885));
#3118=CARTESIAN_POINT('Origin',(0.,0.,11.885));
#3119=CARTESIAN_POINT('',(44.9618267970882,50.1107748500124,0.));
#3120=CARTESIAN_POINT('',(66.088050125614,-12.8462156137259,0.));
#3121=CARTESIAN_POINT('',(10.5319503588335,-66.4961175305676,11.885));
#3122=CARTESIAN_POINT('',(10.5319503588335,-66.4961175305677,0.));
#3123=CARTESIAN_POINT('',(50.1107748500124,-44.9618267970882,11.885));
#3124=CARTESIAN_POINT('Origin',(0.,0.,11.885));
#3125=CARTESIAN_POINT('',(50.1107748500124,-44.9618267970882,0.));
#3126=CARTESIAN_POINT('Origin',(8.23923351890353,-63.8102705763028,5.));
#3127=CARTESIAN_POINT('',(8.3995228524676,-38.2997665247567,5.));
#3128=CARTESIAN_POINT('Origin',(-8.88013605512645,-38.1911937970318,5.));
#3129=CARTESIAN_POINT('',(-8.88013605512645,-38.1911937970318,5.));
#3130=CARTESIAN_POINT('Origin',(8.88178419700125E-15,1.68753899743024E-13,
5.));
#3131=CARTESIAN_POINT('Origin',(0.,0.,13.55));
#3132=CARTESIAN_POINT('',(47.8815617690501,-42.9616682934524,12.1));
#3133=CARTESIAN_POINT('',(47.8815617690501,-42.9616682934524,12.1));
#3134=CARTESIAN_POINT('',(63.1480767111882,-12.2747426725731,12.1));
#3135=CARTESIAN_POINT('Origin',(-1.50990331349021E-13,1.4210854715202E-13,
12.1));
#3136=CARTESIAN_POINT('',(63.1480767111882,-12.2747426725731,12.1));
#3137=CARTESIAN_POINT('Origin',(0.,0.,9.41));
#3138=CARTESIAN_POINT('',(63.1480767111882,-12.2747426725731,8.88999999999999));
#3139=CARTESIAN_POINT('',(47.8815617690501,-42.9616682934524,8.88999999999999));
#3140=CARTESIAN_POINT('Origin',(0.,0.,8.88999999999999));
#3141=CARTESIAN_POINT('',(63.1480767111882,-12.2747426725731,6.72));
#3142=CARTESIAN_POINT('',(47.8815617690501,-42.9616682934524,6.72));
#3143=CARTESIAN_POINT('Origin',(48.093690559726,-43.1520005717617,11.01));
#3144=CARTESIAN_POINT('',(49.16922074403,-44.1170186144174,10.62));
#3145=CARTESIAN_POINT('Origin',(64.8462917385527,-12.6048422345746,7.8));
#3146=CARTESIAN_POINT('',(63.1382604393538,-12.2728345826194,8.88));
#3147=CARTESIAN_POINT('',(63.1382604393538,-12.2728345826194,8.88));
#3148=CARTESIAN_POINT('',(63.1382604393538,-12.2728345826194,6.72));
#3149=CARTESIAN_POINT('Origin',(0.,0.,10.62));
#3150=CARTESIAN_POINT('Origin',(0.,0.,8.88));
#3151=CARTESIAN_POINT('',(10.0618647913876,-63.5281140670793,8.88));
#3152=CARTESIAN_POINT('Origin',(0.,0.,7.8));
#3153=CARTESIAN_POINT('Origin',(10.3340607605576,-65.2466917797148,7.8));
#3154=CARTESIAN_POINT('Origin',(0.,0.,13.55));
#3155=CARTESIAN_POINT('',(-42.9616682934524,-47.8815617690501,12.1));
#3156=CARTESIAN_POINT('',(-42.9616682934524,-47.8815617690501,12.1));
#3157=CARTESIAN_POINT('',(-12.2747426725731,-63.1480767111882,12.1));
#3158=CARTESIAN_POINT('Origin',(1.4210854715202E-13,1.50990331349021E-13,
12.1));
#3159=CARTESIAN_POINT('',(-12.2747426725731,-63.1480767111882,12.1));
#3160=CARTESIAN_POINT('Origin',(0.,0.,9.41));
#3161=CARTESIAN_POINT('',(-12.2747426725731,-63.1480767111882,8.88999999999999));
#3162=CARTESIAN_POINT('',(-42.9616682934524,-47.8815617690501,8.88999999999999));
#3163=CARTESIAN_POINT('Origin',(0.,0.,8.88999999999999));
#3164=CARTESIAN_POINT('',(-12.2747426725731,-63.1480767111882,6.72));
#3165=CARTESIAN_POINT('',(-42.9616682934524,-47.8815617690501,6.72));
#3166=CARTESIAN_POINT('Origin',(-43.1520005717617,-48.093690559726,11.01));
#3167=CARTESIAN_POINT('',(-44.1170186144174,-49.16922074403,10.62));
#3168=CARTESIAN_POINT('Origin',(-12.6048422345746,-64.8462917385527,7.8));
#3169=CARTESIAN_POINT('',(-12.2728345826194,-63.1382604393538,8.88));
#3170=CARTESIAN_POINT('',(-12.2728345826194,-63.1382604393538,8.88));
#3171=CARTESIAN_POINT('',(-12.2728345826194,-63.1382604393538,6.72));
#3172=CARTESIAN_POINT('Origin',(0.,0.,10.62));
#3173=CARTESIAN_POINT('Origin',(0.,0.,8.88));
#3174=CARTESIAN_POINT('',(-63.5281140670793,-10.0618647913876,8.88));
#3175=CARTESIAN_POINT('Origin',(0.,0.,7.8));
#3176=CARTESIAN_POINT('Origin',(-65.2466917797148,-10.3340607605576,7.8));
#3177=CARTESIAN_POINT('Origin',(0.,0.,13.55));
#3178=CARTESIAN_POINT('',(-47.8815617690501,42.9616682934524,12.1));
#3179=CARTESIAN_POINT('',(-47.8815617690501,42.9616682934524,12.1));
#3180=CARTESIAN_POINT('',(-63.1480767111882,12.2747426725731,12.1));
#3181=CARTESIAN_POINT('Origin',(1.50990331349021E-13,-1.4210854715202E-13,
12.1));
#3182=CARTESIAN_POINT('',(-63.1480767111882,12.2747426725731,12.1));
#3183=CARTESIAN_POINT('Origin',(0.,0.,9.41));
#3184=CARTESIAN_POINT('',(-63.1480767111882,12.2747426725731,8.88999999999999));
#3185=CARTESIAN_POINT('',(-47.8815617690502,42.9616682934524,8.88999999999999));
#3186=CARTESIAN_POINT('Origin',(0.,0.,8.89));
#3187=CARTESIAN_POINT('',(-63.1480767111882,12.2747426725731,6.72));
#3188=CARTESIAN_POINT('',(-47.8815617690501,42.9616682934524,6.72));
#3189=CARTESIAN_POINT('Origin',(-48.093690559726,43.1520005717617,11.01));
#3190=CARTESIAN_POINT('',(-49.16922074403,44.1170186144173,10.62));
#3191=CARTESIAN_POINT('Origin',(-64.8462917385527,12.6048422345746,7.8));
#3192=CARTESIAN_POINT('',(-63.1382604393538,12.2728345826194,8.88));
#3193=CARTESIAN_POINT('',(-63.1382604393538,12.2728345826194,8.88));
#3194=CARTESIAN_POINT('',(-63.1382604393538,12.2728345826194,6.72));
#3195=CARTESIAN_POINT('Origin',(0.,0.,10.62));
#3196=CARTESIAN_POINT('Origin',(0.,0.,8.88));
#3197=CARTESIAN_POINT('',(-10.0618647913876,63.5281140670793,8.88));
#3198=CARTESIAN_POINT('Origin',(0.,0.,7.8));
#3199=CARTESIAN_POINT('Origin',(-10.3340607605576,65.2466917797148,7.8));
#3200=CARTESIAN_POINT('Origin',(0.,0.,13.55));
#3201=CARTESIAN_POINT('',(42.9616682934524,47.8815617690501,12.1));
#3202=CARTESIAN_POINT('',(42.9616682934524,47.8815617690501,12.1));
#3203=CARTESIAN_POINT('',(12.2747426725731,63.1480767111882,12.1));
#3204=CARTESIAN_POINT('Origin',(-1.4210854715202E-13,-1.50990331349021E-13,
12.1));
#3205=CARTESIAN_POINT('',(12.2747426725731,63.1480767111882,12.1));
#3206=CARTESIAN_POINT('Origin',(0.,0.,9.41));
#3207=CARTESIAN_POINT('',(12.2747426725731,63.1480767111882,8.88999999999999));
#3208=CARTESIAN_POINT('',(42.9616682934524,47.8815617690502,8.88999999999999));
#3209=CARTESIAN_POINT('Origin',(0.,0.,8.89));
#3210=CARTESIAN_POINT('',(12.2747426725731,63.1480767111882,6.72));
#3211=CARTESIAN_POINT('',(42.9616682934524,47.8815617690501,6.72));
#3212=CARTESIAN_POINT('Origin',(43.1520005717617,48.093690559726,11.01));
#3213=CARTESIAN_POINT('',(44.1170186144173,49.16922074403,10.62));
#3214=CARTESIAN_POINT('Origin',(12.6048422345746,64.8462917385527,7.8));
#3215=CARTESIAN_POINT('',(12.2728345826194,63.1382604393538,8.88));
#3216=CARTESIAN_POINT('',(12.2728345826194,63.1382604393538,8.88));
#3217=CARTESIAN_POINT('',(12.2728345826194,63.1382604393538,6.72));
#3218=CARTESIAN_POINT('Origin',(0.,0.,10.62));
#3219=CARTESIAN_POINT('Origin',(0.,0.,8.88));
#3220=CARTESIAN_POINT('',(63.5281140670793,10.0618647913876,8.88));
#3221=CARTESIAN_POINT('Origin',(0.,0.,7.8));
#3222=CARTESIAN_POINT('Origin',(65.2466917797148,10.3340607605577,7.8));
#3223=CARTESIAN_POINT('Origin',(32.4061151545177,12.7225366084023,0.));
#3224=CARTESIAN_POINT('',(-4.90895212749659,6.79905765602459,10.));
#3225=CARTESIAN_POINT('',(-31.0979944796379,2.64174929628304,0.));
#3226=CARTESIAN_POINT('Ctrl Pts',(-4.90895212749659,6.79905765602459,10.));
#3227=CARTESIAN_POINT('Ctrl Pts',(-6.17248758855175,6.59848115290381,9.99956667701916));
#3228=CARTESIAN_POINT('Ctrl Pts',(-7.49902232019706,6.38790400177306,9.98222103085568));
#3229=CARTESIAN_POINT('Ctrl Pts',(-10.2168058117186,5.95647684695972,9.82707747329889));
#3230=CARTESIAN_POINT('Ctrl Pts',(-11.6086351947897,5.73553467382592,9.68667171180854));
#3231=CARTESIAN_POINT('Ctrl Pts',(-14.3597818459728,5.29881137489615,9.24283887592441));
#3232=CARTESIAN_POINT('Ctrl Pts',(-15.7204015795626,5.08282349275736,8.93970484112581));
#3233=CARTESIAN_POINT('Ctrl Pts',(-18.3397881440431,4.66701609073454,8.18183199129942));
#3234=CARTESIAN_POINT('Ctrl Pts',(-19.5986370528214,4.46718354161929,7.72738403540873));
#3235=CARTESIAN_POINT('Ctrl Pts',(-22.5290340134815,4.00200563942245,6.46778214762567));
#3236=CARTESIAN_POINT('Ctrl Pts',(-24.3728403311747,3.70931561604465,5.47363672100015));
#3237=CARTESIAN_POINT('Ctrl Pts',(-27.8109887682384,3.16353608553546,3.11391082661846));
#3238=CARTESIAN_POINT('Ctrl Pts',(-29.4052525863813,2.91045900811964,1.74821340030506));
#3239=CARTESIAN_POINT('Ctrl Pts',(-30.8600723953175,2.67951759100769,0.251085043895853));
#3240=CARTESIAN_POINT('Ctrl Pts',(-30.9791173610419,2.66062012142723,0.126529828924674));
#3241=CARTESIAN_POINT('Ctrl Pts',(-31.0979944796379,2.64174929628304,1.56125112837913E-15));
#3242=CARTESIAN_POINT('',(2.56209257099027,7.98502834419994,10.));
#3243=CARTESIAN_POINT('',(15.6163426881323,10.0572898042573,10.));
#3244=CARTESIAN_POINT('',(28.7511349231316,12.1423367039415,0.));
#3245=CARTESIAN_POINT('Ctrl Pts',(28.7511349231316,12.1423367039415,2.77555756156289E-16));
#3246=CARTESIAN_POINT('Ctrl Pts',(28.6322578045356,12.1234658787973,0.126529828924671));
#3247=CARTESIAN_POINT('Ctrl Pts',(28.5132128388112,12.1045684092168,0.251085043895854));
#3248=CARTESIAN_POINT('Ctrl Pts',(27.0583930298749,11.8736269921049,1.74821340030506));
#3249=CARTESIAN_POINT('Ctrl Pts',(25.4641292117321,11.6205499146891,3.11391082661845));
#3250=CARTESIAN_POINT('Ctrl Pts',(22.0259807746684,11.0747703841799,5.47363672100015));
#3251=CARTESIAN_POINT('Ctrl Pts',(20.1821744569752,10.7820803608021,6.46778214762567));
#3252=CARTESIAN_POINT('Ctrl Pts',(17.2517774963151,10.3169024586052,7.72738403540873));
#3253=CARTESIAN_POINT('Ctrl Pts',(15.9929285875368,10.11706990949,8.18183199129942));
#3254=CARTESIAN_POINT('Ctrl Pts',(13.3735420230563,9.70126250746717,8.93970484112582));
#3255=CARTESIAN_POINT('Ctrl Pts',(12.0129222894665,9.48527462532838,9.24283887592442));
#3256=CARTESIAN_POINT('Ctrl Pts',(9.26177563828338,9.04855132639861,9.68667171180854));
#3257=CARTESIAN_POINT('Ctrl Pts',(7.86994625521231,8.82760915326481,9.82707747329889));
#3258=CARTESIAN_POINT('Ctrl Pts',(5.15216276369074,8.39618199845147,9.98222103085568));
#3259=CARTESIAN_POINT('Ctrl Pts',(3.82562803204543,8.18560484732072,9.99956667701916));
#3260=CARTESIAN_POINT('Ctrl Pts',(2.56209257099027,7.98502834419994,10.));
#3261=CARTESIAN_POINT('',(32.4061151545177,12.7225366084023,0.));
#3262=CARTESIAN_POINT('Origin',(-32.4012863544255,-12.7529557255767,0.));
#3263=CARTESIAN_POINT('',(-28.7387755059403,-12.1715603937689,0.));
#3264=CARTESIAN_POINT('',(-2.49644998896311,-8.00579374282189,10.));
#3265=CARTESIAN_POINT('Ctrl Pts',(-28.7387755059403,-12.1715603937689,4.54497550705923E-15));
#3266=CARTESIAN_POINT('Ctrl Pts',(-28.6221602421715,-12.1530486206227,0.124091131462514));
#3267=CARTESIAN_POINT('Ctrl Pts',(-28.5053861933125,-12.1345116415688,0.246279836043054));
#3268=CARTESIAN_POINT('Ctrl Pts',(-27.0533059973048,-11.9040051168663,1.74116798763017));
#3269=CARTESIAN_POINT('Ctrl Pts',(-25.4595573303964,-11.6510098157333,3.10697891672682));
#3270=CARTESIAN_POINT('Ctrl Pts',(-22.0224309611275,-11.1053925305987,5.46709933827021));
#3271=CARTESIAN_POINT('Ctrl Pts',(-20.1791323572819,-10.812783102876,6.46152692529439));
#3272=CARTESIAN_POINT('Ctrl Pts',(-17.2446202879915,-10.3469519589424,7.72380938449707));
#3273=CARTESIAN_POINT('Ctrl Pts',(-15.980805189343,-10.1463310655118,8.1800939520888));
#3274=CARTESIAN_POINT('Ctrl Pts',(-13.3509686351711,-9.7288648082731,8.94046183650105));
#3275=CARTESIAN_POINT('Ctrl Pts',(-11.9848633442132,-9.51200613623685,9.2442478589091));
#3276=CARTESIAN_POINT('Ctrl Pts',(-9.22258028123522,-9.07351501787979,9.68838638804941));
#3277=CARTESIAN_POINT('Ctrl Pts',(-7.82508756321695,-8.85167383402985,9.82843775534242));
#3278=CARTESIAN_POINT('Ctrl Pts',(-5.09651379531825,-8.41853380611549,9.98268665015771));
#3279=CARTESIAN_POINT('Ctrl Pts',(-3.76484376633776,-8.20714146616438,9.99957209244661));
#3280=CARTESIAN_POINT('Ctrl Pts',(-2.49644998896311,-8.00579374282189,10.));
#3281=CARTESIAN_POINT('',(31.0952926626311,-2.67336384080444,0.));
#3282=CARTESIAN_POINT('',(-32.4012863544255,-12.7529557255767,0.));
#3283=CARTESIAN_POINT('',(4.85296714565386,-6.83913049175143,10.));
#3284=CARTESIAN_POINT('Ctrl Pts',(4.85296714565386,-6.83913049175143,10.));
#3285=CARTESIAN_POINT('Ctrl Pts',(6.1213609230285,-6.63778276840894,9.99957209244661));
#3286=CARTESIAN_POINT('Ctrl Pts',(7.45303095200899,-6.42639042845783,9.98268665015771));
#3287=CARTESIAN_POINT('Ctrl Pts',(10.1816047199077,-5.99325040054347,9.82843775534242));
#3288=CARTESIAN_POINT('Ctrl Pts',(11.579097437926,-5.77140921669353,9.68838638804941));
#3289=CARTESIAN_POINT('Ctrl Pts',(14.341380500904,-5.33291809833646,9.2442478589091));
#3290=CARTESIAN_POINT('Ctrl Pts',(15.7074857918618,-5.11605942630022,8.94046183650105));
#3291=CARTESIAN_POINT('Ctrl Pts',(18.3373223460338,-4.69859316906156,8.1800939520888));
#3292=CARTESIAN_POINT('Ctrl Pts',(19.6011374446823,-4.49797227563095,7.72380938449707));
#3293=CARTESIAN_POINT('Ctrl Pts',(22.5356495139727,-4.03214113169735,6.46152692529439));
#3294=CARTESIAN_POINT('Ctrl Pts',(24.3789481178182,-3.73953170397459,5.46709933827021));
#3295=CARTESIAN_POINT('Ctrl Pts',(27.8160744870871,-3.19391441884001,3.10697891672682));
#3296=CARTESIAN_POINT('Ctrl Pts',(29.4098231539956,-2.94091911770699,1.74116798763018));
#3297=CARTESIAN_POINT('Ctrl Pts',(30.8619033500033,-2.71041259300452,0.246279836043053));
#3298=CARTESIAN_POINT('Ctrl Pts',(30.9786773988622,-2.69187561395067,0.124091131462511));
#3299=CARTESIAN_POINT('Ctrl Pts',(31.0952926626311,-2.67336384080444,2.15105711021124E-15));
#3300=CARTESIAN_POINT('',(-15.6115138880401,-10.0877089214317,10.));
#3301=CARTESIAN_POINT('Origin',(0.,0.,0.));
#3302=CARTESIAN_POINT('',(-64.425,-7.88978700350682E-15,0.));
#3303=CARTESIAN_POINT('Origin',(0.,0.,0.));
#3304=CARTESIAN_POINT('Origin',(0.,0.,0.));
#3305=CARTESIAN_POINT('Origin',(0.,0.,0.));
#3306=CARTESIAN_POINT('Origin',(0.,0.,10.));
#3307=CARTESIAN_POINT('Origin',(0.,0.,10.));
#3308=CARTESIAN_POINT('Ctrl Pts',(-28.7387755059404,-12.1715603937689,-4.44089209850063E-15));
#3309=CARTESIAN_POINT('Ctrl Pts',(-19.2179853542384,-34.6514924613948,-4.44089209850063E-15));
#3310=CARTESIAN_POINT('Ctrl Pts',(4.89307957396268,-30.8240469809347,-4.44089209850063E-15));
#3311=CARTESIAN_POINT('Ctrl Pts',(29.0041445021638,-26.9966015004746,-4.44089209850063E-15));
#3312=CARTESIAN_POINT('Ctrl Pts',(31.0952926626311,-2.67336384080443,-4.44089209850063E-15));
#3313=CARTESIAN_POINT('Ctrl Pts',(-20.2434814426309,-8.57359969662561,9.98978822860562));
#3314=CARTESIAN_POINT('Ctrl Pts',(-13.5370739718142,-24.408376218281,9.98978822860562));
#3315=CARTESIAN_POINT('Ctrl Pts',(3.44666617867402,-21.7123385412283,9.98978822860562));
#3316=CARTESIAN_POINT('Ctrl Pts',(20.4304063291623,-19.0163008641755,9.98978822860562));
#3317=CARTESIAN_POINT('Ctrl Pts',(21.9034029420995,-1.88310706868978,9.98978822860562));
#3318=CARTESIAN_POINT('Ctrl Pts',(-7.7219920343741,-3.27044874918762,10.));
#3319=CARTESIAN_POINT('Ctrl Pts',(-5.16379446269283,-9.31071502022611,10.));
#3320=CARTESIAN_POINT('Ctrl Pts',(1.31475057056235,-8.28229599430049,10.));
#3321=CARTESIAN_POINT('Ctrl Pts',(7.79329560381753,-7.25387696837488,10.));
#3322=CARTESIAN_POINT('Ctrl Pts',(8.35517860521706,-0.718321985549054,10.));
#3323=CARTESIAN_POINT('Ctrl Pts',(28.7511349231316,12.1423367039415,-4.44089209850063E-15));
#3324=CARTESIAN_POINT('Ctrl Pts',(19.2432511887333,34.6555032176321,-4.44089209850063E-15));
#3325=CARTESIAN_POINT('Ctrl Pts',(-4.89307957396268,30.8240469809347,-4.44089209850063E-15));
#3326=CARTESIAN_POINT('Ctrl Pts',(-29.0294103366587,26.9925907442373,-4.44089209850063E-15));
#3327=CARTESIAN_POINT('Ctrl Pts',(-31.0979944796379,2.64174929628303,-4.44089209850063E-15));
#3328=CARTESIAN_POINT('Ctrl Pts',(20.2521873679234,8.55301464342516,9.98978822860562));
#3329=CARTESIAN_POINT('Ctrl Pts',(13.5548711271462,24.4112013793406,9.98978822860562));
#3330=CARTESIAN_POINT('Ctrl Pts',(-3.44666617867402,21.7123385412283,9.98978822860562));
#3331=CARTESIAN_POINT('Ctrl Pts',(-20.4482034844943,19.0134757031159,9.98978822860562));
#3332=CARTESIAN_POINT('Ctrl Pts',(-21.9053060914674,1.86083790676241,9.98978822860562));
#3333=CARTESIAN_POINT('Ctrl Pts',(7.72531295948033,3.2625964626483,10.));
#3334=CARTESIAN_POINT('Ctrl Pts',(5.17058328960966,9.31179269410645,10.));
#3335=CARTESIAN_POINT('Ctrl Pts',(-1.31475057056235,8.28229599430049,10.));
#3336=CARTESIAN_POINT('Ctrl Pts',(-7.80008443073437,7.25279929449453,10.));
#3337=CARTESIAN_POINT('Ctrl Pts',(-8.35590457245252,0.709827286082329,10.));
#3338=CARTESIAN_POINT('Origin',(0.,0.,10.));
#3339=CARTESIAN_POINT('Origin',(0.,0.,10.));
#3340=CARTESIAN_POINT('Origin',(0.,0.,1.45));
#3341=CARTESIAN_POINT('',(-65.875,-8.06736078938319E-15,1.45));
#3342=UNCERTAINTY_MEASURE_WITH_UNIT(LENGTH_MEASURE(0.01),#3346,
'DISTANCE_ACCURACY_VALUE',
'Maximum model space distance between geometric entities at asserted c
onnectivities');
#3343=UNCERTAINTY_MEASURE_WITH_UNIT(LENGTH_MEASURE(0.01),#3346,
'DISTANCE_ACCURACY_VALUE',
'Maximum model space distance between geometric entities at asserted c
onnectivities');
#3344=(
GEOMETRIC_REPRESENTATION_CONTEXT(3)
GLOBAL_UNCERTAINTY_ASSIGNED_CONTEXT((#3342))
GLOBAL_UNIT_ASSIGNED_CONTEXT((#3346,#3348,#3349))
REPRESENTATION_CONTEXT('','3D')
);
#3345=(
GEOMETRIC_REPRESENTATION_CONTEXT(3)
GLOBAL_UNCERTAINTY_ASSIGNED_CONTEXT((#3343))
GLOBAL_UNIT_ASSIGNED_CONTEXT((#3346,#3348,#3349))
REPRESENTATION_CONTEXT('','3D')
);
#3346=(
LENGTH_UNIT()
NAMED_UNIT(*)
SI_UNIT(.MILLI.,.METRE.)
);
#3347=(
LENGTH_UNIT()
NAMED_UNIT(*)
SI_UNIT($,.METRE.)
);
#3348=(
NAMED_UNIT(*)
PLANE_ANGLE_UNIT()
SI_UNIT($,.RADIAN.)
);
#3349=(
NAMED_UNIT(*)
SI_UNIT($,.STERADIAN.)
SOLID_ANGLE_UNIT()
);
#3350=SHAPE_DEFINITION_REPRESENTATION(#3351,#3352);
#3351=PRODUCT_DEFINITION_SHAPE('',$,#3354);
#3352=SHAPE_REPRESENTATION('',(#1888),#3344);
#3353=PRODUCT_DEFINITION_CONTEXT('part definition',#3358,'design');
#3354=PRODUCT_DEFINITION('Base parametrica','Base parametrica',#3355,#3353);
#3355=PRODUCT_DEFINITION_FORMATION('',$,#3360);
#3356=PRODUCT_RELATED_PRODUCT_CATEGORY('Base parametrica',
'Base parametrica',(#3360));
#3357=APPLICATION_PROTOCOL_DEFINITION('international standard',
'automotive_design',2009,#3358);
#3358=APPLICATION_CONTEXT(
'Core Data for Automotive Mechanical Design Process');
#3359=PRODUCT_CONTEXT('part definition',#3358,'mechanical');
#3360=PRODUCT('Base parametrica','Base parametrica',$,(#3359));
#3361=PRESENTATION_STYLE_ASSIGNMENT((#3363));
#3362=PRESENTATION_STYLE_ASSIGNMENT((#3364));
#3363=SURFACE_STYLE_USAGE(.BOTH.,#3365);
#3364=SURFACE_STYLE_USAGE(.BOTH.,#3366);
#3365=SURFACE_SIDE_STYLE('',(#3367));
#3366=SURFACE_SIDE_STYLE('',(#3368));
#3367=SURFACE_STYLE_FILL_AREA(#3369);
#3368=SURFACE_STYLE_FILL_AREA(#3370);
#3369=FILL_AREA_STYLE('Acciaio - Satinato',(#3371));
#3370=FILL_AREA_STYLE('PLA bianco opaco',(#3372));
#3371=FILL_AREA_STYLE_COLOUR('Acciaio - Satinato',#3373);
#3372=FILL_AREA_STYLE_COLOUR('PLA bianco opaco',#3374);
#3373=COLOUR_RGB('Acciaio - Satinato',0.627450980392157,0.627450980392157,
0.627450980392157);
#3374=COLOUR_RGB('PLA bianco opaco',0.941176470588235,0.941176470588235,
0.925490196078431);
ENDSEC;
END-ISO-10303-21;
