ISO-10303-21;
HEADER;
/* Generated by software containing ST-Developer
 * from STEP Tools, Inc. (www.steptools.com) 
 */

FILE_DESCRIPTION(
/* description */ (''),
/* implementation_level */ '2;1');

FILE_NAME(
/* name */ 'Vaso_senza_texture.step',
/* time_stamp */ '2026-09-24T00:40:33+02:00',
/* author */ (''),
/* organization */ (''),
/* preprocessor_version */ 'ST-DEVELOPER v20.2',
/* originating_system */ 'Autodesk Translation Framework v15.15.0.0',
/* authorisation */ '');

FILE_SCHEMA (('AUTOMOTIVE_DESIGN { 1 0 10303 214 3 1 1 }'));
ENDSEC;

DATA;
#10=MECHANICAL_DESIGN_GEOMETRIC_PRESENTATION_REPRESENTATION('',(#13),#2199);
#11=SHAPE_REPRESENTATION_RELATIONSHIP('SRR','None',#2206,#12);
#12=ADVANCED_BREP_SHAPE_REPRESENTATION('',(#14),#2198);
#13=STYLED_ITEM('',(#2215),#14);
#14=MANIFOLD_SOLID_BREP('Corpo1',#1072);
#15=FACE_BOUND('',#376,.T.);
#16=FACE_BOUND('',#382,.T.);
#17=FACE_BOUND('',#388,.T.);
#18=FACE_BOUND('',#393,.T.);
#19=FACE_BOUND('',#394,.T.);
#20=FACE_BOUND('',#395,.T.);
#21=FACE_BOUND('',#397,.T.);
#22=FACE_BOUND('',#399,.T.);
#23=FACE_BOUND('',#401,.T.);
#24=FACE_BOUND('',#417,.T.);
#25=FACE_BOUND('',#418,.T.);
#26=FACE_BOUND('',#419,.T.);
#27=FACE_BOUND('',#420,.T.);
#28=FACE_BOUND('',#424,.T.);
#29=FACE_BOUND('',#430,.T.);
#30=FACE_BOUND('',#436,.T.);
#31=FACE_BOUND('',#442,.T.);
#32=FACE_BOUND('',#446,.T.);
#33=FACE_BOUND('',#449,.T.);
#34=TOROIDAL_SURFACE('',#1098,34.6374576271186,2.43745762711859);
#35=TOROIDAL_SURFACE('',#1109,34.6374576271186,2.43745762711859);
#36=TOROIDAL_SURFACE('',#1120,34.6374576271186,2.43745762711859);
#37=TOROIDAL_SURFACE('',#1171,66.9874576271186,2.43745762711863);
#38=TOROIDAL_SURFACE('',#1180,66.9874576271186,2.43745762711863);
#39=TOROIDAL_SURFACE('',#1189,66.9874576271186,2.43745762711863);
#40=TOROIDAL_SURFACE('',#1198,66.9874576271186,2.43745762711863);
#41=CONICAL_SURFACE('',#1095,33.995,0.785398163397448);
#42=CONICAL_SURFACE('',#1101,33.995,0.785398163397448);
#43=CONICAL_SURFACE('',#1106,33.995,0.785398163397448);
#44=CONICAL_SURFACE('',#1112,33.995,0.785398163397448);
#45=CONICAL_SURFACE('',#1117,33.995,0.785398163397448);
#46=CONICAL_SURFACE('',#1123,33.995,0.785398163397448);
#47=CONICAL_SURFACE('',#1169,66.345,0.785398163397449);
#48=CONICAL_SURFACE('',#1174,66.345,0.78539816339745);
#49=CONICAL_SURFACE('',#1178,66.345,0.785398163397449);
#50=CONICAL_SURFACE('',#1183,66.345,0.78539816339745);
#51=CONICAL_SURFACE('',#1187,66.345,0.785398163397449);
#52=CONICAL_SURFACE('',#1192,66.345,0.78539816339745);
#53=CONICAL_SURFACE('',#1196,66.345,0.785398163397449);
#54=CONICAL_SURFACE('',#1201,66.345,0.78539816339745);
#55=CIRCLE('',#1094,2.43745762711859);
#56=CIRCLE('',#1096,35.2);
#57=CIRCLE('',#1097,32.79);
#58=CIRCLE('',#1099,2.43745762711859);
#59=CIRCLE('',#1100,32.79);
#60=CIRCLE('',#1102,35.2);
#61=CIRCLE('',#1105,2.43745762711859);
#62=CIRCLE('',#1107,35.2);
#63=CIRCLE('',#1108,32.79);
#64=CIRCLE('',#1110,2.43745762711859);
#65=CIRCLE('',#1111,32.79);
#66=CIRCLE('',#1113,35.2);
#67=CIRCLE('',#1116,2.43745762711859);
#68=CIRCLE('',#1118,35.2);
#69=CIRCLE('',#1119,32.79);
#70=CIRCLE('',#1121,2.43745762711859);
#71=CIRCLE('',#1122,32.79);
#72=CIRCLE('',#1124,35.2);
#73=CIRCLE('',#1127,39.2);
#74=CIRCLE('',#1128,39.2);
#75=CIRCLE('',#1130,35.2);
#76=CIRCLE('',#1131,35.2);
#77=CIRCLE('',#1134,71.8);
#78=CIRCLE('',#1136,71.8);
#79=CIRCLE('',#1138,71.8);
#80=CIRCLE('',#1140,75.);
#81=CIRCLE('',#1141,75.);
#82=CIRCLE('',#1142,75.);
#83=CIRCLE('',#1152,67.55);
#84=CIRCLE('',#1153,67.55);
#85=CIRCLE('',#1158,67.55);
#86=CIRCLE('',#1159,67.55);
#87=CIRCLE('',#1160,67.55);
#88=CIRCLE('',#1161,67.55);
#89=CIRCLE('',#1162,67.55);
#90=CIRCLE('',#1163,67.55);
#91=CIRCLE('',#1164,67.55);
#92=CIRCLE('',#1165,67.55);
#93=CIRCLE('',#1166,67.55);
#94=CIRCLE('',#1168,2.43745762711863);
#95=CIRCLE('',#1170,65.14);
#96=CIRCLE('',#1172,2.43745762711863);
#97=CIRCLE('',#1173,65.14);
#98=CIRCLE('',#1177,2.43745762711863);
#99=CIRCLE('',#1179,65.14);
#100=CIRCLE('',#1181,2.43745762711863);
#101=CIRCLE('',#1182,65.14);
#102=CIRCLE('',#1186,2.43745762711863);
#103=CIRCLE('',#1188,65.14);
#104=CIRCLE('',#1190,2.43745762711863);
#105=CIRCLE('',#1191,65.14);
#106=CIRCLE('',#1195,2.43745762711863);
#107=CIRCLE('',#1197,65.14);
#108=CIRCLE('',#1199,2.43745762711863);
#109=CIRCLE('',#1200,65.14);
#110=CIRCLE('',#1205,71.8);
#111=LINE('',#1877,#191);
#112=LINE('',#1879,#192);
#113=LINE('',#1882,#193);
#114=LINE('',#1886,#194);
#115=LINE('',#1895,#195);
#116=LINE('',#1898,#196);
#117=LINE('',#1902,#197);
#118=LINE('',#1904,#198);
#119=LINE('',#1907,#199);
#120=LINE('',#1911,#200);
#121=LINE('',#1920,#201);
#122=LINE('',#1923,#202);
#123=LINE('',#1927,#203);
#124=LINE('',#1929,#204);
#125=LINE('',#1932,#205);
#126=LINE('',#1936,#206);
#127=LINE('',#1945,#207);
#128=LINE('',#1948,#208);
#129=LINE('',#1953,#209);
#130=LINE('',#1959,#210);
#131=LINE('',#1970,#211);
#132=LINE('',#1976,#212);
#133=LINE('',#1980,#213);
#134=LINE('',#2001,#214);
#135=LINE('',#2006,#215);
#136=LINE('',#2008,#216);
#137=LINE('',#2010,#217);
#138=LINE('',#2011,#218);
#139=LINE('',#2015,#219);
#140=LINE('',#2017,#220);
#141=LINE('',#2019,#221);
#142=LINE('',#2020,#222);
#143=LINE('',#2023,#223);
#144=LINE('',#2025,#224);
#145=LINE('',#2026,#225);
#146=LINE('',#2029,#226);
#147=LINE('',#2031,#227);
#148=LINE('',#2032,#228);
#149=LINE('',#2035,#229);
#150=LINE('',#2037,#230);
#151=LINE('',#2038,#231);
#152=LINE('',#2041,#232);
#153=LINE('',#2042,#233);
#154=LINE('',#2044,#234);
#155=LINE('',#2047,#235);
#156=LINE('',#2048,#236);
#157=LINE('',#2050,#237);
#158=LINE('',#2051,#238);
#159=LINE('',#2053,#239);
#160=LINE('',#2058,#240);
#161=LINE('',#2061,#241);
#162=LINE('',#2062,#242);
#163=LINE('',#2065,#243);
#164=LINE('',#2066,#244);
#165=LINE('',#2089,#245);
#166=LINE('',#2094,#246);
#167=LINE('',#2097,#247);
#168=LINE('',#2102,#248);
#169=LINE('',#2105,#249);
#170=LINE('',#2110,#250);
#171=LINE('',#2113,#251);
#172=LINE('',#2118,#252);
#173=LINE('',#2121,#253);
#174=LINE('',#2124,#254);
#175=LINE('',#2127,#255);
#176=LINE('',#2130,#256);
#177=LINE('',#2137,#257);
#178=LINE('',#2141,#258);
#179=LINE('',#2144,#259);
#180=LINE('',#2147,#260);
#181=LINE('',#2154,#261);
#182=LINE('',#2158,#262);
#183=LINE('',#2161,#263);
#184=LINE('',#2164,#264);
#185=LINE('',#2171,#265);
#186=LINE('',#2175,#266);
#187=LINE('',#2178,#267);
#188=LINE('',#2181,#268);
#189=LINE('',#2188,#269);
#190=LINE('',#2194,#270);
#191=VECTOR('',#1225,10.);
#192=VECTOR('',#1226,10.);
#193=VECTOR('',#1229,10.);
#194=VECTOR('',#1232,10.);
#195=VECTOR('',#1245,10.);
#196=VECTOR('',#1250,10.);
#197=VECTOR('',#1253,10.);
#198=VECTOR('',#1254,10.);
#199=VECTOR('',#1257,10.);
#200=VECTOR('',#1260,10.);
#201=VECTOR('',#1273,10.);
#202=VECTOR('',#1278,10.);
#203=VECTOR('',#1281,10.);
#204=VECTOR('',#1282,10.);
#205=VECTOR('',#1285,10.);
#206=VECTOR('',#1288,10.);
#207=VECTOR('',#1301,10.);
#208=VECTOR('',#1306,10.);
#209=VECTOR('',#1311,39.2);
#210=VECTOR('',#1318,35.2);
#211=VECTOR('',#1333,71.8);
#212=VECTOR('',#1340,75.);
#213=VECTOR('',#1343,10.);
#214=VECTOR('',#1344,10.);
#215=VECTOR('',#1349,10.);
#216=VECTOR('',#1350,10.);
#217=VECTOR('',#1351,10.);
#218=VECTOR('',#1352,10.);
#219=VECTOR('',#1355,10.);
#220=VECTOR('',#1356,10.);
#221=VECTOR('',#1357,10.);
#222=VECTOR('',#1358,10.);
#223=VECTOR('',#1361,10.);
#224=VECTOR('',#1362,10.);
#225=VECTOR('',#1363,10.);
#226=VECTOR('',#1366,10.);
#227=VECTOR('',#1367,10.);
#228=VECTOR('',#1368,10.);
#229=VECTOR('',#1371,10.);
#230=VECTOR('',#1372,10.);
#231=VECTOR('',#1373,10.);
#232=VECTOR('',#1376,10.);
#233=VECTOR('',#1377,10.);
#234=VECTOR('',#1380,10.);
#235=VECTOR('',#1383,10.);
#236=VECTOR('',#1384,10.);
#237=VECTOR('',#1387,10.);
#238=VECTOR('',#1388,10.);
#239=VECTOR('',#1389,10.);
#240=VECTOR('',#1394,10.);
#241=VECTOR('',#1397,10.);
#242=VECTOR('',#1398,10.);
#243=VECTOR('',#1401,10.);
#244=VECTOR('',#1402,10.);
#245=VECTOR('',#1409,67.55);
#246=VECTOR('',#1412,10.);
#247=VECTOR('',#1415,10.);
#248=VECTOR('',#1418,10.);
#249=VECTOR('',#1421,10.);
#250=VECTOR('',#1424,10.);
#251=VECTOR('',#1427,10.);
#252=VECTOR('',#1430,10.);
#253=VECTOR('',#1433,10.);
#254=VECTOR('',#1436,10.);
#255=VECTOR('',#1439,10.);
#256=VECTOR('',#1442,10.);
#257=VECTOR('',#1453,10.);
#258=VECTOR('',#1458,10.);
#259=VECTOR('',#1461,10.);
#260=VECTOR('',#1464,10.);
#261=VECTOR('',#1475,10.);
#262=VECTOR('',#1480,10.);
#263=VECTOR('',#1483,10.);
#264=VECTOR('',#1486,10.);
#265=VECTOR('',#1497,10.);
#266=VECTOR('',#1502,10.);
#267=VECTOR('',#1505,10.);
#268=VECTOR('',#1508,10.);
#269=VECTOR('',#1519,10.);
#270=VECTOR('',#1528,71.8);
#271=PLANE('',#1093);
#272=PLANE('',#1103);
#273=PLANE('',#1104);
#274=PLANE('',#1114);
#275=PLANE('',#1115);
#276=PLANE('',#1125);
#277=PLANE('',#1132);
#278=PLANE('',#1133);
#279=PLANE('',#1135);
#280=PLANE('',#1143);
#281=PLANE('',#1144);
#282=PLANE('',#1145);
#283=PLANE('',#1146);
#284=PLANE('',#1147);
#285=PLANE('',#1148);
#286=PLANE('',#1149);
#287=PLANE('',#1150);
#288=PLANE('',#1151);
#289=PLANE('',#1154);
#290=PLANE('',#1155);
#291=PLANE('',#1167);
#292=PLANE('',#1175);
#293=PLANE('',#1176);
#294=PLANE('',#1184);
#295=PLANE('',#1185);
#296=PLANE('',#1193);
#297=PLANE('',#1194);
#298=PLANE('',#1202);
#299=PLANE('',#1203);
#300=PLANE('',#1206);
#301=FACE_OUTER_BOUND('',#366,.T.);
#302=FACE_OUTER_BOUND('',#367,.T.);
#303=FACE_OUTER_BOUND('',#368,.T.);
#304=FACE_OUTER_BOUND('',#369,.T.);
#305=FACE_OUTER_BOUND('',#370,.T.);
#306=FACE_OUTER_BOUND('',#371,.T.);
#307=FACE_OUTER_BOUND('',#372,.T.);
#308=FACE_OUTER_BOUND('',#373,.T.);
#309=FACE_OUTER_BOUND('',#374,.T.);
#310=FACE_OUTER_BOUND('',#375,.T.);
#311=FACE_OUTER_BOUND('',#377,.T.);
#312=FACE_OUTER_BOUND('',#378,.T.);
#313=FACE_OUTER_BOUND('',#379,.T.);
#314=FACE_OUTER_BOUND('',#380,.T.);
#315=FACE_OUTER_BOUND('',#381,.T.);
#316=FACE_OUTER_BOUND('',#383,.T.);
#317=FACE_OUTER_BOUND('',#384,.T.);
#318=FACE_OUTER_BOUND('',#385,.T.);
#319=FACE_OUTER_BOUND('',#386,.T.);
#320=FACE_OUTER_BOUND('',#387,.T.);
#321=FACE_OUTER_BOUND('',#389,.T.);
#322=FACE_OUTER_BOUND('',#390,.T.);
#323=FACE_OUTER_BOUND('',#391,.T.);
#324=FACE_OUTER_BOUND('',#392,.T.);
#325=FACE_OUTER_BOUND('',#396,.T.);
#326=FACE_OUTER_BOUND('',#398,.T.);
#327=FACE_OUTER_BOUND('',#400,.T.);
#328=FACE_OUTER_BOUND('',#402,.T.);
#329=FACE_OUTER_BOUND('',#403,.T.);
#330=FACE_OUTER_BOUND('',#404,.T.);
#331=FACE_OUTER_BOUND('',#405,.T.);
#332=FACE_OUTER_BOUND('',#406,.T.);
#333=FACE_OUTER_BOUND('',#407,.T.);
#334=FACE_OUTER_BOUND('',#408,.T.);
#335=FACE_OUTER_BOUND('',#409,.T.);
#336=FACE_OUTER_BOUND('',#410,.T.);
#337=FACE_OUTER_BOUND('',#411,.T.);
#338=FACE_OUTER_BOUND('',#412,.T.);
#339=FACE_OUTER_BOUND('',#413,.T.);
#340=FACE_OUTER_BOUND('',#414,.T.);
#341=FACE_OUTER_BOUND('',#415,.T.);
#342=FACE_OUTER_BOUND('',#416,.T.);
#343=FACE_OUTER_BOUND('',#421,.T.);
#344=FACE_OUTER_BOUND('',#422,.T.);
#345=FACE_OUTER_BOUND('',#423,.T.);
#346=FACE_OUTER_BOUND('',#425,.T.);
#347=FACE_OUTER_BOUND('',#426,.T.);
#348=FACE_OUTER_BOUND('',#427,.T.);
#349=FACE_OUTER_BOUND('',#428,.T.);
#350=FACE_OUTER_BOUND('',#429,.T.);
#351=FACE_OUTER_BOUND('',#431,.T.);
#352=FACE_OUTER_BOUND('',#432,.T.);
#353=FACE_OUTER_BOUND('',#433,.T.);
#354=FACE_OUTER_BOUND('',#434,.T.);
#355=FACE_OUTER_BOUND('',#435,.T.);
#356=FACE_OUTER_BOUND('',#437,.T.);
#357=FACE_OUTER_BOUND('',#438,.T.);
#358=FACE_OUTER_BOUND('',#439,.T.);
#359=FACE_OUTER_BOUND('',#440,.T.);
#360=FACE_OUTER_BOUND('',#441,.T.);
#361=FACE_OUTER_BOUND('',#443,.T.);
#362=FACE_OUTER_BOUND('',#444,.T.);
#363=FACE_OUTER_BOUND('',#445,.T.);
#364=FACE_OUTER_BOUND('',#447,.T.);
#365=FACE_OUTER_BOUND('',#448,.T.);
#366=EDGE_LOOP('',(#703));
#367=EDGE_LOOP('',(#704));
#368=EDGE_LOOP('',(#705));
#369=EDGE_LOOP('',(#706));
#370=EDGE_LOOP('',(#707));
#371=EDGE_LOOP('',(#708));
#372=EDGE_LOOP('',(#709));
#373=EDGE_LOOP('',(#710,#711,#712,#713));
#374=EDGE_LOOP('',(#714,#715,#716,#717));
#375=EDGE_LOOP('',(#718,#719,#720,#721));
#376=EDGE_LOOP('',(#722));
#377=EDGE_LOOP('',(#723,#724,#725,#726));
#378=EDGE_LOOP('',(#727,#728,#729,#730));
#379=EDGE_LOOP('',(#731,#732,#733,#734));
#380=EDGE_LOOP('',(#735,#736,#737,#738));
#381=EDGE_LOOP('',(#739,#740,#741,#742));
#382=EDGE_LOOP('',(#743));
#383=EDGE_LOOP('',(#744,#745,#746,#747));
#384=EDGE_LOOP('',(#748,#749,#750,#751));
#385=EDGE_LOOP('',(#752,#753,#754,#755));
#386=EDGE_LOOP('',(#756,#757,#758,#759));
#387=EDGE_LOOP('',(#760,#761,#762,#763));
#388=EDGE_LOOP('',(#764));
#389=EDGE_LOOP('',(#765,#766,#767,#768));
#390=EDGE_LOOP('',(#769,#770,#771,#772));
#391=EDGE_LOOP('',(#773,#774,#775,#776));
#392=EDGE_LOOP('',(#777,#778,#779,#780));
#393=EDGE_LOOP('',(#781,#782,#783,#784));
#394=EDGE_LOOP('',(#785,#786,#787,#788));
#395=EDGE_LOOP('',(#789,#790,#791,#792));
#396=EDGE_LOOP('',(#793));
#397=EDGE_LOOP('',(#794));
#398=EDGE_LOOP('',(#795));
#399=EDGE_LOOP('',(#796));
#400=EDGE_LOOP('',(#797));
#401=EDGE_LOOP('',(#798));
#402=EDGE_LOOP('',(#799,#800,#801,#802));
#403=EDGE_LOOP('',(#803,#804,#805,#806,#807,#808,#809,#810));
#404=EDGE_LOOP('',(#811,#812,#813,#814));
#405=EDGE_LOOP('',(#815,#816,#817,#818));
#406=EDGE_LOOP('',(#819,#820,#821,#822));
#407=EDGE_LOOP('',(#823,#824,#825,#826));
#408=EDGE_LOOP('',(#827,#828,#829,#830));
#409=EDGE_LOOP('',(#831,#832,#833,#834));
#410=EDGE_LOOP('',(#835,#836,#837,#838));
#411=EDGE_LOOP('',(#839,#840,#841,#842));
#412=EDGE_LOOP('',(#843,#844,#845,#846,#847,#848,#849,#850,#851,#852,#853,
#854,#855,#856));
#413=EDGE_LOOP('',(#857,#858,#859,#860,#861,#862,#863,#864));
#414=EDGE_LOOP('',(#865,#866,#867,#868,#869,#870,#871,#872));
#415=EDGE_LOOP('',(#873,#874,#875,#876));
#416=EDGE_LOOP('',(#877,#878,#879,#880,#881,#882,#883,#884));
#417=EDGE_LOOP('',(#885,#886,#887,#888));
#418=EDGE_LOOP('',(#889,#890,#891,#892));
#419=EDGE_LOOP('',(#893,#894,#895,#896));
#420=EDGE_LOOP('',(#897,#898,#899,#900));
#421=EDGE_LOOP('',(#901,#902,#903,#904));
#422=EDGE_LOOP('',(#905,#906,#907,#908));
#423=EDGE_LOOP('',(#909,#910,#911,#912));
#424=EDGE_LOOP('',(#913));
#425=EDGE_LOOP('',(#914,#915,#916,#917));
#426=EDGE_LOOP('',(#918,#919,#920,#921));
#427=EDGE_LOOP('',(#922,#923,#924,#925));
#428=EDGE_LOOP('',(#926,#927,#928,#929));
#429=EDGE_LOOP('',(#930,#931,#932,#933));
#430=EDGE_LOOP('',(#934));
#431=EDGE_LOOP('',(#935,#936,#937,#938));
#432=EDGE_LOOP('',(#939,#940,#941,#942));
#433=EDGE_LOOP('',(#943,#944,#945,#946));
#434=EDGE_LOOP('',(#947,#948,#949,#950));
#435=EDGE_LOOP('',(#951,#952,#953,#954));
#436=EDGE_LOOP('',(#955));
#437=EDGE_LOOP('',(#956,#957,#958,#959));
#438=EDGE_LOOP('',(#960,#961,#962,#963));
#439=EDGE_LOOP('',(#964,#965,#966,#967));
#440=EDGE_LOOP('',(#968,#969,#970,#971));
#441=EDGE_LOOP('',(#972,#973,#974,#975));
#442=EDGE_LOOP('',(#976));
#443=EDGE_LOOP('',(#977,#978,#979,#980));
#444=EDGE_LOOP('',(#981,#982,#983,#984));
#445=EDGE_LOOP('',(#985));
#446=EDGE_LOOP('',(#986));
#447=EDGE_LOOP('',(#987,#988,#989,#990));
#448=EDGE_LOOP('',(#991));
#449=EDGE_LOOP('',(#992));
#450=B_SPLINE_CURVE_WITH_KNOTS('',3,(#1534,#1535,#1536,#1537,#1538,#1539,
#1540,#1541,#1542,#1543,#1544,#1545,#1546,#1547,#1548,#1549,#1550,#1551,
#1552,#1553,#1554,#1555,#1556,#1557,#1558,#1559,#1560,#1561,#1562,#1563,
#1564,#1565,#1566,#1567,#1568,#1569,#1570,#1571,#1572,#1573,#1574,#1575,
#1576,#1577,#1578,#1579,#1580,#1581),.UNSPECIFIED.,.T.,.F.,(4,2,2,2,2,2,
2,2,2,2,2,2,2,2,2,2,2,2,2,2,2,2,2,4),(-1.36566351180954,-1.33235801022968,
-1.28462046253951,-1.20784815758724,-1.13261433601445,-1.07356982168591,
-1.02138905648176,-0.966755724871556,-0.904110728649099,-0.825810394219909,
-0.76165938316518,-0.720583421028472,-0.685723894856205,-0.647066125477568,
-0.590500072207692,-0.50268167694194,-0.435568245773849,-0.377698782074227,
-0.321575859529291,-0.258295361514266,-0.178351291272508,-0.0873427049164905,
-0.037905518780379,0.),.UNSPECIFIED.);
#451=B_SPLINE_CURVE_WITH_KNOTS('',3,(#1584,#1585,#1586,#1587,#1588,#1589,
#1590,#1591,#1592,#1593,#1594,#1595,#1596,#1597,#1598,#1599,#1600,#1601,
#1602,#1603,#1604,#1605,#1606,#1607,#1608,#1609,#1610,#1611,#1612,#1613,
#1614,#1615,#1616,#1617,#1618,#1619,#1620,#1621,#1622,#1623,#1624,#1625,
#1626,#1627,#1628,#1629,#1630,#1631),.UNSPECIFIED.,.T.,.F.,(4,2,2,2,2,2,
2,2,2,2,2,2,2,2,2,2,2,2,2,2,2,2,2,4),(-1.36566351181225,-1.33235801023239,
-1.28462046254218,-1.20784815758984,-1.13261433601671,-1.07356982168768,
-1.02138905648308,-0.966755724872393,-0.904110728649519,-0.825810394220032,
-0.761659383165072,-0.720583421028169,-0.68572389485569,-0.647066125476916,
-0.590500072206863,-0.502681676940822,-0.435568245772748,-0.377698782073309,
-0.321575859528523,-0.258295361513651,-0.178351291272245,-0.0873427049164854,
-0.0379055187803513,0.),.UNSPECIFIED.);
#452=B_SPLINE_CURVE_WITH_KNOTS('',3,(#1634,#1635,#1636,#1637,#1638,#1639,
#1640,#1641,#1642,#1643,#1644,#1645,#1646,#1647,#1648,#1649,#1650,#1651,
#1652,#1653,#1654,#1655,#1656,#1657,#1658,#1659,#1660,#1661,#1662,#1663,
#1664,#1665,#1666,#1667,#1668,#1669,#1670,#1671,#1672,#1673,#1674,#1675,
#1676,#1677,#1678,#1679,#1680,#1681),.UNSPECIFIED.,.T.,.F.,(4,2,2,2,2,2,
2,2,2,2,2,2,2,2,2,2,2,2,2,2,2,2,2,4),(-1.36566351181516,-1.33235801023526,
-1.28462046254501,-1.20784815759263,-1.13261433601942,-1.07356982169034,
-1.02138905648569,-0.966755724874938,-0.90411072865207,-0.825810394222558,
-0.761659383167494,-0.720583421030551,-0.685723894858061,-0.64706612547931,
-0.590500072209284,-0.502681676943158,-0.435568245774732,-0.377698782074863,
-0.321575859529681,-0.258295361514364,-0.17835129127245,-0.0873427049164938,
-0.0379055187803829,0.),.UNSPECIFIED.);
#453=B_SPLINE_CURVE_WITH_KNOTS('',3,(#1684,#1685,#1686,#1687,#1688,#1689,
#1690,#1691,#1692,#1693,#1694,#1695,#1696,#1697,#1698,#1699,#1700,#1701,
#1702,#1703,#1704,#1705,#1706,#1707,#1708,#1709,#1710,#1711,#1712,#1713,
#1714,#1715,#1716,#1717,#1718,#1719,#1720,#1721,#1722,#1723,#1724,#1725,
#1726,#1727,#1728,#1729,#1730,#1731),.UNSPECIFIED.,.T.,.F.,(4,2,2,2,2,2,
2,2,2,2,2,2,2,2,2,2,2,2,2,2,2,2,2,4),(-1.36566351182381,-1.33235801024386,
-1.28462046255347,-1.20784815760077,-1.13261433602714,-1.07356982169764,
-1.02138905649257,-0.966755724881326,-0.904110728657896,-0.825810394227639,
-0.761659383171873,-0.720583421034444,-0.685723894861495,-0.64706612548218,
-0.590500072211258,-0.502681676943748,-0.435568245774837,-0.377698782074944,
-0.321575859529667,-0.258295361514157,-0.17835129127238,-0.0873427049166248,
-0.0379055187803985,0.),.UNSPECIFIED.);
#454=B_SPLINE_CURVE_WITH_KNOTS('',3,(#1734,#1735,#1736,#1737,#1738,#1739,
#1740,#1741,#1742,#1743,#1744,#1745,#1746,#1747,#1748,#1749,#1750,#1751,
#1752,#1753,#1754,#1755,#1756,#1757,#1758,#1759,#1760,#1761,#1762,#1763,
#1764,#1765,#1766,#1767,#1768,#1769,#1770,#1771,#1772,#1773),
 .UNSPECIFIED.,.T.,.F.,(4,2,2,2,2,2,2,2,2,2,2,2,2,2,2,2,2,2,2,4),(-1.57128474740653,
-1.54946940050769,-1.43768260316113,-1.34731540144527,-1.27607695603643,
-1.2163351884932,-1.15739070400976,-1.09271904749241,-1.0128900907201,-0.905538757447621,
-0.775453382582462,-0.66015809236673,-0.566755283358584,-0.49370693919228,
-0.433229115949266,-0.374520000986028,-0.310643646931992,-0.2329339494095,
-0.128234791396026,0.),.UNSPECIFIED.);
#455=B_SPLINE_CURVE_WITH_KNOTS('',3,(#1776,#1777,#1778,#1779,#1780,#1781,
#1782,#1783,#1784,#1785,#1786,#1787,#1788,#1789,#1790,#1791,#1792,#1793,
#1794,#1795,#1796,#1797,#1798,#1799,#1800,#1801,#1802,#1803,#1804,#1805,
#1806,#1807,#1808,#1809,#1810,#1811,#1812,#1813,#1814,#1815,#1816,#1817,
#1818,#1819,#1820,#1821),.UNSPECIFIED.,.T.,.F.,(4,2,2,2,2,2,2,2,2,2,2,2,
2,2,2,2,2,2,2,2,2,2,4),(-1.47095232248786,-1.4278663261088,-1.3674877009265,
-1.27687846407892,-1.20156171369614,-1.14043631433294,-1.08444735355763,
-1.02400373907849,-0.950880742444508,-0.855129932353473,-0.790660639016275,
-0.739521248444339,-0.689122155111082,-0.627322888448026,-0.537776079015805,
-0.463605663599258,-0.40290557316006,-0.34679464006933,-0.285767493408074,
-0.211310547025764,-0.113510704021392,-0.0506420091069556,0.),
 .UNSPECIFIED.);
#456=B_SPLINE_CURVE_WITH_KNOTS('',3,(#1824,#1825,#1826,#1827,#1828,#1829,
#1830,#1831,#1832,#1833,#1834,#1835,#1836,#1837,#1838,#1839,#1840,#1841,
#1842,#1843,#1844,#1845,#1846,#1847,#1848,#1849,#1850,#1851,#1852,#1853,
#1854,#1855,#1856,#1857,#1858,#1859,#1860,#1861,#1862,#1863,#1864,#1865,
#1866,#1867,#1868,#1869,#1870,#1871,#1872,#1873),.UNSPECIFIED.,.T.,.F.,
(4,2,2,2,2,2,2,2,2,2,2,2,2,2,2,2,2,2,2,2,2,2,2,2,4),(-1.471258098956,-1.4695205153305,
-1.42985783099023,-1.37795402468074,-1.28482104367134,-1.20590824299266,
-1.14351570856341,-1.0875390591136,-1.02792787038565,-0.956846825546571,
-0.864867580772119,-0.798803077940267,-0.755146922155748,-0.716971208771744,
-0.673312702783402,-0.607246091182166,-0.517202740663623,-0.449160733607253,
-0.391013978679148,-0.334377974222939,-0.269827995975366,-0.186847796113924,
-0.0910319500992812,-0.0393802625004914,0.),.UNSPECIFIED.);
#457=B_SPLINE_CURVE_WITH_KNOTS('',3,(#1982,#1983,#1984,#1985,#1986,#1987,
#1988,#1989,#1990,#1991,#1992,#1993,#1994,#1995,#1996,#1997,#1998,#1999),
 .UNSPECIFIED.,.F.,.F.,(4,2,2,2,2,2,2,2,4),(-0.738362256473815,-0.646066972640833,
-0.553771688807851,-0.461476408522379,-0.369181128236908,-0.276885847951436,
-0.184590567665964,-0.092295283832982,0.),.UNSPECIFIED.);
#458=B_SPLINE_CURVE_WITH_KNOTS('',3,(#2068,#2069,#2070,#2071,#2072,#2073,
#2074,#2075,#2076,#2077,#2078,#2079,#2080,#2081,#2082,#2083,#2084,#2085),
 .UNSPECIFIED.,.F.,.F.,(4,2,2,2,2,2,2,2,4),(0.,0.0922969245581597,0.184593849116319,
0.276890768282159,0.369187687447998,0.461484606613837,0.553781525779676,
0.646078450337836,0.738375374895996),.UNSPECIFIED.);
#459=VERTEX_POINT('',#1533);
#460=VERTEX_POINT('',#1583);
#461=VERTEX_POINT('',#1633);
#462=VERTEX_POINT('',#1683);
#463=VERTEX_POINT('',#1733);
#464=VERTEX_POINT('',#1775);
#465=VERTEX_POINT('',#1823);
#466=VERTEX_POINT('',#1875);
#467=VERTEX_POINT('',#1876);
#468=VERTEX_POINT('',#1878);
#469=VERTEX_POINT('',#1880);
#470=VERTEX_POINT('',#1884);
#471=VERTEX_POINT('',#1885);
#472=VERTEX_POINT('',#1890);
#473=VERTEX_POINT('',#1894);
#474=VERTEX_POINT('',#1900);
#475=VERTEX_POINT('',#1901);
#476=VERTEX_POINT('',#1903);
#477=VERTEX_POINT('',#1905);
#478=VERTEX_POINT('',#1909);
#479=VERTEX_POINT('',#1910);
#480=VERTEX_POINT('',#1915);
#481=VERTEX_POINT('',#1919);
#482=VERTEX_POINT('',#1925);
#483=VERTEX_POINT('',#1926);
#484=VERTEX_POINT('',#1928);
#485=VERTEX_POINT('',#1930);
#486=VERTEX_POINT('',#1934);
#487=VERTEX_POINT('',#1935);
#488=VERTEX_POINT('',#1940);
#489=VERTEX_POINT('',#1944);
#490=VERTEX_POINT('',#1950);
#491=VERTEX_POINT('',#1952);
#492=VERTEX_POINT('',#1956);
#493=VERTEX_POINT('',#1958);
#494=VERTEX_POINT('',#1963);
#495=VERTEX_POINT('',#1966);
#496=VERTEX_POINT('',#1969);
#497=VERTEX_POINT('',#1973);
#498=VERTEX_POINT('',#1975);
#499=VERTEX_POINT('',#1977);
#500=VERTEX_POINT('',#1979);
#501=VERTEX_POINT('',#1981);
#502=VERTEX_POINT('',#2000);
#503=VERTEX_POINT('',#2004);
#504=VERTEX_POINT('',#2005);
#505=VERTEX_POINT('',#2007);
#506=VERTEX_POINT('',#2009);
#507=VERTEX_POINT('',#2013);
#508=VERTEX_POINT('',#2014);
#509=VERTEX_POINT('',#2016);
#510=VERTEX_POINT('',#2018);
#511=VERTEX_POINT('',#2022);
#512=VERTEX_POINT('',#2024);
#513=VERTEX_POINT('',#2028);
#514=VERTEX_POINT('',#2030);
#515=VERTEX_POINT('',#2034);
#516=VERTEX_POINT('',#2036);
#517=VERTEX_POINT('',#2040);
#518=VERTEX_POINT('',#2046);
#519=VERTEX_POINT('',#2052);
#520=VERTEX_POINT('',#2054);
#521=VERTEX_POINT('',#2056);
#522=VERTEX_POINT('',#2060);
#523=VERTEX_POINT('',#2064);
#524=VERTEX_POINT('',#2087);
#525=VERTEX_POINT('',#2090);
#526=VERTEX_POINT('',#2091);
#527=VERTEX_POINT('',#2093);
#528=VERTEX_POINT('',#2095);
#529=VERTEX_POINT('',#2098);
#530=VERTEX_POINT('',#2099);
#531=VERTEX_POINT('',#2101);
#532=VERTEX_POINT('',#2103);
#533=VERTEX_POINT('',#2106);
#534=VERTEX_POINT('',#2107);
#535=VERTEX_POINT('',#2109);
#536=VERTEX_POINT('',#2111);
#537=VERTEX_POINT('',#2114);
#538=VERTEX_POINT('',#2115);
#539=VERTEX_POINT('',#2117);
#540=VERTEX_POINT('',#2119);
#541=VERTEX_POINT('',#2123);
#542=VERTEX_POINT('',#2125);
#543=VERTEX_POINT('',#2129);
#544=VERTEX_POINT('',#2133);
#545=VERTEX_POINT('',#2140);
#546=VERTEX_POINT('',#2142);
#547=VERTEX_POINT('',#2146);
#548=VERTEX_POINT('',#2150);
#549=VERTEX_POINT('',#2157);
#550=VERTEX_POINT('',#2159);
#551=VERTEX_POINT('',#2163);
#552=VERTEX_POINT('',#2167);
#553=VERTEX_POINT('',#2174);
#554=VERTEX_POINT('',#2176);
#555=VERTEX_POINT('',#2180);
#556=VERTEX_POINT('',#2184);
#557=VERTEX_POINT('',#2192);
#558=EDGE_CURVE('',#459,#459,#450,.T.);
#559=EDGE_CURVE('',#460,#460,#451,.T.);
#560=EDGE_CURVE('',#461,#461,#452,.T.);
#561=EDGE_CURVE('',#462,#462,#453,.T.);
#562=EDGE_CURVE('',#463,#463,#454,.T.);
#563=EDGE_CURVE('',#464,#464,#455,.T.);
#564=EDGE_CURVE('',#465,#465,#456,.T.);
#565=EDGE_CURVE('',#466,#467,#111,.T.);
#566=EDGE_CURVE('',#466,#468,#112,.T.);
#567=EDGE_CURVE('',#468,#469,#55,.T.);
#568=EDGE_CURVE('',#469,#467,#113,.T.);
#569=EDGE_CURVE('',#470,#471,#114,.T.);
#570=EDGE_CURVE('',#467,#471,#56,.T.);
#571=EDGE_CURVE('',#470,#469,#57,.T.);
#572=EDGE_CURVE('',#472,#470,#58,.T.);
#573=EDGE_CURVE('',#472,#468,#59,.T.);
#574=EDGE_CURVE('',#473,#472,#115,.T.);
#575=EDGE_CURVE('',#473,#466,#60,.T.);
#576=EDGE_CURVE('',#471,#473,#116,.T.);
#577=EDGE_CURVE('',#474,#475,#117,.T.);
#578=EDGE_CURVE('',#474,#476,#118,.T.);
#579=EDGE_CURVE('',#476,#477,#61,.T.);
#580=EDGE_CURVE('',#477,#475,#119,.T.);
#581=EDGE_CURVE('',#478,#479,#120,.T.);
#582=EDGE_CURVE('',#475,#479,#62,.T.);
#583=EDGE_CURVE('',#478,#477,#63,.T.);
#584=EDGE_CURVE('',#480,#478,#64,.T.);
#585=EDGE_CURVE('',#480,#476,#65,.T.);
#586=EDGE_CURVE('',#481,#480,#121,.T.);
#587=EDGE_CURVE('',#481,#474,#66,.T.);
#588=EDGE_CURVE('',#479,#481,#122,.T.);
#589=EDGE_CURVE('',#482,#483,#123,.T.);
#590=EDGE_CURVE('',#482,#484,#124,.T.);
#591=EDGE_CURVE('',#484,#485,#67,.T.);
#592=EDGE_CURVE('',#485,#483,#125,.T.);
#593=EDGE_CURVE('',#486,#487,#126,.T.);
#594=EDGE_CURVE('',#483,#487,#68,.T.);
#595=EDGE_CURVE('',#486,#485,#69,.T.);
#596=EDGE_CURVE('',#488,#486,#70,.T.);
#597=EDGE_CURVE('',#488,#484,#71,.T.);
#598=EDGE_CURVE('',#489,#488,#127,.T.);
#599=EDGE_CURVE('',#489,#482,#72,.T.);
#600=EDGE_CURVE('',#487,#489,#128,.T.);
#601=EDGE_CURVE('',#490,#490,#73,.T.);
#602=EDGE_CURVE('',#490,#491,#129,.T.);
#603=EDGE_CURVE('',#491,#491,#74,.T.);
#604=EDGE_CURVE('',#492,#492,#75,.T.);
#605=EDGE_CURVE('',#492,#493,#130,.T.);
#606=EDGE_CURVE('',#493,#493,#76,.T.);
#607=EDGE_CURVE('',#494,#494,#77,.T.);
#608=EDGE_CURVE('',#495,#495,#78,.T.);
#609=EDGE_CURVE('',#495,#496,#131,.T.);
#610=EDGE_CURVE('',#496,#496,#79,.T.);
#611=EDGE_CURVE('',#497,#497,#80,.T.);
#612=EDGE_CURVE('',#497,#498,#132,.T.);
#613=EDGE_CURVE('',#498,#499,#81,.T.);
#614=EDGE_CURVE('',#499,#500,#133,.T.);
#615=EDGE_CURVE('',#500,#501,#457,.T.);
#616=EDGE_CURVE('',#501,#502,#134,.T.);
#617=EDGE_CURVE('',#502,#498,#82,.T.);
#618=EDGE_CURVE('',#503,#504,#135,.T.);
#619=EDGE_CURVE('',#503,#505,#136,.T.);
#620=EDGE_CURVE('',#505,#506,#137,.T.);
#621=EDGE_CURVE('',#506,#504,#138,.T.);
#622=EDGE_CURVE('',#507,#508,#139,.T.);
#623=EDGE_CURVE('',#507,#509,#140,.T.);
#624=EDGE_CURVE('',#509,#510,#141,.T.);
#625=EDGE_CURVE('',#510,#508,#142,.T.);
#626=EDGE_CURVE('',#511,#507,#143,.T.);
#627=EDGE_CURVE('',#512,#511,#144,.T.);
#628=EDGE_CURVE('',#509,#512,#145,.T.);
#629=EDGE_CURVE('',#508,#513,#146,.T.);
#630=EDGE_CURVE('',#514,#510,#147,.T.);
#631=EDGE_CURVE('',#513,#514,#148,.T.);
#632=EDGE_CURVE('',#504,#515,#149,.T.);
#633=EDGE_CURVE('',#516,#506,#150,.T.);
#634=EDGE_CURVE('',#515,#516,#151,.T.);
#635=EDGE_CURVE('',#516,#517,#152,.T.);
#636=EDGE_CURVE('',#505,#517,#153,.T.);
#637=EDGE_CURVE('',#514,#512,#154,.T.);
#638=EDGE_CURVE('',#518,#503,#155,.T.);
#639=EDGE_CURVE('',#517,#518,#156,.T.);
#640=EDGE_CURVE('',#515,#499,#157,.T.);
#641=EDGE_CURVE('',#502,#513,#158,.T.);
#642=EDGE_CURVE('',#511,#519,#159,.T.);
#643=EDGE_CURVE('',#520,#519,#83,.T.);
#644=EDGE_CURVE('',#521,#520,#84,.T.);
#645=EDGE_CURVE('',#521,#518,#160,.T.);
#646=EDGE_CURVE('',#522,#501,#161,.T.);
#647=EDGE_CURVE('',#519,#522,#162,.T.);
#648=EDGE_CURVE('',#523,#521,#163,.T.);
#649=EDGE_CURVE('',#523,#500,#164,.T.);
#650=EDGE_CURVE('',#522,#523,#458,.T.);
#651=EDGE_CURVE('',#524,#524,#85,.T.);
#652=EDGE_CURVE('',#524,#520,#165,.T.);
#653=EDGE_CURVE('',#525,#526,#86,.T.);
#654=EDGE_CURVE('',#526,#527,#166,.T.);
#655=EDGE_CURVE('',#527,#528,#87,.T.);
#656=EDGE_CURVE('',#528,#525,#167,.T.);
#657=EDGE_CURVE('',#529,#530,#88,.T.);
#658=EDGE_CURVE('',#530,#531,#168,.T.);
#659=EDGE_CURVE('',#531,#532,#89,.T.);
#660=EDGE_CURVE('',#532,#529,#169,.T.);
#661=EDGE_CURVE('',#533,#534,#90,.T.);
#662=EDGE_CURVE('',#534,#535,#170,.T.);
#663=EDGE_CURVE('',#535,#536,#91,.T.);
#664=EDGE_CURVE('',#536,#533,#171,.T.);
#665=EDGE_CURVE('',#537,#538,#92,.T.);
#666=EDGE_CURVE('',#538,#539,#172,.T.);
#667=EDGE_CURVE('',#539,#540,#93,.T.);
#668=EDGE_CURVE('',#540,#537,#173,.T.);
#669=EDGE_CURVE('',#538,#541,#174,.T.);
#670=EDGE_CURVE('',#541,#542,#94,.T.);
#671=EDGE_CURVE('',#542,#539,#175,.T.);
#672=EDGE_CURVE('',#543,#540,#176,.T.);
#673=EDGE_CURVE('',#543,#542,#95,.T.);
#674=EDGE_CURVE('',#544,#543,#96,.T.);
#675=EDGE_CURVE('',#544,#541,#97,.T.);
#676=EDGE_CURVE('',#537,#544,#177,.T.);
#677=EDGE_CURVE('',#534,#545,#178,.T.);
#678=EDGE_CURVE('',#545,#546,#98,.T.);
#679=EDGE_CURVE('',#546,#535,#179,.T.);
#680=EDGE_CURVE('',#547,#536,#180,.T.);
#681=EDGE_CURVE('',#547,#546,#99,.T.);
#682=EDGE_CURVE('',#548,#547,#100,.T.);
#683=EDGE_CURVE('',#548,#545,#101,.T.);
#684=EDGE_CURVE('',#533,#548,#181,.T.);
#685=EDGE_CURVE('',#530,#549,#182,.T.);
#686=EDGE_CURVE('',#549,#550,#102,.T.);
#687=EDGE_CURVE('',#550,#531,#183,.T.);
#688=EDGE_CURVE('',#551,#532,#184,.T.);
#689=EDGE_CURVE('',#551,#550,#103,.T.);
#690=EDGE_CURVE('',#552,#551,#104,.T.);
#691=EDGE_CURVE('',#552,#549,#105,.T.);
#692=EDGE_CURVE('',#529,#552,#185,.T.);
#693=EDGE_CURVE('',#526,#553,#186,.T.);
#694=EDGE_CURVE('',#553,#554,#106,.T.);
#695=EDGE_CURVE('',#554,#527,#187,.T.);
#696=EDGE_CURVE('',#555,#528,#188,.T.);
#697=EDGE_CURVE('',#555,#554,#107,.T.);
#698=EDGE_CURVE('',#556,#555,#108,.T.);
#699=EDGE_CURVE('',#556,#553,#109,.T.);
#700=EDGE_CURVE('',#525,#556,#189,.T.);
#701=EDGE_CURVE('',#557,#557,#110,.T.);
#702=EDGE_CURVE('',#557,#494,#190,.T.);
#703=ORIENTED_EDGE('',*,*,#558,.F.);
#704=ORIENTED_EDGE('',*,*,#559,.F.);
#705=ORIENTED_EDGE('',*,*,#560,.F.);
#706=ORIENTED_EDGE('',*,*,#561,.F.);
#707=ORIENTED_EDGE('',*,*,#562,.F.);
#708=ORIENTED_EDGE('',*,*,#563,.F.);
#709=ORIENTED_EDGE('',*,*,#564,.F.);
#710=ORIENTED_EDGE('',*,*,#565,.F.);
#711=ORIENTED_EDGE('',*,*,#566,.T.);
#712=ORIENTED_EDGE('',*,*,#567,.T.);
#713=ORIENTED_EDGE('',*,*,#568,.T.);
#714=ORIENTED_EDGE('',*,*,#569,.T.);
#715=ORIENTED_EDGE('',*,*,#570,.F.);
#716=ORIENTED_EDGE('',*,*,#568,.F.);
#717=ORIENTED_EDGE('',*,*,#571,.F.);
#718=ORIENTED_EDGE('',*,*,#572,.T.);
#719=ORIENTED_EDGE('',*,*,#571,.T.);
#720=ORIENTED_EDGE('',*,*,#567,.F.);
#721=ORIENTED_EDGE('',*,*,#573,.F.);
#722=ORIENTED_EDGE('',*,*,#564,.T.);
#723=ORIENTED_EDGE('',*,*,#574,.T.);
#724=ORIENTED_EDGE('',*,*,#573,.T.);
#725=ORIENTED_EDGE('',*,*,#566,.F.);
#726=ORIENTED_EDGE('',*,*,#575,.F.);
#727=ORIENTED_EDGE('',*,*,#576,.F.);
#728=ORIENTED_EDGE('',*,*,#569,.F.);
#729=ORIENTED_EDGE('',*,*,#572,.F.);
#730=ORIENTED_EDGE('',*,*,#574,.F.);
#731=ORIENTED_EDGE('',*,*,#577,.F.);
#732=ORIENTED_EDGE('',*,*,#578,.T.);
#733=ORIENTED_EDGE('',*,*,#579,.T.);
#734=ORIENTED_EDGE('',*,*,#580,.T.);
#735=ORIENTED_EDGE('',*,*,#581,.T.);
#736=ORIENTED_EDGE('',*,*,#582,.F.);
#737=ORIENTED_EDGE('',*,*,#580,.F.);
#738=ORIENTED_EDGE('',*,*,#583,.F.);
#739=ORIENTED_EDGE('',*,*,#584,.T.);
#740=ORIENTED_EDGE('',*,*,#583,.T.);
#741=ORIENTED_EDGE('',*,*,#579,.F.);
#742=ORIENTED_EDGE('',*,*,#585,.F.);
#743=ORIENTED_EDGE('',*,*,#562,.T.);
#744=ORIENTED_EDGE('',*,*,#586,.T.);
#745=ORIENTED_EDGE('',*,*,#585,.T.);
#746=ORIENTED_EDGE('',*,*,#578,.F.);
#747=ORIENTED_EDGE('',*,*,#587,.F.);
#748=ORIENTED_EDGE('',*,*,#588,.F.);
#749=ORIENTED_EDGE('',*,*,#581,.F.);
#750=ORIENTED_EDGE('',*,*,#584,.F.);
#751=ORIENTED_EDGE('',*,*,#586,.F.);
#752=ORIENTED_EDGE('',*,*,#589,.F.);
#753=ORIENTED_EDGE('',*,*,#590,.T.);
#754=ORIENTED_EDGE('',*,*,#591,.T.);
#755=ORIENTED_EDGE('',*,*,#592,.T.);
#756=ORIENTED_EDGE('',*,*,#593,.T.);
#757=ORIENTED_EDGE('',*,*,#594,.F.);
#758=ORIENTED_EDGE('',*,*,#592,.F.);
#759=ORIENTED_EDGE('',*,*,#595,.F.);
#760=ORIENTED_EDGE('',*,*,#596,.T.);
#761=ORIENTED_EDGE('',*,*,#595,.T.);
#762=ORIENTED_EDGE('',*,*,#591,.F.);
#763=ORIENTED_EDGE('',*,*,#597,.F.);
#764=ORIENTED_EDGE('',*,*,#563,.T.);
#765=ORIENTED_EDGE('',*,*,#598,.T.);
#766=ORIENTED_EDGE('',*,*,#597,.T.);
#767=ORIENTED_EDGE('',*,*,#590,.F.);
#768=ORIENTED_EDGE('',*,*,#599,.F.);
#769=ORIENTED_EDGE('',*,*,#600,.F.);
#770=ORIENTED_EDGE('',*,*,#593,.F.);
#771=ORIENTED_EDGE('',*,*,#596,.F.);
#772=ORIENTED_EDGE('',*,*,#598,.F.);
#773=ORIENTED_EDGE('',*,*,#601,.F.);
#774=ORIENTED_EDGE('',*,*,#602,.T.);
#775=ORIENTED_EDGE('',*,*,#603,.F.);
#776=ORIENTED_EDGE('',*,*,#602,.F.);
#777=ORIENTED_EDGE('',*,*,#604,.F.);
#778=ORIENTED_EDGE('',*,*,#605,.T.);
#779=ORIENTED_EDGE('',*,*,#606,.T.);
#780=ORIENTED_EDGE('',*,*,#605,.F.);
#781=ORIENTED_EDGE('',*,*,#575,.T.);
#782=ORIENTED_EDGE('',*,*,#565,.T.);
#783=ORIENTED_EDGE('',*,*,#570,.T.);
#784=ORIENTED_EDGE('',*,*,#576,.T.);
#785=ORIENTED_EDGE('',*,*,#587,.T.);
#786=ORIENTED_EDGE('',*,*,#577,.T.);
#787=ORIENTED_EDGE('',*,*,#582,.T.);
#788=ORIENTED_EDGE('',*,*,#588,.T.);
#789=ORIENTED_EDGE('',*,*,#599,.T.);
#790=ORIENTED_EDGE('',*,*,#589,.T.);
#791=ORIENTED_EDGE('',*,*,#594,.T.);
#792=ORIENTED_EDGE('',*,*,#600,.T.);
#793=ORIENTED_EDGE('',*,*,#601,.T.);
#794=ORIENTED_EDGE('',*,*,#604,.T.);
#795=ORIENTED_EDGE('',*,*,#607,.F.);
#796=ORIENTED_EDGE('',*,*,#603,.T.);
#797=ORIENTED_EDGE('',*,*,#608,.F.);
#798=ORIENTED_EDGE('',*,*,#606,.F.);
#799=ORIENTED_EDGE('',*,*,#608,.T.);
#800=ORIENTED_EDGE('',*,*,#609,.T.);
#801=ORIENTED_EDGE('',*,*,#610,.T.);
#802=ORIENTED_EDGE('',*,*,#609,.F.);
#803=ORIENTED_EDGE('',*,*,#611,.F.);
#804=ORIENTED_EDGE('',*,*,#612,.T.);
#805=ORIENTED_EDGE('',*,*,#613,.T.);
#806=ORIENTED_EDGE('',*,*,#614,.T.);
#807=ORIENTED_EDGE('',*,*,#615,.T.);
#808=ORIENTED_EDGE('',*,*,#616,.T.);
#809=ORIENTED_EDGE('',*,*,#617,.T.);
#810=ORIENTED_EDGE('',*,*,#612,.F.);
#811=ORIENTED_EDGE('',*,*,#618,.F.);
#812=ORIENTED_EDGE('',*,*,#619,.T.);
#813=ORIENTED_EDGE('',*,*,#620,.T.);
#814=ORIENTED_EDGE('',*,*,#621,.T.);
#815=ORIENTED_EDGE('',*,*,#622,.F.);
#816=ORIENTED_EDGE('',*,*,#623,.T.);
#817=ORIENTED_EDGE('',*,*,#624,.T.);
#818=ORIENTED_EDGE('',*,*,#625,.T.);
#819=ORIENTED_EDGE('',*,*,#626,.F.);
#820=ORIENTED_EDGE('',*,*,#627,.F.);
#821=ORIENTED_EDGE('',*,*,#628,.F.);
#822=ORIENTED_EDGE('',*,*,#623,.F.);
#823=ORIENTED_EDGE('',*,*,#629,.F.);
#824=ORIENTED_EDGE('',*,*,#625,.F.);
#825=ORIENTED_EDGE('',*,*,#630,.F.);
#826=ORIENTED_EDGE('',*,*,#631,.F.);
#827=ORIENTED_EDGE('',*,*,#632,.F.);
#828=ORIENTED_EDGE('',*,*,#621,.F.);
#829=ORIENTED_EDGE('',*,*,#633,.F.);
#830=ORIENTED_EDGE('',*,*,#634,.F.);
#831=ORIENTED_EDGE('',*,*,#635,.F.);
#832=ORIENTED_EDGE('',*,*,#633,.T.);
#833=ORIENTED_EDGE('',*,*,#620,.F.);
#834=ORIENTED_EDGE('',*,*,#636,.T.);
#835=ORIENTED_EDGE('',*,*,#637,.F.);
#836=ORIENTED_EDGE('',*,*,#630,.T.);
#837=ORIENTED_EDGE('',*,*,#624,.F.);
#838=ORIENTED_EDGE('',*,*,#628,.T.);
#839=ORIENTED_EDGE('',*,*,#638,.F.);
#840=ORIENTED_EDGE('',*,*,#639,.F.);
#841=ORIENTED_EDGE('',*,*,#636,.F.);
#842=ORIENTED_EDGE('',*,*,#619,.F.);
#843=ORIENTED_EDGE('',*,*,#638,.T.);
#844=ORIENTED_EDGE('',*,*,#618,.T.);
#845=ORIENTED_EDGE('',*,*,#632,.T.);
#846=ORIENTED_EDGE('',*,*,#640,.T.);
#847=ORIENTED_EDGE('',*,*,#613,.F.);
#848=ORIENTED_EDGE('',*,*,#617,.F.);
#849=ORIENTED_EDGE('',*,*,#641,.T.);
#850=ORIENTED_EDGE('',*,*,#631,.T.);
#851=ORIENTED_EDGE('',*,*,#637,.T.);
#852=ORIENTED_EDGE('',*,*,#627,.T.);
#853=ORIENTED_EDGE('',*,*,#642,.T.);
#854=ORIENTED_EDGE('',*,*,#643,.F.);
#855=ORIENTED_EDGE('',*,*,#644,.F.);
#856=ORIENTED_EDGE('',*,*,#645,.T.);
#857=ORIENTED_EDGE('',*,*,#626,.T.);
#858=ORIENTED_EDGE('',*,*,#622,.T.);
#859=ORIENTED_EDGE('',*,*,#629,.T.);
#860=ORIENTED_EDGE('',*,*,#641,.F.);
#861=ORIENTED_EDGE('',*,*,#616,.F.);
#862=ORIENTED_EDGE('',*,*,#646,.F.);
#863=ORIENTED_EDGE('',*,*,#647,.F.);
#864=ORIENTED_EDGE('',*,*,#642,.F.);
#865=ORIENTED_EDGE('',*,*,#639,.T.);
#866=ORIENTED_EDGE('',*,*,#645,.F.);
#867=ORIENTED_EDGE('',*,*,#648,.F.);
#868=ORIENTED_EDGE('',*,*,#649,.T.);
#869=ORIENTED_EDGE('',*,*,#614,.F.);
#870=ORIENTED_EDGE('',*,*,#640,.F.);
#871=ORIENTED_EDGE('',*,*,#634,.T.);
#872=ORIENTED_EDGE('',*,*,#635,.T.);
#873=ORIENTED_EDGE('',*,*,#650,.F.);
#874=ORIENTED_EDGE('',*,*,#646,.T.);
#875=ORIENTED_EDGE('',*,*,#615,.F.);
#876=ORIENTED_EDGE('',*,*,#649,.F.);
#877=ORIENTED_EDGE('',*,*,#651,.F.);
#878=ORIENTED_EDGE('',*,*,#652,.T.);
#879=ORIENTED_EDGE('',*,*,#643,.T.);
#880=ORIENTED_EDGE('',*,*,#647,.T.);
#881=ORIENTED_EDGE('',*,*,#650,.T.);
#882=ORIENTED_EDGE('',*,*,#648,.T.);
#883=ORIENTED_EDGE('',*,*,#644,.T.);
#884=ORIENTED_EDGE('',*,*,#652,.F.);
#885=ORIENTED_EDGE('',*,*,#653,.T.);
#886=ORIENTED_EDGE('',*,*,#654,.T.);
#887=ORIENTED_EDGE('',*,*,#655,.T.);
#888=ORIENTED_EDGE('',*,*,#656,.T.);
#889=ORIENTED_EDGE('',*,*,#657,.T.);
#890=ORIENTED_EDGE('',*,*,#658,.T.);
#891=ORIENTED_EDGE('',*,*,#659,.T.);
#892=ORIENTED_EDGE('',*,*,#660,.T.);
#893=ORIENTED_EDGE('',*,*,#661,.T.);
#894=ORIENTED_EDGE('',*,*,#662,.T.);
#895=ORIENTED_EDGE('',*,*,#663,.T.);
#896=ORIENTED_EDGE('',*,*,#664,.T.);
#897=ORIENTED_EDGE('',*,*,#665,.T.);
#898=ORIENTED_EDGE('',*,*,#666,.T.);
#899=ORIENTED_EDGE('',*,*,#667,.T.);
#900=ORIENTED_EDGE('',*,*,#668,.T.);
#901=ORIENTED_EDGE('',*,*,#666,.F.);
#902=ORIENTED_EDGE('',*,*,#669,.T.);
#903=ORIENTED_EDGE('',*,*,#670,.T.);
#904=ORIENTED_EDGE('',*,*,#671,.T.);
#905=ORIENTED_EDGE('',*,*,#672,.T.);
#906=ORIENTED_EDGE('',*,*,#667,.F.);
#907=ORIENTED_EDGE('',*,*,#671,.F.);
#908=ORIENTED_EDGE('',*,*,#673,.F.);
#909=ORIENTED_EDGE('',*,*,#674,.T.);
#910=ORIENTED_EDGE('',*,*,#673,.T.);
#911=ORIENTED_EDGE('',*,*,#670,.F.);
#912=ORIENTED_EDGE('',*,*,#675,.F.);
#913=ORIENTED_EDGE('',*,*,#558,.T.);
#914=ORIENTED_EDGE('',*,*,#676,.T.);
#915=ORIENTED_EDGE('',*,*,#675,.T.);
#916=ORIENTED_EDGE('',*,*,#669,.F.);
#917=ORIENTED_EDGE('',*,*,#665,.F.);
#918=ORIENTED_EDGE('',*,*,#668,.F.);
#919=ORIENTED_EDGE('',*,*,#672,.F.);
#920=ORIENTED_EDGE('',*,*,#674,.F.);
#921=ORIENTED_EDGE('',*,*,#676,.F.);
#922=ORIENTED_EDGE('',*,*,#662,.F.);
#923=ORIENTED_EDGE('',*,*,#677,.T.);
#924=ORIENTED_EDGE('',*,*,#678,.T.);
#925=ORIENTED_EDGE('',*,*,#679,.T.);
#926=ORIENTED_EDGE('',*,*,#680,.T.);
#927=ORIENTED_EDGE('',*,*,#663,.F.);
#928=ORIENTED_EDGE('',*,*,#679,.F.);
#929=ORIENTED_EDGE('',*,*,#681,.F.);
#930=ORIENTED_EDGE('',*,*,#682,.T.);
#931=ORIENTED_EDGE('',*,*,#681,.T.);
#932=ORIENTED_EDGE('',*,*,#678,.F.);
#933=ORIENTED_EDGE('',*,*,#683,.F.);
#934=ORIENTED_EDGE('',*,*,#559,.T.);
#935=ORIENTED_EDGE('',*,*,#684,.T.);
#936=ORIENTED_EDGE('',*,*,#683,.T.);
#937=ORIENTED_EDGE('',*,*,#677,.F.);
#938=ORIENTED_EDGE('',*,*,#661,.F.);
#939=ORIENTED_EDGE('',*,*,#664,.F.);
#940=ORIENTED_EDGE('',*,*,#680,.F.);
#941=ORIENTED_EDGE('',*,*,#682,.F.);
#942=ORIENTED_EDGE('',*,*,#684,.F.);
#943=ORIENTED_EDGE('',*,*,#658,.F.);
#944=ORIENTED_EDGE('',*,*,#685,.T.);
#945=ORIENTED_EDGE('',*,*,#686,.T.);
#946=ORIENTED_EDGE('',*,*,#687,.T.);
#947=ORIENTED_EDGE('',*,*,#688,.T.);
#948=ORIENTED_EDGE('',*,*,#659,.F.);
#949=ORIENTED_EDGE('',*,*,#687,.F.);
#950=ORIENTED_EDGE('',*,*,#689,.F.);
#951=ORIENTED_EDGE('',*,*,#690,.T.);
#952=ORIENTED_EDGE('',*,*,#689,.T.);
#953=ORIENTED_EDGE('',*,*,#686,.F.);
#954=ORIENTED_EDGE('',*,*,#691,.F.);
#955=ORIENTED_EDGE('',*,*,#560,.T.);
#956=ORIENTED_EDGE('',*,*,#692,.T.);
#957=ORIENTED_EDGE('',*,*,#691,.T.);
#958=ORIENTED_EDGE('',*,*,#685,.F.);
#959=ORIENTED_EDGE('',*,*,#657,.F.);
#960=ORIENTED_EDGE('',*,*,#660,.F.);
#961=ORIENTED_EDGE('',*,*,#688,.F.);
#962=ORIENTED_EDGE('',*,*,#690,.F.);
#963=ORIENTED_EDGE('',*,*,#692,.F.);
#964=ORIENTED_EDGE('',*,*,#654,.F.);
#965=ORIENTED_EDGE('',*,*,#693,.T.);
#966=ORIENTED_EDGE('',*,*,#694,.T.);
#967=ORIENTED_EDGE('',*,*,#695,.T.);
#968=ORIENTED_EDGE('',*,*,#696,.T.);
#969=ORIENTED_EDGE('',*,*,#655,.F.);
#970=ORIENTED_EDGE('',*,*,#695,.F.);
#971=ORIENTED_EDGE('',*,*,#697,.F.);
#972=ORIENTED_EDGE('',*,*,#698,.T.);
#973=ORIENTED_EDGE('',*,*,#697,.T.);
#974=ORIENTED_EDGE('',*,*,#694,.F.);
#975=ORIENTED_EDGE('',*,*,#699,.F.);
#976=ORIENTED_EDGE('',*,*,#561,.T.);
#977=ORIENTED_EDGE('',*,*,#700,.T.);
#978=ORIENTED_EDGE('',*,*,#699,.T.);
#979=ORIENTED_EDGE('',*,*,#693,.F.);
#980=ORIENTED_EDGE('',*,*,#653,.F.);
#981=ORIENTED_EDGE('',*,*,#656,.F.);
#982=ORIENTED_EDGE('',*,*,#696,.F.);
#983=ORIENTED_EDGE('',*,*,#698,.F.);
#984=ORIENTED_EDGE('',*,*,#700,.F.);
#985=ORIENTED_EDGE('',*,*,#610,.F.);
#986=ORIENTED_EDGE('',*,*,#651,.T.);
#987=ORIENTED_EDGE('',*,*,#701,.F.);
#988=ORIENTED_EDGE('',*,*,#702,.T.);
#989=ORIENTED_EDGE('',*,*,#607,.T.);
#990=ORIENTED_EDGE('',*,*,#702,.F.);
#991=ORIENTED_EDGE('',*,*,#611,.T.);
#992=ORIENTED_EDGE('',*,*,#701,.T.);
#993=CYLINDRICAL_SURFACE('',#1086,4.75);
#994=CYLINDRICAL_SURFACE('',#1087,4.75);
#995=CYLINDRICAL_SURFACE('',#1088,4.75);
#996=CYLINDRICAL_SURFACE('',#1089,4.75);
#997=CYLINDRICAL_SURFACE('',#1090,4.75);
#998=CYLINDRICAL_SURFACE('',#1091,4.75);
#999=CYLINDRICAL_SURFACE('',#1092,4.75);
#1000=CYLINDRICAL_SURFACE('',#1126,39.2);
#1001=CYLINDRICAL_SURFACE('',#1129,35.2);
#1002=CYLINDRICAL_SURFACE('',#1137,71.8);
#1003=CYLINDRICAL_SURFACE('',#1139,75.);
#1004=CYLINDRICAL_SURFACE('',#1156,2.45);
#1005=CYLINDRICAL_SURFACE('',#1157,67.55);
#1006=CYLINDRICAL_SURFACE('',#1204,71.8);
#1007=ADVANCED_FACE('',(#301),#993,.F.);
#1008=ADVANCED_FACE('',(#302),#994,.F.);
#1009=ADVANCED_FACE('',(#303),#995,.F.);
#1010=ADVANCED_FACE('',(#304),#996,.F.);
#1011=ADVANCED_FACE('',(#305),#997,.F.);
#1012=ADVANCED_FACE('',(#306),#998,.F.);
#1013=ADVANCED_FACE('',(#307),#999,.F.);
#1014=ADVANCED_FACE('',(#308),#271,.T.);
#1015=ADVANCED_FACE('',(#309),#41,.F.);
#1016=ADVANCED_FACE('',(#310,#15),#34,.T.);
#1017=ADVANCED_FACE('',(#311),#42,.F.);
#1018=ADVANCED_FACE('',(#312),#272,.F.);
#1019=ADVANCED_FACE('',(#313),#273,.T.);
#1020=ADVANCED_FACE('',(#314),#43,.F.);
#1021=ADVANCED_FACE('',(#315,#16),#35,.T.);
#1022=ADVANCED_FACE('',(#316),#44,.F.);
#1023=ADVANCED_FACE('',(#317),#274,.F.);
#1024=ADVANCED_FACE('',(#318),#275,.T.);
#1025=ADVANCED_FACE('',(#319),#45,.F.);
#1026=ADVANCED_FACE('',(#320,#17),#36,.T.);
#1027=ADVANCED_FACE('',(#321),#46,.F.);
#1028=ADVANCED_FACE('',(#322),#276,.F.);
#1029=ADVANCED_FACE('',(#323),#1000,.T.);
#1030=ADVANCED_FACE('',(#324,#18,#19,#20),#1001,.F.);
#1031=ADVANCED_FACE('',(#325,#21),#277,.T.);
#1032=ADVANCED_FACE('',(#326,#22),#278,.T.);
#1033=ADVANCED_FACE('',(#327,#23),#279,.F.);
#1034=ADVANCED_FACE('',(#328),#1002,.F.);
#1035=ADVANCED_FACE('',(#329),#1003,.T.);
#1036=ADVANCED_FACE('',(#330),#280,.F.);
#1037=ADVANCED_FACE('',(#331),#281,.F.);
#1038=ADVANCED_FACE('',(#332),#282,.F.);
#1039=ADVANCED_FACE('',(#333),#283,.F.);
#1040=ADVANCED_FACE('',(#334),#284,.F.);
#1041=ADVANCED_FACE('',(#335),#285,.F.);
#1042=ADVANCED_FACE('',(#336),#286,.F.);
#1043=ADVANCED_FACE('',(#337),#287,.F.);
#1044=ADVANCED_FACE('',(#338),#288,.F.);
#1045=ADVANCED_FACE('',(#339),#289,.F.);
#1046=ADVANCED_FACE('',(#340),#290,.F.);
#1047=ADVANCED_FACE('',(#341),#1004,.F.);
#1048=ADVANCED_FACE('',(#342,#24,#25,#26,#27),#1005,.F.);
#1049=ADVANCED_FACE('',(#343),#291,.T.);
#1050=ADVANCED_FACE('',(#344),#47,.F.);
#1051=ADVANCED_FACE('',(#345,#28),#37,.T.);
#1052=ADVANCED_FACE('',(#346),#48,.F.);
#1053=ADVANCED_FACE('',(#347),#292,.F.);
#1054=ADVANCED_FACE('',(#348),#293,.T.);
#1055=ADVANCED_FACE('',(#349),#49,.F.);
#1056=ADVANCED_FACE('',(#350,#29),#38,.T.);
#1057=ADVANCED_FACE('',(#351),#50,.F.);
#1058=ADVANCED_FACE('',(#352),#294,.F.);
#1059=ADVANCED_FACE('',(#353),#295,.T.);
#1060=ADVANCED_FACE('',(#354),#51,.F.);
#1061=ADVANCED_FACE('',(#355,#30),#39,.T.);
#1062=ADVANCED_FACE('',(#356),#52,.F.);
#1063=ADVANCED_FACE('',(#357),#296,.F.);
#1064=ADVANCED_FACE('',(#358),#297,.T.);
#1065=ADVANCED_FACE('',(#359),#53,.F.);
#1066=ADVANCED_FACE('',(#360,#31),#40,.T.);
#1067=ADVANCED_FACE('',(#361),#54,.F.);
#1068=ADVANCED_FACE('',(#362),#298,.F.);
#1069=ADVANCED_FACE('',(#363,#32),#299,.T.);
#1070=ADVANCED_FACE('',(#364),#1006,.F.);
#1071=ADVANCED_FACE('',(#365,#33),#300,.T.);
#1072=CLOSED_SHELL('',(#1007,#1008,#1009,#1010,#1011,#1012,#1013,#1014,
#1015,#1016,#1017,#1018,#1019,#1020,#1021,#1022,#1023,#1024,#1025,#1026,
#1027,#1028,#1029,#1030,#1031,#1032,#1033,#1034,#1035,#1036,#1037,#1038,
#1039,#1040,#1041,#1042,#1043,#1044,#1045,#1046,#1047,#1048,#1049,#1050,
#1051,#1052,#1053,#1054,#1055,#1056,#1057,#1058,#1059,#1060,#1061,#1062,
#1063,#1064,#1065,#1066,#1067,#1068,#1069,#1070,#1071));
#1073=DERIVED_UNIT_ELEMENT(#1075,1.);
#1074=DERIVED_UNIT_ELEMENT(#2201,-3.);
#1075=(
MASS_UNIT()
NAMED_UNIT(*)
SI_UNIT(.KILO.,.GRAM.)
);
#1076=DERIVED_UNIT((#1073,#1074));
#1077=MEASURE_REPRESENTATION_ITEM('density measure',
POSITIVE_RATIO_MEASURE(7850.),#1076);
#1078=PROPERTY_DEFINITION_REPRESENTATION(#1083,#1080);
#1079=PROPERTY_DEFINITION_REPRESENTATION(#1084,#1081);
#1080=REPRESENTATION('material name',(#1082),#2198);
#1081=REPRESENTATION('density',(#1077),#2198);
#1082=DESCRIPTIVE_REPRESENTATION_ITEM('Acciaio','Acciaio');
#1083=PROPERTY_DEFINITION('material property','material name',#2208);
#1084=PROPERTY_DEFINITION('material property','density of part',#2208);
#1085=AXIS2_PLACEMENT_3D('',#1531,#1207,#1208);
#1086=AXIS2_PLACEMENT_3D('',#1532,#1209,#1210);
#1087=AXIS2_PLACEMENT_3D('',#1582,#1211,#1212);
#1088=AXIS2_PLACEMENT_3D('',#1632,#1213,#1214);
#1089=AXIS2_PLACEMENT_3D('',#1682,#1215,#1216);
#1090=AXIS2_PLACEMENT_3D('',#1732,#1217,#1218);
#1091=AXIS2_PLACEMENT_3D('',#1774,#1219,#1220);
#1092=AXIS2_PLACEMENT_3D('',#1822,#1221,#1222);
#1093=AXIS2_PLACEMENT_3D('',#1874,#1223,#1224);
#1094=AXIS2_PLACEMENT_3D('',#1881,#1227,#1228);
#1095=AXIS2_PLACEMENT_3D('',#1883,#1230,#1231);
#1096=AXIS2_PLACEMENT_3D('',#1887,#1233,#1234);
#1097=AXIS2_PLACEMENT_3D('',#1888,#1235,#1236);
#1098=AXIS2_PLACEMENT_3D('',#1889,#1237,#1238);
#1099=AXIS2_PLACEMENT_3D('',#1891,#1239,#1240);
#1100=AXIS2_PLACEMENT_3D('',#1892,#1241,#1242);
#1101=AXIS2_PLACEMENT_3D('',#1893,#1243,#1244);
#1102=AXIS2_PLACEMENT_3D('',#1896,#1246,#1247);
#1103=AXIS2_PLACEMENT_3D('',#1897,#1248,#1249);
#1104=AXIS2_PLACEMENT_3D('',#1899,#1251,#1252);
#1105=AXIS2_PLACEMENT_3D('',#1906,#1255,#1256);
#1106=AXIS2_PLACEMENT_3D('',#1908,#1258,#1259);
#1107=AXIS2_PLACEMENT_3D('',#1912,#1261,#1262);
#1108=AXIS2_PLACEMENT_3D('',#1913,#1263,#1264);
#1109=AXIS2_PLACEMENT_3D('',#1914,#1265,#1266);
#1110=AXIS2_PLACEMENT_3D('',#1916,#1267,#1268);
#1111=AXIS2_PLACEMENT_3D('',#1917,#1269,#1270);
#1112=AXIS2_PLACEMENT_3D('',#1918,#1271,#1272);
#1113=AXIS2_PLACEMENT_3D('',#1921,#1274,#1275);
#1114=AXIS2_PLACEMENT_3D('',#1922,#1276,#1277);
#1115=AXIS2_PLACEMENT_3D('',#1924,#1279,#1280);
#1116=AXIS2_PLACEMENT_3D('',#1931,#1283,#1284);
#1117=AXIS2_PLACEMENT_3D('',#1933,#1286,#1287);
#1118=AXIS2_PLACEMENT_3D('',#1937,#1289,#1290);
#1119=AXIS2_PLACEMENT_3D('',#1938,#1291,#1292);
#1120=AXIS2_PLACEMENT_3D('',#1939,#1293,#1294);
#1121=AXIS2_PLACEMENT_3D('',#1941,#1295,#1296);
#1122=AXIS2_PLACEMENT_3D('',#1942,#1297,#1298);
#1123=AXIS2_PLACEMENT_3D('',#1943,#1299,#1300);
#1124=AXIS2_PLACEMENT_3D('',#1946,#1302,#1303);
#1125=AXIS2_PLACEMENT_3D('',#1947,#1304,#1305);
#1126=AXIS2_PLACEMENT_3D('',#1949,#1307,#1308);
#1127=AXIS2_PLACEMENT_3D('',#1951,#1309,#1310);
#1128=AXIS2_PLACEMENT_3D('',#1954,#1312,#1313);
#1129=AXIS2_PLACEMENT_3D('',#1955,#1314,#1315);
#1130=AXIS2_PLACEMENT_3D('',#1957,#1316,#1317);
#1131=AXIS2_PLACEMENT_3D('',#1960,#1319,#1320);
#1132=AXIS2_PLACEMENT_3D('',#1961,#1321,#1322);
#1133=AXIS2_PLACEMENT_3D('',#1962,#1323,#1324);
#1134=AXIS2_PLACEMENT_3D('',#1964,#1325,#1326);
#1135=AXIS2_PLACEMENT_3D('',#1965,#1327,#1328);
#1136=AXIS2_PLACEMENT_3D('',#1967,#1329,#1330);
#1137=AXIS2_PLACEMENT_3D('',#1968,#1331,#1332);
#1138=AXIS2_PLACEMENT_3D('',#1971,#1334,#1335);
#1139=AXIS2_PLACEMENT_3D('',#1972,#1336,#1337);
#1140=AXIS2_PLACEMENT_3D('',#1974,#1338,#1339);
#1141=AXIS2_PLACEMENT_3D('',#1978,#1341,#1342);
#1142=AXIS2_PLACEMENT_3D('',#2002,#1345,#1346);
#1143=AXIS2_PLACEMENT_3D('',#2003,#1347,#1348);
#1144=AXIS2_PLACEMENT_3D('',#2012,#1353,#1354);
#1145=AXIS2_PLACEMENT_3D('',#2021,#1359,#1360);
#1146=AXIS2_PLACEMENT_3D('',#2027,#1364,#1365);
#1147=AXIS2_PLACEMENT_3D('',#2033,#1369,#1370);
#1148=AXIS2_PLACEMENT_3D('',#2039,#1374,#1375);
#1149=AXIS2_PLACEMENT_3D('',#2043,#1378,#1379);
#1150=AXIS2_PLACEMENT_3D('',#2045,#1381,#1382);
#1151=AXIS2_PLACEMENT_3D('',#2049,#1385,#1386);
#1152=AXIS2_PLACEMENT_3D('',#2055,#1390,#1391);
#1153=AXIS2_PLACEMENT_3D('',#2057,#1392,#1393);
#1154=AXIS2_PLACEMENT_3D('',#2059,#1395,#1396);
#1155=AXIS2_PLACEMENT_3D('',#2063,#1399,#1400);
#1156=AXIS2_PLACEMENT_3D('',#2067,#1403,#1404);
#1157=AXIS2_PLACEMENT_3D('',#2086,#1405,#1406);
#1158=AXIS2_PLACEMENT_3D('',#2088,#1407,#1408);
#1159=AXIS2_PLACEMENT_3D('',#2092,#1410,#1411);
#1160=AXIS2_PLACEMENT_3D('',#2096,#1413,#1414);
#1161=AXIS2_PLACEMENT_3D('',#2100,#1416,#1417);
#1162=AXIS2_PLACEMENT_3D('',#2104,#1419,#1420);
#1163=AXIS2_PLACEMENT_3D('',#2108,#1422,#1423);
#1164=AXIS2_PLACEMENT_3D('',#2112,#1425,#1426);
#1165=AXIS2_PLACEMENT_3D('',#2116,#1428,#1429);
#1166=AXIS2_PLACEMENT_3D('',#2120,#1431,#1432);
#1167=AXIS2_PLACEMENT_3D('',#2122,#1434,#1435);
#1168=AXIS2_PLACEMENT_3D('',#2126,#1437,#1438);
#1169=AXIS2_PLACEMENT_3D('',#2128,#1440,#1441);
#1170=AXIS2_PLACEMENT_3D('',#2131,#1443,#1444);
#1171=AXIS2_PLACEMENT_3D('',#2132,#1445,#1446);
#1172=AXIS2_PLACEMENT_3D('',#2134,#1447,#1448);
#1173=AXIS2_PLACEMENT_3D('',#2135,#1449,#1450);
#1174=AXIS2_PLACEMENT_3D('',#2136,#1451,#1452);
#1175=AXIS2_PLACEMENT_3D('',#2138,#1454,#1455);
#1176=AXIS2_PLACEMENT_3D('',#2139,#1456,#1457);
#1177=AXIS2_PLACEMENT_3D('',#2143,#1459,#1460);
#1178=AXIS2_PLACEMENT_3D('',#2145,#1462,#1463);
#1179=AXIS2_PLACEMENT_3D('',#2148,#1465,#1466);
#1180=AXIS2_PLACEMENT_3D('',#2149,#1467,#1468);
#1181=AXIS2_PLACEMENT_3D('',#2151,#1469,#1470);
#1182=AXIS2_PLACEMENT_3D('',#2152,#1471,#1472);
#1183=AXIS2_PLACEMENT_3D('',#2153,#1473,#1474);
#1184=AXIS2_PLACEMENT_3D('',#2155,#1476,#1477);
#1185=AXIS2_PLACEMENT_3D('',#2156,#1478,#1479);
#1186=AXIS2_PLACEMENT_3D('',#2160,#1481,#1482);
#1187=AXIS2_PLACEMENT_3D('',#2162,#1484,#1485);
#1188=AXIS2_PLACEMENT_3D('',#2165,#1487,#1488);
#1189=AXIS2_PLACEMENT_3D('',#2166,#1489,#1490);
#1190=AXIS2_PLACEMENT_3D('',#2168,#1491,#1492);
#1191=AXIS2_PLACEMENT_3D('',#2169,#1493,#1494);
#1192=AXIS2_PLACEMENT_3D('',#2170,#1495,#1496);
#1193=AXIS2_PLACEMENT_3D('',#2172,#1498,#1499);
#1194=AXIS2_PLACEMENT_3D('',#2173,#1500,#1501);
#1195=AXIS2_PLACEMENT_3D('',#2177,#1503,#1504);
#1196=AXIS2_PLACEMENT_3D('',#2179,#1506,#1507);
#1197=AXIS2_PLACEMENT_3D('',#2182,#1509,#1510);
#1198=AXIS2_PLACEMENT_3D('',#2183,#1511,#1512);
#1199=AXIS2_PLACEMENT_3D('',#2185,#1513,#1514);
#1200=AXIS2_PLACEMENT_3D('',#2186,#1515,#1516);
#1201=AXIS2_PLACEMENT_3D('',#2187,#1517,#1518);
#1202=AXIS2_PLACEMENT_3D('',#2189,#1520,#1521);
#1203=AXIS2_PLACEMENT_3D('',#2190,#1522,#1523);
#1204=AXIS2_PLACEMENT_3D('',#2191,#1524,#1525);
#1205=AXIS2_PLACEMENT_3D('',#2193,#1526,#1527);
#1206=AXIS2_PLACEMENT_3D('',#2195,#1529,#1530);
#1207=DIRECTION('axis',(0.,0.,1.));
#1208=DIRECTION('refdir',(1.,0.,0.));
#1209=DIRECTION('center_axis',(0.,0.,1.));
#1210=DIRECTION('ref_axis',(-1.83697019872103E-16,-1.,0.));
#1211=DIRECTION('center_axis',(0.,0.,1.));
#1212=DIRECTION('ref_axis',(-1.,1.22464679914735E-16,0.));
#1213=DIRECTION('center_axis',(0.,0.,1.));
#1214=DIRECTION('ref_axis',(6.12323399573677E-17,1.,0.));
#1215=DIRECTION('center_axis',(0.,0.,1.));
#1216=DIRECTION('ref_axis',(1.,0.,0.));
#1217=DIRECTION('center_axis',(0.,0.,1.));
#1218=DIRECTION('ref_axis',(-0.5,-0.866025403784438,0.));
#1219=DIRECTION('center_axis',(0.,0.,1.));
#1220=DIRECTION('ref_axis',(-0.5,0.866025403784439,0.));
#1221=DIRECTION('center_axis',(0.,0.,1.));
#1222=DIRECTION('ref_axis',(1.,0.,0.));
#1223=DIRECTION('center_axis',(0.984868307661866,-0.173304404338873,-2.22044604925032E-15));
#1224=DIRECTION('ref_axis',(2.18684694277964E-15,-3.84813079931936E-16,
1.));
#1225=DIRECTION('',(0.,0.,1.));
#1226=DIRECTION('',(0.122544719517514,0.696407058923424,0.707106781186548));
#1227=DIRECTION('center_axis',(0.984868307661866,-0.173304404338876,0.));
#1228=DIRECTION('ref_axis',(0.131355121847836,0.746475526981032,-0.652319032056195));
#1229=DIRECTION('',(-0.122544719517514,-0.696407058923424,0.707106781186548));
#1230=DIRECTION('center_axis',(0.,0.,1.));
#1231=DIRECTION('ref_axis',(-0.719097275004068,-0.694909425092021,0.));
#1232=DIRECTION('',(-0.508478559488144,-0.491375166793013,0.707106781186548));
#1233=DIRECTION('center_axis',(0.,0.,-1.));
#1234=DIRECTION('ref_axis',(1.,0.,0.));
#1235=DIRECTION('center_axis',(0.,0.,1.));
#1236=DIRECTION('ref_axis',(-0.719097275004069,-0.694909425092021,0.));
#1237=DIRECTION('center_axis',(0.,0.,1.));
#1238=DIRECTION('ref_axis',(-0.5,-0.866025403784438,0.));
#1239=DIRECTION('center_axis',(0.694909425092021,-0.719097275004069,0.));
#1240=DIRECTION('ref_axis',(0.545035831829794,0.526702783777411,-0.652319032056195));
#1241=DIRECTION('center_axis',(0.,0.,1.));
#1242=DIRECTION('ref_axis',(-0.719097275004069,-0.694909425092021,0.));
#1243=DIRECTION('center_axis',(0.,0.,-1.));
#1244=DIRECTION('ref_axis',(-0.719097275004068,-0.694909425092021,0.));
#1245=DIRECTION('',(0.508478559488144,0.491375166793013,0.707106781186548));
#1246=DIRECTION('center_axis',(0.,0.,1.));
#1247=DIRECTION('ref_axis',(1.,0.,0.));
#1248=DIRECTION('center_axis',(0.694909425092023,-0.719097275004067,-2.22044604925032E-15));
#1249=DIRECTION('ref_axis',(1.54300888753239E-15,-1.59671670330946E-15,
1.));
#1250=DIRECTION('',(0.,0.,-1.));
#1251=DIRECTION('center_axis',(-0.642520170576127,-0.766268771647928,-2.22044604925032E-15));
#1252=DIRECTION('ref_axis',(-1.42668137431941E-15,-1.70145846666954E-15,
1.));
#1253=DIRECTION('',(0.,0.,1.));
#1254=DIRECTION('',(0.541833844643735,-0.454330369663518,0.707106781186548));
#1255=DIRECTION('center_axis',(-0.642520170576129,-0.766268771647927,0.));
#1256=DIRECTION('ref_axis',(0.580789208745032,-0.486994635927942,-0.652319032056195));
#1257=DIRECTION('',(-0.541833844643735,0.454330369663518,0.707106781186548));
#1258=DIRECTION('center_axis',(0.,0.,1.));
#1259=DIRECTION('ref_axis',(-0.242260577956896,0.970211220491698,0.));
#1260=DIRECTION('',(-0.171304097487493,0.686042933192957,0.707106781186548));
#1261=DIRECTION('center_axis',(0.,0.,-1.));
#1262=DIRECTION('ref_axis',(1.,0.,0.));
#1263=DIRECTION('center_axis',(0.,0.,1.));
#1264=DIRECTION('ref_axis',(-0.242260577956896,0.970211220491698,0.));
#1265=DIRECTION('center_axis',(0.,0.,1.));
#1266=DIRECTION('ref_axis',(-0.5,0.866025403784439,0.));
#1267=DIRECTION('center_axis',(-0.970211220491698,-0.242260577956896,0.));
#1268=DIRECTION('ref_axis',(0.183620075080324,-0.73536626822609,-0.652319032056195));
#1269=DIRECTION('center_axis',(0.,0.,1.));
#1270=DIRECTION('ref_axis',(-0.242260577956896,0.970211220491698,0.));
#1271=DIRECTION('center_axis',(0.,0.,-1.));
#1272=DIRECTION('ref_axis',(-0.242260577956896,0.970211220491698,0.));
#1273=DIRECTION('',(0.171304097487493,-0.686042933192957,0.707106781186548));
#1274=DIRECTION('center_axis',(0.,0.,1.));
#1275=DIRECTION('ref_axis',(1.,0.,0.));
#1276=DIRECTION('center_axis',(-0.970211220491698,-0.242260577956898,-2.22044604925032E-15));
#1277=DIRECTION('ref_axis',(-2.15430167147912E-15,-5.37926543213488E-16,
1.));
#1278=DIRECTION('',(0.,0.,-1.));
#1279=DIRECTION('center_axis',(-0.342348137085739,0.939573175986801,-2.22044604925032E-15));
#1280=DIRECTION('ref_axis',(-7.60165568460232E-16,2.08627154660147E-15,
1.));
#1281=DIRECTION('',(0.,0.,1.));
#1282=DIRECTION('',(-0.664378564161249,-0.242076689259907,0.707106781186548));
#1283=DIRECTION('center_axis',(-0.342348137085737,0.939573175986802,0.));
#1284=DIRECTION('ref_axis',(-0.712144330592868,-0.25948089105309,-0.652319032056195));
#1285=DIRECTION('',(0.664378564161249,0.242076689259907,0.707106781186548));
#1286=DIRECTION('center_axis',(0.,0.,1.));
#1287=DIRECTION('ref_axis',(0.961357852960964,-0.275301795399677,0.));
#1288=DIRECTION('',(0.679782656975638,-0.194667766399943,0.707106781186548));
#1289=DIRECTION('center_axis',(0.,0.,-1.));
#1290=DIRECTION('ref_axis',(1.,0.,0.));
#1291=DIRECTION('center_axis',(0.,0.,1.));
#1292=DIRECTION('ref_axis',(0.961357852960964,-0.275301795399677,0.));
#1293=DIRECTION('center_axis',(0.,0.,1.));
#1294=DIRECTION('ref_axis',(1.,0.,0.));
#1295=DIRECTION('center_axis',(0.275301795399677,0.961357852960964,0.));
#1296=DIRECTION('ref_axis',(-0.728655906910117,0.208663484448679,-0.652319032056195));
#1297=DIRECTION('center_axis',(0.,0.,1.));
#1298=DIRECTION('ref_axis',(0.961357852960964,-0.275301795399677,0.));
#1299=DIRECTION('center_axis',(0.,0.,-1.));
#1300=DIRECTION('ref_axis',(0.961357852960964,-0.275301795399677,0.));
#1301=DIRECTION('',(-0.679782656975638,0.194667766399943,0.707106781186548));
#1302=DIRECTION('center_axis',(0.,0.,1.));
#1303=DIRECTION('ref_axis',(1.,0.,0.));
#1304=DIRECTION('center_axis',(0.275301795399675,0.961357852960965,-2.22044604925032E-15));
#1305=DIRECTION('ref_axis',(6.11292783946733E-16,2.13464324652294E-15,1.));
#1306=DIRECTION('',(0.,0.,-1.));
#1307=DIRECTION('center_axis',(0.,0.,1.));
#1308=DIRECTION('ref_axis',(1.,0.,0.));
#1309=DIRECTION('center_axis',(0.,0.,1.));
#1310=DIRECTION('ref_axis',(1.,0.,0.));
#1311=DIRECTION('',(0.,0.,-1.));
#1312=DIRECTION('center_axis',(0.,0.,-1.));
#1313=DIRECTION('ref_axis',(1.,0.,0.));
#1314=DIRECTION('center_axis',(0.,0.,1.));
#1315=DIRECTION('ref_axis',(1.,0.,0.));
#1316=DIRECTION('center_axis',(0.,0.,-1.));
#1317=DIRECTION('ref_axis',(1.,0.,0.));
#1318=DIRECTION('',(0.,0.,-1.));
#1319=DIRECTION('center_axis',(0.,0.,-1.));
#1320=DIRECTION('ref_axis',(1.,0.,0.));
#1321=DIRECTION('center_axis',(0.,0.,1.));
#1322=DIRECTION('ref_axis',(1.,0.,0.));
#1323=DIRECTION('center_axis',(0.,0.,1.));
#1324=DIRECTION('ref_axis',(1.,0.,0.));
#1325=DIRECTION('center_axis',(0.,0.,-1.));
#1326=DIRECTION('ref_axis',(1.,0.,0.));
#1327=DIRECTION('center_axis',(0.,0.,1.));
#1328=DIRECTION('ref_axis',(1.,0.,0.));
#1329=DIRECTION('center_axis',(0.,0.,1.));
#1330=DIRECTION('ref_axis',(1.,0.,0.));
#1331=DIRECTION('center_axis',(0.,0.,1.));
#1332=DIRECTION('ref_axis',(1.,0.,0.));
#1333=DIRECTION('',(0.,0.,-1.));
#1334=DIRECTION('center_axis',(0.,0.,-1.));
#1335=DIRECTION('ref_axis',(1.,0.,0.));
#1336=DIRECTION('center_axis',(0.,0.,1.));
#1337=DIRECTION('ref_axis',(1.,0.,0.));
#1338=DIRECTION('center_axis',(0.,0.,1.));
#1339=DIRECTION('ref_axis',(1.,0.,0.));
#1340=DIRECTION('',(0.,0.,-1.));
#1341=DIRECTION('center_axis',(0.,0.,1.));
#1342=DIRECTION('ref_axis',(1.,0.,0.));
#1343=DIRECTION('',(0.,0.,1.));
#1344=DIRECTION('',(0.,0.,-1.));
#1345=DIRECTION('center_axis',(0.,0.,1.));
#1346=DIRECTION('ref_axis',(1.,0.,0.));
#1347=DIRECTION('center_axis',(-0.99986542304254,-0.016405359001362,-5.54667823983524E-32));
#1348=DIRECTION('ref_axis',(-7.77684964757546E-18,4.7397945160272E-16,-1.));
#1349=DIRECTION('',(0.016405359001362,-0.999865423042539,0.));
#1350=DIRECTION('',(7.77684964757546E-18,-4.7397945160272E-16,1.));
#1351=DIRECTION('',(0.016405359001362,-0.999865423042539,-4.81563614782205E-16));
#1352=DIRECTION('',(-7.77684964757546E-18,4.7397945160272E-16,-1.));
#1353=DIRECTION('center_axis',(5.07602090862948E-17,-4.80795579335387E-16,
1.));
#1354=DIRECTION('ref_axis',(-0.999865423042539,-0.0164053590013619,4.28657538465311E-17));
#1355=DIRECTION('',(0.0164053590013617,-0.999865423042539,-4.81563614782205E-16));
#1356=DIRECTION('',(0.999865423042539,0.0164053590013619,-4.28657538465311E-17));
#1357=DIRECTION('',(0.016405359001362,-0.999865423042539,-4.81563614782205E-16));
#1358=DIRECTION('',(-0.999865423042539,-0.0164053590013619,4.28657538465311E-17));
#1359=DIRECTION('center_axis',(-0.0164053590013619,0.999865423042539,4.74043246900593E-16));
#1360=DIRECTION('ref_axis',(7.77684964757546E-18,-4.7397945160272E-16,1.));
#1361=DIRECTION('',(7.77684964757537E-18,-4.7397945160272E-16,1.));
#1362=DIRECTION('',(-0.999865423042539,-0.0164053590013619,0.));
#1363=DIRECTION('',(0.,0.,-1.));
#1364=DIRECTION('center_axis',(0.016405359001362,-0.99986542304254,-4.81563614782205E-16));
#1365=DIRECTION('ref_axis',(0.,4.81628430871058E-16,-1.));
#1366=DIRECTION('',(-7.90022398249553E-18,4.81498807416104E-16,-1.));
#1367=DIRECTION('',(-3.08148791101958E-33,9.86076131526265E-32,1.));
#1368=DIRECTION('',(0.999865423042539,0.016405359001362,0.));
#1369=DIRECTION('center_axis',(0.016405359001362,-0.99986542304254,-4.81563614782205E-16));
#1370=DIRECTION('ref_axis',(0.,4.81628430871058E-16,-1.));
#1371=DIRECTION('',(0.999865423042539,0.016405359001362,0.));
#1372=DIRECTION('',(-0.999865423042539,-0.0164053590013619,4.28657538465311E-17));
#1373=DIRECTION('',(7.90022398249553E-18,-4.81498807416104E-16,1.));
#1374=DIRECTION('center_axis',(5.07602090862948E-17,-4.80795579335387E-16,
1.));
#1375=DIRECTION('ref_axis',(-0.999865423042539,-0.0164053590013619,4.28657538465311E-17));
#1376=DIRECTION('',(-0.0164053590013617,0.999865423042539,4.81563614782205E-16));
#1377=DIRECTION('',(0.999865423042539,0.0164053590013619,-4.28657538465311E-17));
#1378=DIRECTION('center_axis',(0.99986542304254,0.016405359001362,0.));
#1379=DIRECTION('ref_axis',(0.,0.,1.));
#1380=DIRECTION('',(-0.016405359001362,0.999865423042539,0.));
#1381=DIRECTION('center_axis',(-0.0164053590013619,0.999865423042539,4.74043246900593E-16));
#1382=DIRECTION('ref_axis',(7.77684964757546E-18,-4.7397945160272E-16,1.));
#1383=DIRECTION('',(-0.999865423042539,-0.0164053590013619,0.));
#1384=DIRECTION('',(-7.77684964757537E-18,4.7397945160272E-16,-1.));
#1385=DIRECTION('center_axis',(0.,0.,1.));
#1386=DIRECTION('ref_axis',(1.,0.,0.));
#1387=DIRECTION('',(0.0164053590013617,-0.999865423042539,0.));
#1388=DIRECTION('',(-0.0164053590013617,0.999865423042539,0.));
#1389=DIRECTION('',(-0.0164053590013617,0.999865423042539,0.));
#1390=DIRECTION('center_axis',(0.,0.,-1.));
#1391=DIRECTION('ref_axis',(1.,0.,0.));
#1392=DIRECTION('center_axis',(0.,0.,-1.));
#1393=DIRECTION('ref_axis',(1.,0.,0.));
#1394=DIRECTION('',(0.0164053590013617,-0.999865423042539,0.));
#1395=DIRECTION('center_axis',(0.99986542304254,0.0164053590013617,0.));
#1396=DIRECTION('ref_axis',(0.,0.,1.));
#1397=DIRECTION('',(0.0164053590013617,-0.999865423042539,0.));
#1398=DIRECTION('',(0.,0.,1.));
#1399=DIRECTION('center_axis',(-0.99986542304254,-0.0164053590013617,0.));
#1400=DIRECTION('ref_axis',(0.,0.,-1.));
#1401=DIRECTION('',(0.,0.,-1.));
#1402=DIRECTION('',(0.0164053590013617,-0.999865423042539,0.));
#1403=DIRECTION('center_axis',(0.0164053590013617,-0.999865423042539,0.));
#1404=DIRECTION('ref_axis',(-0.999865423042539,-0.0164053590013617,4.53152254949043E-16));
#1405=DIRECTION('center_axis',(0.,0.,1.));
#1406=DIRECTION('ref_axis',(1.,0.,0.));
#1407=DIRECTION('center_axis',(0.,0.,-1.));
#1408=DIRECTION('ref_axis',(1.,0.,0.));
#1409=DIRECTION('',(0.,0.,-1.));
#1410=DIRECTION('center_axis',(0.,0.,1.));
#1411=DIRECTION('ref_axis',(1.,0.,0.));
#1412=DIRECTION('',(0.,0.,1.));
#1413=DIRECTION('center_axis',(0.,0.,-1.));
#1414=DIRECTION('ref_axis',(1.,0.,0.));
#1415=DIRECTION('',(0.,0.,-1.));
#1416=DIRECTION('center_axis',(0.,0.,1.));
#1417=DIRECTION('ref_axis',(1.,0.,0.));
#1418=DIRECTION('',(0.,0.,1.));
#1419=DIRECTION('center_axis',(0.,0.,-1.));
#1420=DIRECTION('ref_axis',(1.,0.,0.));
#1421=DIRECTION('',(0.,0.,-1.));
#1422=DIRECTION('center_axis',(0.,0.,1.));
#1423=DIRECTION('ref_axis',(1.,0.,0.));
#1424=DIRECTION('',(0.,0.,1.));
#1425=DIRECTION('center_axis',(0.,0.,-1.));
#1426=DIRECTION('ref_axis',(1.,0.,0.));
#1427=DIRECTION('',(0.,0.,-1.));
#1428=DIRECTION('center_axis',(0.,0.,1.));
#1429=DIRECTION('ref_axis',(1.,0.,0.));
#1430=DIRECTION('',(0.,0.,1.));
#1431=DIRECTION('center_axis',(0.,0.,-1.));
#1432=DIRECTION('ref_axis',(1.,0.,0.));
#1433=DIRECTION('',(0.,0.,-1.));
#1434=DIRECTION('center_axis',(0.815733970499025,0.57842725504068,-4.44089209850073E-15));
#1435=DIRECTION('ref_axis',(3.62258654406776E-15,2.56873302646761E-15,1.));
#1436=DIRECTION('',(-0.409009834462384,0.57681102218409,0.707106781186547));
#1437=DIRECTION('center_axis',(0.815733970499027,0.578427255040677,0.));
#1438=DIRECTION('ref_axis',(-0.438415762460424,0.6182810846561,-0.652319032056188));
#1439=DIRECTION('',(0.409009834462383,-0.57681102218409,0.707106781186547));
#1440=DIRECTION('center_axis',(0.,0.,1.));
#1441=DIRECTION('ref_axis',(0.179489052822461,-0.983759970682328,0.));
#1442=DIRECTION('',(0.126917926399513,-0.695623346329354,0.707106781186547));
#1443=DIRECTION('center_axis',(0.,0.,1.));
#1444=DIRECTION('ref_axis',(0.179489052822461,-0.983759970682328,0.));
#1445=DIRECTION('center_axis',(0.,0.,1.));
#1446=DIRECTION('ref_axis',(-1.83697019872103E-16,-1.,0.));
#1447=DIRECTION('center_axis',(0.983759970682328,0.179489052822461,0.));
#1448=DIRECTION('ref_axis',(-0.136042742212977,0.745635469052037,-0.652319032056188));
#1449=DIRECTION('center_axis',(0.,0.,1.));
#1450=DIRECTION('ref_axis',(0.179489052822461,-0.983759970682328,0.));
#1451=DIRECTION('center_axis',(0.,0.,-1.));
#1452=DIRECTION('ref_axis',(0.179489052822461,-0.983759970682328,0.));
#1453=DIRECTION('',(-0.126917926399513,0.695623346329354,0.707106781186547));
#1454=DIRECTION('center_axis',(0.983759970682328,0.179489052822466,-4.44089209850073E-15));
#1455=DIRECTION('ref_axis',(4.36877188062446E-15,7.97091516446649E-16,1.));
#1456=DIRECTION('center_axis',(0.57842725504068,-0.815733970499025,-4.44089209850073E-15));
#1457=DIRECTION('ref_axis',(2.56873302646761E-15,-3.62258654406776E-15,
1.));
#1458=DIRECTION('',(0.57681102218409,0.409009834462384,0.707106781186547));
#1459=DIRECTION('center_axis',(0.578427255040677,-0.815733970499027,0.));
#1460=DIRECTION('ref_axis',(0.618281084656099,0.438415762460424,-0.652319032056188));
#1461=DIRECTION('',(-0.57681102218409,-0.409009834462383,0.707106781186547));
#1462=DIRECTION('center_axis',(0.,0.,1.));
#1463=DIRECTION('ref_axis',(-0.983759970682328,-0.179489052822461,0.));
#1464=DIRECTION('',(-0.695623346329354,-0.126917926399513,0.707106781186547));
#1465=DIRECTION('center_axis',(0.,0.,1.));
#1466=DIRECTION('ref_axis',(-0.983759970682328,-0.179489052822461,0.));
#1467=DIRECTION('center_axis',(0.,0.,1.));
#1468=DIRECTION('ref_axis',(-1.,1.22464679914735E-16,0.));
#1469=DIRECTION('center_axis',(0.179489052822461,-0.983759970682328,0.));
#1470=DIRECTION('ref_axis',(0.745635469052037,0.136042742212977,-0.652319032056188));
#1471=DIRECTION('center_axis',(0.,0.,1.));
#1472=DIRECTION('ref_axis',(-0.983759970682328,-0.179489052822461,0.));
#1473=DIRECTION('center_axis',(0.,0.,-1.));
#1474=DIRECTION('ref_axis',(-0.983759970682328,-0.179489052822461,0.));
#1475=DIRECTION('',(0.695623346329354,0.126917926399513,0.707106781186547));
#1476=DIRECTION('center_axis',(0.179489052822466,-0.983759970682328,-4.44089209850073E-15));
#1477=DIRECTION('ref_axis',(7.97091516446649E-16,-4.36877188062446E-15,
1.));
#1478=DIRECTION('center_axis',(-0.815733970499025,-0.57842725504068,-4.44089209850073E-15));
#1479=DIRECTION('ref_axis',(-3.62258654406776E-15,-2.56873302646761E-15,
1.));
#1480=DIRECTION('',(0.409009834462384,-0.57681102218409,0.707106781186547));
#1481=DIRECTION('center_axis',(-0.815733970499027,-0.578427255040677,0.));
#1482=DIRECTION('ref_axis',(0.438415762460424,-0.618281084656099,-0.652319032056188));
#1483=DIRECTION('',(-0.409009834462383,0.57681102218409,0.707106781186547));
#1484=DIRECTION('center_axis',(0.,0.,1.));
#1485=DIRECTION('ref_axis',(-0.179489052822461,0.983759970682328,0.));
#1486=DIRECTION('',(-0.126917926399513,0.695623346329354,0.707106781186547));
#1487=DIRECTION('center_axis',(0.,0.,1.));
#1488=DIRECTION('ref_axis',(-0.179489052822462,0.983759970682328,0.));
#1489=DIRECTION('center_axis',(0.,0.,1.));
#1490=DIRECTION('ref_axis',(6.12323399573677E-17,1.,0.));
#1491=DIRECTION('center_axis',(-0.983759970682328,-0.179489052822462,0.));
#1492=DIRECTION('ref_axis',(0.136042742212977,-0.745635469052037,-0.652319032056188));
#1493=DIRECTION('center_axis',(0.,0.,1.));
#1494=DIRECTION('ref_axis',(-0.179489052822462,0.983759970682328,0.));
#1495=DIRECTION('center_axis',(0.,0.,-1.));
#1496=DIRECTION('ref_axis',(-0.179489052822461,0.983759970682328,0.));
#1497=DIRECTION('',(0.126917926399513,-0.695623346329354,0.707106781186547));
#1498=DIRECTION('center_axis',(-0.983759970682328,-0.179489052822466,-4.44089209850073E-15));
#1499=DIRECTION('ref_axis',(-4.36877188062446E-15,-7.97091516446649E-16,
1.));
#1500=DIRECTION('center_axis',(-0.57842725504068,0.815733970499025,-4.44089209850073E-15));
#1501=DIRECTION('ref_axis',(-2.56873302646761E-15,3.62258654406776E-15,
1.));
#1502=DIRECTION('',(-0.57681102218409,-0.409009834462384,0.707106781186547));
#1503=DIRECTION('center_axis',(-0.578427255040677,0.815733970499027,0.));
#1504=DIRECTION('ref_axis',(-0.618281084656099,-0.438415762460424,-0.652319032056188));
#1505=DIRECTION('',(0.57681102218409,0.409009834462384,0.707106781186547));
#1506=DIRECTION('center_axis',(0.,0.,1.));
#1507=DIRECTION('ref_axis',(0.983759970682328,0.179489052822462,0.));
#1508=DIRECTION('',(0.695623346329354,0.126917926399513,0.707106781186547));
#1509=DIRECTION('center_axis',(0.,0.,1.));
#1510=DIRECTION('ref_axis',(0.983759970682328,0.179489052822462,0.));
#1511=DIRECTION('center_axis',(0.,0.,1.));
#1512=DIRECTION('ref_axis',(1.,0.,0.));
#1513=DIRECTION('center_axis',(-0.179489052822462,0.983759970682328,0.));
#1514=DIRECTION('ref_axis',(-0.745635469052037,-0.136042742212977,-0.652319032056188));
#1515=DIRECTION('center_axis',(0.,0.,1.));
#1516=DIRECTION('ref_axis',(0.983759970682328,0.179489052822462,0.));
#1517=DIRECTION('center_axis',(0.,0.,-1.));
#1518=DIRECTION('ref_axis',(0.983759970682328,0.179489052822462,0.));
#1519=DIRECTION('',(-0.695623346329354,-0.126917926399513,0.707106781186547));
#1520=DIRECTION('center_axis',(-0.179489052822466,0.983759970682328,-4.44089209850073E-15));
#1521=DIRECTION('ref_axis',(-7.9709151644665E-16,4.36877188062446E-15,1.));
#1522=DIRECTION('center_axis',(0.,0.,1.));
#1523=DIRECTION('ref_axis',(1.,0.,0.));
#1524=DIRECTION('center_axis',(0.,0.,1.));
#1525=DIRECTION('ref_axis',(1.,0.,0.));
#1526=DIRECTION('center_axis',(0.,0.,-1.));
#1527=DIRECTION('ref_axis',(1.,0.,0.));
#1528=DIRECTION('',(0.,0.,-1.));
#1529=DIRECTION('center_axis',(0.,0.,1.));
#1530=DIRECTION('ref_axis',(1.,0.,0.));
#1531=CARTESIAN_POINT('',(0.,0.,0.));
#1532=CARTESIAN_POINT('Origin',(16.1294394265793,-58.1608796338597,3.8));
#1533=CARTESIAN_POINT('',(17.398821712951,-62.7381242866006,9.3496183018266));
#1534=CARTESIAN_POINT('Ctrl Pts',(17.398821712951,-62.7381242866006,9.3496183018266));
#1535=CARTESIAN_POINT('Ctrl Pts',(17.2918410610119,-62.7677926471228,9.3496183018266));
#1536=CARTESIAN_POINT('Ctrl Pts',(17.1836965036462,-62.7937283385569,9.34525153396991));
#1537=CARTESIAN_POINT('Ctrl Pts',(16.9198227532624,-62.8473442639435,9.32372432626657));
#1538=CARTESIAN_POINT('Ctrl Pts',(16.7636328669281,-62.8708992641516,9.30185988098695));
#1539=CARTESIAN_POINT('Ctrl Pts',(16.3617543348679,-62.9117286974203,9.21832062018807));
#1540=CARTESIAN_POINT('Ctrl Pts',(16.117673012552,-62.9161731024128,9.1404629666893));
#1541=CARTESIAN_POINT('Ctrl Pts',(15.6734828553962,-62.8940663107669,8.91706221018717));
#1542=CARTESIAN_POINT('Ctrl Pts',(15.4902074786581,-62.869879474101,8.78126240675256));
#1543=CARTESIAN_POINT('Ctrl Pts',(15.2363240672572,-62.8275330902902,8.49863654365882));
#1544=CARTESIAN_POINT('Ctrl Pts',(15.1474914076634,-62.8086499361026,8.35754442033692));
#1545=CARTESIAN_POINT('Ctrl Pts',(15.038893630074,-62.7842913790325,8.06391395488603));
#1546=CARTESIAN_POINT('Ctrl Pts',(15.0141399242765,-62.7780887189558,7.91941893257878));
#1547=CARTESIAN_POINT('Ctrl Pts',(15.0212364601452,-62.7797972693976,7.61980537889342));
#1548=CARTESIAN_POINT('Ctrl Pts',(15.0556138707867,-62.7883312207763,7.47110451844237));
#1549=CARTESIAN_POINT('Ctrl Pts',(15.1867490165083,-62.8169482536598,7.17214464163456));
#1550=CARTESIAN_POINT('Ctrl Pts',(15.2924453317355,-62.8386929919852,7.02339507246003));
#1551=CARTESIAN_POINT('Ctrl Pts',(15.6071605582778,-62.8853865147206,6.72411708088178));
#1552=CARTESIAN_POINT('Ctrl Pts',(15.8292384001796,-62.9084257236321,6.5884186670982));
#1553=CARTESIAN_POINT('Ctrl Pts',(16.2994806461363,-62.9125566820688,6.40033980954653));
#1554=CARTESIAN_POINT('Ctrl Pts',(16.5221293734783,-62.8999473240539,6.34230790559047));
#1555=CARTESIAN_POINT('Ctrl Pts',(16.8875180652483,-62.8522022524066,6.28064253782886));
#1556=CARTESIAN_POINT('Ctrl Pts',(17.0305732214528,-62.8268688254226,6.26497429275616));
#1557=CARTESIAN_POINT('Ctrl Pts',(17.2919206076012,-62.7680762027572,6.25002462961843));
#1558=CARTESIAN_POINT('Ctrl Pts',(17.4109863751687,-62.7363721175518,6.24861642045242));
#1559=CARTESIAN_POINT('Ctrl Pts',(17.6577812129681,-62.6603363679794,6.25687191709629));
#1560=CARTESIAN_POINT('Ctrl Pts',(17.7854822973321,-62.6148620372419,6.26776814858561));
#1561=CARTESIAN_POINT('Ctrl Pts',(18.0913399933086,-62.4912204631401,6.31151972029326));
#1562=CARTESIAN_POINT('Ctrl Pts',(18.2665284350348,-62.4071061355699,6.35228113641426));
#1563=CARTESIAN_POINT('Ctrl Pts',(18.6848187769205,-62.1754915606758,6.50144594065836));
#1564=CARTESIAN_POINT('Ctrl Pts',(18.8936205780705,-62.0292580283007,6.62852827024698));
#1565=CARTESIAN_POINT('Ctrl Pts',(19.1802536229879,-61.8050370491235,6.91412017996614));
#1566=CARTESIAN_POINT('Ctrl Pts',(19.2738951029707,-61.7222060385111,7.0544439202334));
#1567=CARTESIAN_POINT('Ctrl Pts',(19.3977633022553,-61.6085769116494,7.33904426452892));
#1568=CARTESIAN_POINT('Ctrl Pts',(19.435660906119,-61.5714405878917,7.48202385820915));
#1569=CARTESIAN_POINT('Ctrl Pts',(19.4679611916396,-61.539824382868,7.77793893536188));
#1570=CARTESIAN_POINT('Ctrl Pts',(19.4630327996525,-61.544794696872,7.92462651002765));
#1571=CARTESIAN_POINT('Ctrl Pts',(19.4095820235104,-61.5966798477301,8.22755949153332));
#1572=CARTESIAN_POINT('Ctrl Pts',(19.3567977570812,-61.6474630381804,8.3757091319375));
#1573=CARTESIAN_POINT('Ctrl Pts',(19.1909351030995,-61.794758388134,8.67576460733695));
#1574=CARTESIAN_POINT('Ctrl Pts',(19.0636624914366,-61.9017384741752,8.82240538927938));
#1575=CARTESIAN_POINT('Ctrl Pts',(18.711059004727,-62.1547650651944,9.08416762182076));
#1576=CARTESIAN_POINT('Ctrl Pts',(18.4812518227868,-62.2985939562987,9.18715167074495));
#1577=CARTESIAN_POINT('Ctrl Pts',(18.0670467832167,-62.5007528404715,9.29206028685194));
#1578=CARTESIAN_POINT('Ctrl Pts',(17.9152153043304,-62.5655042005367,9.31727427765906));
#1579=CARTESIAN_POINT('Ctrl Pts',(17.6414832039867,-62.6655685187212,9.34396820547667));
#1580=CARTESIAN_POINT('Ctrl Pts',(17.5205780870891,-62.7043582556564,9.3496183018266));
#1581=CARTESIAN_POINT('Ctrl Pts',(17.398821712951,-62.7381242866006,9.3496183018266));
#1582=CARTESIAN_POINT('Origin',(-58.1608796338597,-16.1294394265793,3.8));
#1583=CARTESIAN_POINT('',(-62.7381242866006,-17.398821712951,9.3496183018266));
#1584=CARTESIAN_POINT('Ctrl Pts',(-62.7381242866006,-17.398821712951,9.3496183018266));
#1585=CARTESIAN_POINT('Ctrl Pts',(-62.7677926471229,-17.2918410610118,9.3496183018266));
#1586=CARTESIAN_POINT('Ctrl Pts',(-62.7937283385569,-17.1836965036461,9.34525153396991));
#1587=CARTESIAN_POINT('Ctrl Pts',(-62.8473442639435,-16.9198227532624,9.32372432626658));
#1588=CARTESIAN_POINT('Ctrl Pts',(-62.8708992641516,-16.7636328669281,9.30185988098695));
#1589=CARTESIAN_POINT('Ctrl Pts',(-62.9117286974203,-16.3617543348679,9.21832062018806));
#1590=CARTESIAN_POINT('Ctrl Pts',(-62.9161731024128,-16.1176730125519,9.14046296668929));
#1591=CARTESIAN_POINT('Ctrl Pts',(-62.8940663107668,-15.6734828553954,8.91706221018677));
#1592=CARTESIAN_POINT('Ctrl Pts',(-62.8698794741009,-15.4902074786577,8.781262406752));
#1593=CARTESIAN_POINT('Ctrl Pts',(-62.8275330902902,-15.2363240672572,8.4986365436588));
#1594=CARTESIAN_POINT('Ctrl Pts',(-62.8086499361026,-15.1474914076634,8.35754442033689));
#1595=CARTESIAN_POINT('Ctrl Pts',(-62.7842913790325,-15.038893630074,8.06391395488599));
#1596=CARTESIAN_POINT('Ctrl Pts',(-62.7780887189558,-15.0141399242765,7.91941893257874));
#1597=CARTESIAN_POINT('Ctrl Pts',(-62.7797972693976,-15.0212364601452,7.61980537889339));
#1598=CARTESIAN_POINT('Ctrl Pts',(-62.7883312207763,-15.0556138707868,7.47110451844234));
#1599=CARTESIAN_POINT('Ctrl Pts',(-62.8169482536597,-15.1867490165082,7.17214464163496));
#1600=CARTESIAN_POINT('Ctrl Pts',(-62.8386929919852,-15.2924453317352,7.02339507246037));
#1601=CARTESIAN_POINT('Ctrl Pts',(-62.8853865147206,-15.6071605582778,6.72411708088183));
#1602=CARTESIAN_POINT('Ctrl Pts',(-62.9084257236321,-15.8292384001795,6.58841866709823));
#1603=CARTESIAN_POINT('Ctrl Pts',(-62.9125566820688,-16.2994806461363,6.40033980954652));
#1604=CARTESIAN_POINT('Ctrl Pts',(-62.8999473240539,-16.5221293734783,6.34230790559047));
#1605=CARTESIAN_POINT('Ctrl Pts',(-62.8522022524066,-16.8875180652485,6.28064253782884));
#1606=CARTESIAN_POINT('Ctrl Pts',(-62.8268688254225,-17.0305732214531,6.26497429275615));
#1607=CARTESIAN_POINT('Ctrl Pts',(-62.7680762027572,-17.2919206076011,6.25002462961845));
#1608=CARTESIAN_POINT('Ctrl Pts',(-62.7363721175518,-17.4109863751686,6.24861642045241));
#1609=CARTESIAN_POINT('Ctrl Pts',(-62.6603363679795,-17.657781212968,6.25687191709629));
#1610=CARTESIAN_POINT('Ctrl Pts',(-62.6148620372419,-17.7854822973321,6.2677681485856));
#1611=CARTESIAN_POINT('Ctrl Pts',(-62.4912204631401,-18.0913399933086,6.31151972029325));
#1612=CARTESIAN_POINT('Ctrl Pts',(-62.4071061355699,-18.2665284350348,6.35228113641426));
#1613=CARTESIAN_POINT('Ctrl Pts',(-62.1754915606757,-18.6848187769205,6.50144594065836));
#1614=CARTESIAN_POINT('Ctrl Pts',(-62.0292580283007,-18.8936205780705,6.62852827024699));
#1615=CARTESIAN_POINT('Ctrl Pts',(-61.8050370491239,-19.1802536229875,6.9141201799657));
#1616=CARTESIAN_POINT('Ctrl Pts',(-61.7222060385113,-19.2738951029705,7.05444392023287));
#1617=CARTESIAN_POINT('Ctrl Pts',(-61.6085769116493,-19.3977633022554,7.339044264529));
#1618=CARTESIAN_POINT('Ctrl Pts',(-61.5714405878917,-19.435660906119,7.48202385820921));
#1619=CARTESIAN_POINT('Ctrl Pts',(-61.539824382868,-19.4679611916396,7.7779389353619));
#1620=CARTESIAN_POINT('Ctrl Pts',(-61.544794696872,-19.4630327996525,7.92462651002767));
#1621=CARTESIAN_POINT('Ctrl Pts',(-61.5966798477301,-19.4095820235104,8.22755949153335));
#1622=CARTESIAN_POINT('Ctrl Pts',(-61.6474630381805,-19.3567977570812,8.37570913193752));
#1623=CARTESIAN_POINT('Ctrl Pts',(-61.7947583881339,-19.1909351030997,8.67576460733659));
#1624=CARTESIAN_POINT('Ctrl Pts',(-61.9017384741749,-19.063662491437,8.82240538927911));
#1625=CARTESIAN_POINT('Ctrl Pts',(-62.1547650651949,-18.7110590047263,9.0841676218213));
#1626=CARTESIAN_POINT('Ctrl Pts',(-62.2985939562992,-18.4812518227857,9.18715167074522));
#1627=CARTESIAN_POINT('Ctrl Pts',(-62.5007528404715,-18.0670467832168,9.29206028685191));
#1628=CARTESIAN_POINT('Ctrl Pts',(-62.5655042005366,-17.9152153043307,9.31727427765904));
#1629=CARTESIAN_POINT('Ctrl Pts',(-62.6655685187212,-17.6414832039866,9.34396820547668));
#1630=CARTESIAN_POINT('Ctrl Pts',(-62.7043582556564,-17.520578087089,9.3496183018266));
#1631=CARTESIAN_POINT('Ctrl Pts',(-62.7381242866006,-17.398821712951,9.3496183018266));
#1632=CARTESIAN_POINT('Origin',(-16.1294394265793,58.1608796338597,3.8));
#1633=CARTESIAN_POINT('',(-17.398821712951,62.7381242866006,9.3496183018266));
#1634=CARTESIAN_POINT('Ctrl Pts',(-17.398821712951,62.7381242866006,9.3496183018266));
#1635=CARTESIAN_POINT('Ctrl Pts',(-17.2918410610117,62.7677926471229,9.3496183018266));
#1636=CARTESIAN_POINT('Ctrl Pts',(-17.1836965036461,62.7937283385569,9.3452515339699));
#1637=CARTESIAN_POINT('Ctrl Pts',(-16.9198227532625,62.8473442639435,9.32372432626658));
#1638=CARTESIAN_POINT('Ctrl Pts',(-16.7636328669281,62.8708992641516,9.30185988098696));
#1639=CARTESIAN_POINT('Ctrl Pts',(-16.3617543348679,62.9117286974203,9.21832062018807));
#1640=CARTESIAN_POINT('Ctrl Pts',(-16.117673012552,62.9161731024128,9.1404629666893));
#1641=CARTESIAN_POINT('Ctrl Pts',(-15.6734828553953,62.8940663107668,8.91706221018671));
#1642=CARTESIAN_POINT('Ctrl Pts',(-15.4902074786576,62.8698794741009,8.78126240675192));
#1643=CARTESIAN_POINT('Ctrl Pts',(-15.2363240672573,62.8275330902902,8.49863654365888));
#1644=CARTESIAN_POINT('Ctrl Pts',(-15.1474914076634,62.8086499361026,8.35754442033695));
#1645=CARTESIAN_POINT('Ctrl Pts',(-15.038893630074,62.7842913790325,8.06391395488593));
#1646=CARTESIAN_POINT('Ctrl Pts',(-15.0141399242765,62.7780887189558,7.91941893257872));
#1647=CARTESIAN_POINT('Ctrl Pts',(-15.0212364601452,62.7797972693976,7.6198053788934));
#1648=CARTESIAN_POINT('Ctrl Pts',(-15.0556138707868,62.7883312207763,7.47110451844234));
#1649=CARTESIAN_POINT('Ctrl Pts',(-15.1867490165081,62.8169482536597,7.17214464163515));
#1650=CARTESIAN_POINT('Ctrl Pts',(-15.292445331735,62.8386929919851,7.02339507246054));
#1651=CARTESIAN_POINT('Ctrl Pts',(-15.6071605582781,62.8853865147206,6.72411708088156));
#1652=CARTESIAN_POINT('Ctrl Pts',(-15.82923840018,62.9084257236321,6.58841866709807));
#1653=CARTESIAN_POINT('Ctrl Pts',(-16.2994806461363,62.9125566820687,6.40033980954655));
#1654=CARTESIAN_POINT('Ctrl Pts',(-16.5221293734782,62.8999473240539,6.34230790559049));
#1655=CARTESIAN_POINT('Ctrl Pts',(-16.8875180652485,62.8522022524066,6.28064253782884));
#1656=CARTESIAN_POINT('Ctrl Pts',(-17.0305732214531,62.8268688254225,6.26497429275615));
#1657=CARTESIAN_POINT('Ctrl Pts',(-17.291920607601,62.7680762027572,6.25002462961845));
#1658=CARTESIAN_POINT('Ctrl Pts',(-17.4109863751685,62.7363721175519,6.24861642045241));
#1659=CARTESIAN_POINT('Ctrl Pts',(-17.657781212968,62.6603363679795,6.25687191709628));
#1660=CARTESIAN_POINT('Ctrl Pts',(-17.7854822973321,62.6148620372419,6.2677681485856));
#1661=CARTESIAN_POINT('Ctrl Pts',(-18.0913399933086,62.4912204631401,6.31151972029326));
#1662=CARTESIAN_POINT('Ctrl Pts',(-18.2665284350348,62.4071061355699,6.35228113641427));
#1663=CARTESIAN_POINT('Ctrl Pts',(-18.6848187769209,62.1754915606755,6.5014459406585));
#1664=CARTESIAN_POINT('Ctrl Pts',(-18.8936205780707,62.0292580283005,6.62852827024723));
#1665=CARTESIAN_POINT('Ctrl Pts',(-19.1802536229878,61.8050370491236,6.91412017996605));
#1666=CARTESIAN_POINT('Ctrl Pts',(-19.2738951029707,61.7222060385111,7.05444392023329));
#1667=CARTESIAN_POINT('Ctrl Pts',(-19.3977633022553,61.6085769116494,7.33904426452893));
#1668=CARTESIAN_POINT('Ctrl Pts',(-19.435660906119,61.5714405878917,7.48202385820916));
#1669=CARTESIAN_POINT('Ctrl Pts',(-19.4679611916396,61.539824382868,7.77793893536189));
#1670=CARTESIAN_POINT('Ctrl Pts',(-19.4630327996525,61.544794696872,7.92462651002766));
#1671=CARTESIAN_POINT('Ctrl Pts',(-19.4095820235104,61.5966798477301,8.22755949153335));
#1672=CARTESIAN_POINT('Ctrl Pts',(-19.3567977570812,61.6474630381805,8.37570913193754));
#1673=CARTESIAN_POINT('Ctrl Pts',(-19.1909351030998,61.7947583881338,8.67576460733644));
#1674=CARTESIAN_POINT('Ctrl Pts',(-19.0636624914372,61.9017384741748,8.82240538927899));
#1675=CARTESIAN_POINT('Ctrl Pts',(-18.7110590047269,62.1547650651944,9.08416762182084));
#1676=CARTESIAN_POINT('Ctrl Pts',(-18.4812518227867,62.2985939562988,9.18715167074499));
#1677=CARTESIAN_POINT('Ctrl Pts',(-18.0670467832167,62.5007528404716,9.29206028685195));
#1678=CARTESIAN_POINT('Ctrl Pts',(-17.9152153043304,62.5655042005367,9.31727427765906));
#1679=CARTESIAN_POINT('Ctrl Pts',(-17.6414832039867,62.6655685187212,9.34396820547667));
#1680=CARTESIAN_POINT('Ctrl Pts',(-17.5205780870891,62.7043582556564,9.3496183018266));
#1681=CARTESIAN_POINT('Ctrl Pts',(-17.398821712951,62.7381242866006,9.3496183018266));
#1682=CARTESIAN_POINT('Origin',(58.1608796338597,16.1294394265793,3.8));
#1683=CARTESIAN_POINT('',(62.7381242866006,17.398821712951,9.3496183018266));
#1684=CARTESIAN_POINT('Ctrl Pts',(62.7381242866006,17.398821712951,9.3496183018266));
#1685=CARTESIAN_POINT('Ctrl Pts',(62.7677926471229,17.2918410610116,9.3496183018266));
#1686=CARTESIAN_POINT('Ctrl Pts',(62.7937283385569,17.183696503646,9.3452515339699));
#1687=CARTESIAN_POINT('Ctrl Pts',(62.8473442639435,16.9198227532624,9.32372432626657));
#1688=CARTESIAN_POINT('Ctrl Pts',(62.8708992641516,16.763632866928,9.30185988098694));
#1689=CARTESIAN_POINT('Ctrl Pts',(62.9117286974203,16.3617543348678,9.21832062018805));
#1690=CARTESIAN_POINT('Ctrl Pts',(62.9161731024128,16.1176730125519,9.14046296668925));
#1691=CARTESIAN_POINT('Ctrl Pts',(62.8940663107668,15.6734828553951,8.91706221018659));
#1692=CARTESIAN_POINT('Ctrl Pts',(62.8698794741009,15.4902074786574,8.78126240675176));
#1693=CARTESIAN_POINT('Ctrl Pts',(62.8275330902902,15.2363240672572,8.49863654365882));
#1694=CARTESIAN_POINT('Ctrl Pts',(62.8086499361026,15.1474914076634,8.35754442033688));
#1695=CARTESIAN_POINT('Ctrl Pts',(62.7842913790325,15.0388936300739,8.06391395488586));
#1696=CARTESIAN_POINT('Ctrl Pts',(62.7780887189558,15.0141399242765,7.91941893257865));
#1697=CARTESIAN_POINT('Ctrl Pts',(62.7797972693976,15.0212364601452,7.61980537889333));
#1698=CARTESIAN_POINT('Ctrl Pts',(62.7883312207763,15.0556138707868,7.47110451844228));
#1699=CARTESIAN_POINT('Ctrl Pts',(62.8169482536597,15.1867490165081,7.17214464163522));
#1700=CARTESIAN_POINT('Ctrl Pts',(62.8386929919851,15.292445331735,7.0233950724606));
#1701=CARTESIAN_POINT('Ctrl Pts',(62.8853865147206,15.6071605582783,6.72411708088139));
#1702=CARTESIAN_POINT('Ctrl Pts',(62.9084257236321,15.8292384001802,6.58841866709797));
#1703=CARTESIAN_POINT('Ctrl Pts',(62.9125566820687,16.2994806461364,6.40033980954652));
#1704=CARTESIAN_POINT('Ctrl Pts',(62.8999473240539,16.5221293734783,6.34230790559047));
#1705=CARTESIAN_POINT('Ctrl Pts',(62.8522022524065,16.8875180652485,6.28064253782882));
#1706=CARTESIAN_POINT('Ctrl Pts',(62.8268688254225,17.0305732214532,6.26497429275615));
#1707=CARTESIAN_POINT('Ctrl Pts',(62.7680762027572,17.2919206076011,6.25002462961844));
#1708=CARTESIAN_POINT('Ctrl Pts',(62.7363721175518,17.4109863751686,6.24861642045241));
#1709=CARTESIAN_POINT('Ctrl Pts',(62.6603363679794,17.657781212968,6.25687191709628));
#1710=CARTESIAN_POINT('Ctrl Pts',(62.6148620372419,17.7854822973321,6.2677681485856));
#1711=CARTESIAN_POINT('Ctrl Pts',(62.49122046314,18.0913399933088,6.31151972029328));
#1712=CARTESIAN_POINT('Ctrl Pts',(62.4071061355698,18.2665284350349,6.35228113641432));
#1713=CARTESIAN_POINT('Ctrl Pts',(62.1754915606756,18.6848187769207,6.50144594065844));
#1714=CARTESIAN_POINT('Ctrl Pts',(62.0292580283006,18.8936205780706,6.62852827024712));
#1715=CARTESIAN_POINT('Ctrl Pts',(61.8050370491244,19.1802536229869,6.9141201799651));
#1716=CARTESIAN_POINT('Ctrl Pts',(61.7222060385116,19.2738951029702,7.05444392023215));
#1717=CARTESIAN_POINT('Ctrl Pts',(61.6085769116493,19.3977633022554,7.33904426452904));
#1718=CARTESIAN_POINT('Ctrl Pts',(61.5714405878917,19.435660906119,7.48202385820926));
#1719=CARTESIAN_POINT('Ctrl Pts',(61.539824382868,19.4679611916396,7.777938935362));
#1720=CARTESIAN_POINT('Ctrl Pts',(61.544794696872,19.4630327996525,7.9246265100278));
#1721=CARTESIAN_POINT('Ctrl Pts',(61.5966798477302,19.4095820235103,8.22755949153344));
#1722=CARTESIAN_POINT('Ctrl Pts',(61.6474630381805,19.3567977570811,8.37570913193763));
#1723=CARTESIAN_POINT('Ctrl Pts',(61.7947583881334,19.1909351031003,8.67576460733555));
#1724=CARTESIAN_POINT('Ctrl Pts',(61.9017384741742,19.0636624914381,8.82240538927832));
#1725=CARTESIAN_POINT('Ctrl Pts',(62.1547650651951,18.7110590047259,9.08416762182155));
#1726=CARTESIAN_POINT('Ctrl Pts',(62.2985939562994,18.4812518227853,9.18715167074533));
#1727=CARTESIAN_POINT('Ctrl Pts',(62.5007528404715,18.0670467832168,9.29206028685191));
#1728=CARTESIAN_POINT('Ctrl Pts',(62.5655042005366,17.9152153043307,9.31727427765904));
#1729=CARTESIAN_POINT('Ctrl Pts',(62.6655685187212,17.6414832039867,9.34396820547668));
#1730=CARTESIAN_POINT('Ctrl Pts',(62.7043582556563,17.5205780870892,9.3496183018266));
#1731=CARTESIAN_POINT('Ctrl Pts',(62.7381242866006,17.398821712951,9.3496183018266));
#1732=CARTESIAN_POINT('Origin',(-17.9230715855787,21.5119386606187,150.));
#1733=CARTESIAN_POINT('',(-20.9635926581323,25.1612853976879,155.742304571033));
#1734=CARTESIAN_POINT('Ctrl Pts',(-20.9635926581323,25.1612853976879,155.742304571033));
#1735=CARTESIAN_POINT('Ctrl Pts',(-20.9077247528528,25.2078327815131,155.742304571033));
#1736=CARTESIAN_POINT('Ctrl Pts',(-20.8507627732787,25.2531149140704,155.740559838419));
#1737=CARTESIAN_POINT('Ctrl Pts',(-20.4963086311122,25.5218603955965,155.719073423896));
#1738=CARTESIAN_POINT('Ctrl Pts',(-20.1930871327765,25.6958509462604,155.656984891709));
#1739=CARTESIAN_POINT('Ctrl Pts',(-19.6853610359435,25.9300044075297,155.470456540715));
#1740=CARTESIAN_POINT('Ctrl Pts',(-19.4785457658201,26.0037982132929,155.36181662493));
#1741=CARTESIAN_POINT('Ctrl Pts',(-19.163928370265,26.0992887502507,155.124467514524));
#1742=CARTESIAN_POINT('Ctrl Pts',(-19.0392841549254,26.1300204026019,155.000927238884));
#1743=CARTESIAN_POINT('Ctrl Pts',(-18.85871425955,26.1696400853877,154.737410343799));
#1744=CARTESIAN_POINT('Ctrl Pts',(-18.7970036299272,26.180987752969,154.606064123558));
#1745=CARTESIAN_POINT('Ctrl Pts',(-18.7271355710339,26.1935221432331,154.328715377479));
#1746=CARTESIAN_POINT('Ctrl Pts',(-18.719658361261,26.1947089463066,154.188265626164));
#1747=CARTESIAN_POINT('Ctrl Pts',(-18.7603556412242,26.1876121435184,153.898040607875));
#1748=CARTESIAN_POINT('Ctrl Pts',(-18.8128979751373,26.1784856830982,153.755528959115));
#1749=CARTESIAN_POINT('Ctrl Pts',(-18.9816821682018,26.1434516680496,153.465228484236));
#1750=CARTESIAN_POINT('Ctrl Pts',(-19.1119417529999,26.1137826195582,153.320436155626));
#1751=CARTESIAN_POINT('Ctrl Pts',(-19.4873352246158,26.0025953581727,153.025057026577));
#1752=CARTESIAN_POINT('Ctrl Pts',(-19.748167428616,25.908409141912,152.896101199876));
#1753=CARTESIAN_POINT('Ctrl Pts',(-20.3670507833884,25.60247988419,152.697755864721));
#1754=CARTESIAN_POINT('Ctrl Pts',(-20.7217870138143,25.3739311766138,152.648693818505));
#1755=CARTESIAN_POINT('Ctrl Pts',(-21.333584414426,24.8400699040828,152.668119290084));
#1756=CARTESIAN_POINT('Ctrl Pts',(-21.5727105692749,24.5690550230304,152.72360022067));
#1757=CARTESIAN_POINT('Ctrl Pts',(-21.9153676129908,24.0988062356649,152.901289374333));
#1758=CARTESIAN_POINT('Ctrl Pts',(-22.0330660335641,23.9010800248001,153.007375057456));
#1759=CARTESIAN_POINT('Ctrl Pts',(-22.1943017866552,23.595699783578,153.241943836426));
#1760=CARTESIAN_POINT('Ctrl Pts',(-22.2508705263522,23.4726073974495,153.36451869563));
#1761=CARTESIAN_POINT('Ctrl Pts',(-22.3279187390472,23.2917558128861,153.626960113109));
#1762=CARTESIAN_POINT('Ctrl Pts',(-22.3522984379788,23.2283650080326,153.757672832073));
#1763=CARTESIAN_POINT('Ctrl Pts',(-22.3807515127508,23.1530246839595,154.03338572709));
#1764=CARTESIAN_POINT('Ctrl Pts',(-22.3849770361431,23.1410828687906,154.172771426406));
#1765=CARTESIAN_POINT('Ctrl Pts',(-22.3744849130196,23.1695481695595,154.461574350131));
#1766=CARTESIAN_POINT('Ctrl Pts',(-22.3582815548097,23.2138526479948,154.604010861648));
#1767=CARTESIAN_POINT('Ctrl Pts',(-22.2993640419055,23.3607519415226,154.894015046449));
#1768=CARTESIAN_POINT('Ctrl Pts',(-22.251144701222,23.4753587124159,155.039090634421));
#1769=CARTESIAN_POINT('Ctrl Pts',(-22.0875886664048,23.8063226721918,155.33834351056));
#1770=CARTESIAN_POINT('Ctrl Pts',(-21.9577020950995,24.0366820181662,155.471678518261));
#1771=CARTESIAN_POINT('Ctrl Pts',(-21.5685190889239,24.5792390477066,155.684166798026));
#1772=CARTESIAN_POINT('Ctrl Pts',(-21.291994916069,24.8876709517411,155.742304571033));
#1773=CARTESIAN_POINT('Ctrl Pts',(-20.9635926581323,25.1612853976879,155.742304571033));
#1774=CARTESIAN_POINT('Origin',(27.5914211575377,4.76586597664892,150.));
#1775=CARTESIAN_POINT('',(32.2721086753343,5.57436109768757,155.742304571033));
#1776=CARTESIAN_POINT('Ctrl Pts',(32.2721086753343,5.57436109768757,155.742304571033));
#1777=CARTESIAN_POINT('Ctrl Pts',(32.2965541615501,5.43283682720108,155.742304571033));
#1778=CARTESIAN_POINT('Ctrl Pts',(32.3145809874852,5.28997377167056,155.73552677411));
#1779=CARTESIAN_POINT('Ctrl Pts',(32.3421569774951,4.94786849874847,155.702285090404));
#1780=CARTESIAN_POINT('Ctrl Pts',(32.3453595094314,4.74821177713689,155.669022082305));
#1781=CARTESIAN_POINT('Ctrl Pts',(32.323704258263,4.26288233093432,155.544578350213));
#1782=CARTESIAN_POINT('Ctrl Pts',(32.2851975807515,4.00448326365091,155.437853310434));
#1783=CARTESIAN_POINT('Ctrl Pts',(32.2020057721355,3.60884986709429,155.182750247783));
#1784=CARTESIAN_POINT('Ctrl Pts',(32.1609239035089,3.46386612508405,155.047803116859));
#1785=CARTESIAN_POINT('Ctrl Pts',(32.0994231385856,3.26619283473274,154.773849815608));
#1786=CARTESIAN_POINT('Ctrl Pts',(32.0758415513173,3.19928560103839,154.637459286749));
#1787=CARTESIAN_POINT('Ctrl Pts',(32.0491395879814,3.12492936012464,154.354710080939));
#1788=CARTESIAN_POINT('Ctrl Pts',(32.045094615568,3.11433376300628,154.215264341025));
#1789=CARTESIAN_POINT('Ctrl Pts',(32.0567761432117,3.14617008723384,153.925951576368));
#1790=CARTESIAN_POINT('Ctrl Pts',(32.0737474120795,3.19209662895076,153.782985975882));
#1791=CARTESIAN_POINT('Ctrl Pts',(32.1256110920764,3.34753275679769,153.49170150403));
#1792=CARTESIAN_POINT('Ctrl Pts',(32.1640873336676,3.46974603898803,153.345598644627));
#1793=CARTESIAN_POINT('Ctrl Pts',(32.2544587953899,3.83615301746397,153.048728871302));
#1794=CARTESIAN_POINT('Ctrl Pts',(32.3041473338907,4.09834110522015,152.917267417852));
#1795=CARTESIAN_POINT('Ctrl Pts',(32.3431894378451,4.60679688041366,152.760465430224));
#1796=CARTESIAN_POINT('Ctrl Pts',(32.3459069734819,4.81923635643538,152.717655226599));
#1797=CARTESIAN_POINT('Ctrl Pts',(32.3244657198995,5.20107701872726,152.670038572115));
#1798=CARTESIAN_POINT('Ctrl Pts',(32.3057930329782,5.37100262545586,152.659182133024));
#1799=CARTESIAN_POINT('Ctrl Pts',(32.2507652909484,5.7045733163978,152.656511437446));
#1800=CARTESIAN_POINT('Ctrl Pts',(32.2145583445187,5.86897526843378,152.664422276517));
#1801=CARTESIAN_POINT('Ctrl Pts',(32.1159030341744,6.22644254422065,152.703510862359));
#1802=CARTESIAN_POINT('Ctrl Pts',(32.0489882723374,6.41862113386774,152.739591331311));
#1803=CARTESIAN_POINT('Ctrl Pts',(31.8621495810769,6.86473981145218,152.870867544172));
#1804=CARTESIAN_POINT('Ctrl Pts',(31.7400504155076,7.08913552299536,152.979973439096));
#1805=CARTESIAN_POINT('Ctrl Pts',(31.5327212050129,7.42299864737827,153.237705745354));
#1806=CARTESIAN_POINT('Ctrl Pts',(31.4478689361416,7.5411711685557,153.372914411232));
#1807=CARTESIAN_POINT('Ctrl Pts',(31.3277757817331,7.70017966418782,153.646872459909));
#1808=CARTESIAN_POINT('Ctrl Pts',(31.28506973687,7.75265543312116,153.783355621792));
#1809=CARTESIAN_POINT('Ctrl Pts',(31.2385207873043,7.80928580550954,154.066295582341));
#1810=CARTESIAN_POINT('Ctrl Pts',(31.2329837902009,7.81576511524211,154.205993611143));
#1811=CARTESIAN_POINT('Ctrl Pts',(31.2584052988238,7.78516339434079,154.495824857014));
#1812=CARTESIAN_POINT('Ctrl Pts',(31.2918975178293,7.74495261447215,154.63891249845));
#1813=CARTESIAN_POINT('Ctrl Pts',(31.3973862905536,7.60946135187781,154.930580291469));
#1814=CARTESIAN_POINT('Ctrl Pts',(31.477382170437,7.50272111802917,155.076660634665));
#1815=CARTESIAN_POINT('Ctrl Pts',(31.6910364266105,7.17521132019835,155.372283023683));
#1816=CARTESIAN_POINT('Ctrl Pts',(31.82820997211,6.93619002641027,155.501773133678));
#1817=CARTESIAN_POINT('Ctrl Pts',(32.0322385833913,6.46357444239337,155.650462056087));
#1818=CARTESIAN_POINT('Ctrl Pts',(32.1024833215125,6.26795498101881,155.689746743685));
#1819=CARTESIAN_POINT('Ctrl Pts',(32.2056173227083,5.90599269583738,155.732961826554));
#1820=CARTESIAN_POINT('Ctrl Pts',(32.2433761719781,5.74070455025113,155.742304571033));
#1821=CARTESIAN_POINT('Ctrl Pts',(32.2721086753343,5.57436109768757,155.742304571033));
#1822=CARTESIAN_POINT('Origin',(-9.66834957195896,-26.2778046372676,150.));
#1823=CARTESIAN_POINT('',(-11.308516017202,-30.7356464953755,155.742304571033));
#1824=CARTESIAN_POINT('Ctrl Pts',(-11.308516017202,-30.7356464953755,155.742304571033));
#1825=CARTESIAN_POINT('Ctrl Pts',(-11.3139517175653,-30.7336465470538,155.742304571033));
#1826=CARTESIAN_POINT('Ctrl Pts',(-11.3193837746488,-30.731636651128,155.742293487033));
#1827=CARTESIAN_POINT('Ctrl Pts',(-11.4487205242961,-30.6835120971269,155.741765286357));
#1828=CARTESIAN_POINT('Ctrl Pts',(-11.5707957268709,-30.6321701457638,155.735509831577));
#1829=CARTESIAN_POINT('Ctrl Pts',(-11.8455814235319,-30.502942335388,155.70730569811));
#1830=CARTESIAN_POINT('Ctrl Pts',(-11.9967078387071,-30.4214239360903,155.681087437648));
#1831=CARTESIAN_POINT('Ctrl Pts',(-12.3983434460941,-30.1766321707993,155.574872206203));
#1832=CARTESIAN_POINT('Ctrl Pts',(-12.6149556590549,-30.0106519876709,155.473418418485));
#1833=CARTESIAN_POINT('Ctrl Pts',(-12.9388971835116,-29.7281503089558,155.223150775087));
#1834=CARTESIAN_POINT('Ctrl Pts',(-13.053669277552,-29.6121253060252,155.087224936562));
#1835=CARTESIAN_POINT('Ctrl Pts',(-13.2062910135685,-29.4488001081113,154.810748937627));
#1836=CARTESIAN_POINT('Ctrl Pts',(-13.256756757182,-29.3903666414105,154.674009707695));
#1837=CARTESIAN_POINT('Ctrl Pts',(-13.3145052420079,-29.3224435917378,154.390861437551));
#1838=CARTESIAN_POINT('Ctrl Pts',(-13.3247378218259,-29.309876465262,154.25180685657));
#1839=CARTESIAN_POINT('Ctrl Pts',(-13.3094003135892,-29.3282803620985,153.963288168873));
#1840=CARTESIAN_POINT('Ctrl Pts',(-13.2818212186904,-29.3616432355242,153.820504132673));
#1841=CARTESIAN_POINT('Ctrl Pts',(-13.182204691174,-29.4750000761743,153.529715760925));
#1842=CARTESIAN_POINT('Ctrl Pts',(-13.1019485819187,-29.563644294277,153.383510720525));
#1843=CARTESIAN_POINT('Ctrl Pts',(-12.8488498714787,-29.8114775298125,153.085599802051));
#1844=CARTESIAN_POINT('Ctrl Pts',(-12.6608392912819,-29.9779496946914,152.951527044706));
#1845=CARTESIAN_POINT('Ctrl Pts',(-12.2563621475111,-30.2662633428042,152.782004990987));
#1846=CARTESIAN_POINT('Ctrl Pts',(-12.0724859874275,-30.3802454575318,152.733212754785));
#1847=CARTESIAN_POINT('Ctrl Pts',(-11.7525055729752,-30.5485760835005,152.681052932832));
#1848=CARTESIAN_POINT('Ctrl Pts',(-11.6209838863825,-30.6103318823296,152.66789386732));
#1849=CARTESIAN_POINT('Ctrl Pts',(-11.3696075371929,-30.7145078777404,152.6563659496));
#1850=CARTESIAN_POINT('Ctrl Pts',(-11.250057212474,-30.7585180874911,152.656342515227));
#1851=CARTESIAN_POINT('Ctrl Pts',(-10.9913116416742,-30.8421575660545,152.667743976103));
#1852=CARTESIAN_POINT('Ctrl Pts',(-10.8513302834786,-30.8803767289347,152.680821371576));
#1853=CARTESIAN_POINT('Ctrl Pts',(-10.4992988378535,-30.9596020060866,152.732647459718));
#1854=CARTESIAN_POINT('Ctrl Pts',(-10.2859866260867,-30.9920257427272,152.781135749589));
#1855=CARTESIAN_POINT('Ctrl Pts',(-9.79865993889508,-31.0343923255043,152.94729025032));
#1856=CARTESIAN_POINT('Ctrl Pts',(-9.5526640497247,-31.0305093950526,153.076759117013));
#1857=CARTESIAN_POINT('Ctrl Pts',(-9.20632295596696,-31.0076407947947,153.360743311308));
#1858=CARTESIAN_POINT('Ctrl Pts',(-9.08919420923652,-30.9931206750522,153.497945871861));
#1859=CARTESIAN_POINT('Ctrl Pts',(-8.93416778569161,-30.9712768450504,153.773494764616));
#1860=CARTESIAN_POINT('Ctrl Pts',(-8.88613632791577,-30.962997766783,153.910891559917));
#1861=CARTESIAN_POINT('Ctrl Pts',(-8.84760267934032,-30.9563991529265,154.195826240943));
#1862=CARTESIAN_POINT('Ctrl Pts',(-8.85646900244535,-30.9580459286924,154.337100378673));
#1863=CARTESIAN_POINT('Ctrl Pts',(-8.9328326914715,-30.9706944493219,154.630594184631));
#1864=CARTESIAN_POINT('Ctrl Pts',(-9.00640425919478,-30.9824851225299,154.774508862937));
#1865=CARTESIAN_POINT('Ctrl Pts',(-9.22979370605058,-31.0092084616385,155.068566493216));
#1866=CARTESIAN_POINT('Ctrl Pts',(-9.39935857832228,-31.0247054278951,155.213981095505));
#1867=CARTESIAN_POINT('Ctrl Pts',(-9.84572656743792,-31.0305161490631,155.475349730404));
#1868=CARTESIAN_POINT('Ctrl Pts',(-10.1271426557534,-31.0158819701551,155.5791604935));
#1869=CARTESIAN_POINT('Ctrl Pts',(-10.6010942408139,-30.9383606571467,155.684666593778));
#1870=CARTESIAN_POINT('Ctrl Pts',(-10.7685229960472,-30.9018252954024,155.709943748945));
#1871=CARTESIAN_POINT('Ctrl Pts',(-11.0600321666382,-30.8212435940572,155.736637394358));
#1872=CARTESIAN_POINT('Ctrl Pts',(-11.1853223452315,-30.7809729411005,155.742304571033));
#1873=CARTESIAN_POINT('Ctrl Pts',(-11.308516017202,-30.7356464953755,155.742304571033));
#1874=CARTESIAN_POINT('Origin',(-5.88368452730482,-33.4362790451203,154.2));
#1875=CARTESIAN_POINT('',(-6.10031503272842,-34.6673644296977,150.2));
#1876=CARTESIAN_POINT('',(-6.10031503272842,-34.6673644296977,158.2));
#1877=CARTESIAN_POINT('',(-6.10031503272842,-34.6673644296977,150.));
#1878=CARTESIAN_POINT('',(-5.68265141827173,-32.2938318082326,152.61));
#1879=CARTESIAN_POINT('',(-6.10031503272842,-34.6673644296977,150.2));
#1880=CARTESIAN_POINT('',(-5.68265141827173,-32.2938318082326,155.79));
#1881=CARTESIAN_POINT('Origin',(-6.00282396188083,-34.1133342749299,154.2));
#1882=CARTESIAN_POINT('',(-5.68265141827173,-32.2938318082326,155.79));
#1883=CARTESIAN_POINT('Origin',(0.,0.,156.995));
#1884=CARTESIAN_POINT('',(-23.5791996473834,-22.7860800487674,155.79));
#1885=CARTESIAN_POINT('',(-25.3122240801432,-24.4608117632391,158.2));
#1886=CARTESIAN_POINT('',(-23.5791996473834,-22.7860800487674,155.79));
#1887=CARTESIAN_POINT('Origin',(0.,0.,158.2));
#1888=CARTESIAN_POINT('Origin',(-3.9661105406661E-15,2.28983498828939E-15,
155.79));
#1889=CARTESIAN_POINT('Origin',(0.,0.,154.2));
#1890=CARTESIAN_POINT('',(-23.5791996473834,-22.7860800487674,152.61));
#1891=CARTESIAN_POINT('Origin',(-24.9077013927299,-24.0698957663102,154.2));
#1892=CARTESIAN_POINT('Origin',(-3.9661105406661E-15,2.28983498828939E-15,
152.61));
#1893=CARTESIAN_POINT('Origin',(0.,0.,151.405));
#1894=CARTESIAN_POINT('',(-25.3122240801432,-24.4608117632391,150.2));
#1895=CARTESIAN_POINT('',(-25.3122240801432,-24.4608117632391,150.2));
#1896=CARTESIAN_POINT('Origin',(0.,0.,150.2));
#1897=CARTESIAN_POINT('Origin',(-24.4133524863881,-23.5921749818741,154.2));
#1898=CARTESIAN_POINT('',(-25.3122240801432,-24.4608117632391,150.));
#1899=CARTESIAN_POINT('Origin',(-26.0148247974471,21.8135597910596,154.2));
#1900=CARTESIAN_POINT('',(-26.972660762007,22.6167100042797,150.2));
#1901=CARTESIAN_POINT('',(-26.972660762007,22.6167100042797,158.2));
#1902=CARTESIAN_POINT('',(-26.972660762007,22.6167100042797,150.));
#1903=CARTESIAN_POINT('',(-25.1259530223355,21.0682363931913,152.61));
#1904=CARTESIAN_POINT('',(-26.972660762007,22.6167100042797,150.2));
#1905=CARTESIAN_POINT('',(-25.1259530223355,21.0682363931913,155.79));
#1906=CARTESIAN_POINT('Origin',(-26.5416021089393,22.2552651828997,154.2));
#1907=CARTESIAN_POINT('',(-25.1259530223355,21.0682363931913,155.79));
#1908=CARTESIAN_POINT('Origin',(0.,0.,156.995));
#1909=CARTESIAN_POINT('',(-7.94372435120661,31.8132259199228,155.79));
#1910=CARTESIAN_POINT('',(-8.52757234408273,34.1514349613078,158.2));
#1911=CARTESIAN_POINT('',(-7.94372435120661,31.8132259199228,155.79));
#1912=CARTESIAN_POINT('Origin',(0.,0.,158.2));
#1913=CARTESIAN_POINT('Origin',(3.9661105406661E-15,2.28983498828938E-15,
155.79));
#1914=CARTESIAN_POINT('Origin',(0.,0.,154.2));
#1915=CARTESIAN_POINT('',(-7.94372435120661,31.8132259199228,152.61));
#1916=CARTESIAN_POINT('Origin',(-8.39129050370324,33.6056500391362,154.2));
#1917=CARTESIAN_POINT('Origin',(3.9661105406661E-15,2.28983498828938E-15,
152.61));
#1918=CARTESIAN_POINT('Origin',(0.,0.,151.405));
#1919=CARTESIAN_POINT('',(-8.52757234408273,34.1514349613078,150.2));
#1920=CARTESIAN_POINT('',(-8.52757234408273,34.1514349613078,150.2));
#1921=CARTESIAN_POINT('Origin',(0.,0.,150.2));
#1922=CARTESIAN_POINT('Origin',(-8.22474662163662,32.9386709356932,154.2));
#1923=CARTESIAN_POINT('',(-8.52757234408273,34.1514349613078,150.));
#1924=CARTESIAN_POINT('Origin',(31.8985093247519,11.6227192540608,154.2));
#1925=CARTESIAN_POINT('',(33.0729757947354,12.050654425418,150.2));
#1926=CARTESIAN_POINT('',(33.0729757947354,12.050654425418,158.2));
#1927=CARTESIAN_POINT('',(33.0729757947354,12.0506544254179,150.));
#1928=CARTESIAN_POINT('',(30.8086044406072,11.2255954150413,152.61));
#1929=CARTESIAN_POINT('',(33.0729757947354,12.0506544254179,150.2));
#1930=CARTESIAN_POINT('',(30.8086044406072,11.2255954150413,155.79));
#1931=CARTESIAN_POINT('Origin',(32.5444260708201,11.8580690920302,154.2));
#1932=CARTESIAN_POINT('',(30.8086044406072,11.2255954150413,155.79));
#1933=CARTESIAN_POINT('Origin',(0.,0.,156.995));
#1934=CARTESIAN_POINT('',(31.52292399859,-9.02714587115541,155.79));
#1935=CARTESIAN_POINT('',(33.8397964242259,-9.69062319806863,158.2));
#1936=CARTESIAN_POINT('',(31.52292399859,-9.02714587115541,155.79));
#1937=CARTESIAN_POINT('Origin',(0.,0.,158.2));
#1938=CARTESIAN_POINT('Origin',(0.,-4.57966997657877E-15,155.79));
#1939=CARTESIAN_POINT('Origin',(0.,0.,154.2));
#1940=CARTESIAN_POINT('',(31.52292399859,-9.02714587115541,152.61));
#1941=CARTESIAN_POINT('Origin',(33.2989918964331,-9.53575427282598,154.2));
#1942=CARTESIAN_POINT('Origin',(0.,-4.57966997657877E-15,152.61));
#1943=CARTESIAN_POINT('Origin',(0.,0.,151.405));
#1944=CARTESIAN_POINT('',(33.8397964242259,-9.69062319806863,150.2));
#1945=CARTESIAN_POINT('',(33.8397964242259,-9.69062319806863,150.2));
#1946=CARTESIAN_POINT('Origin',(0.,0.,150.2));
#1947=CARTESIAN_POINT('Origin',(32.6380991080247,-9.34649595381903,154.2));
#1948=CARTESIAN_POINT('',(33.8397964242259,-9.69062319806863,150.));
#1949=CARTESIAN_POINT('Origin',(0.,0.,150.));
#1950=CARTESIAN_POINT('',(-39.2,-4.80061545265762E-15,158.5));
#1951=CARTESIAN_POINT('Origin',(0.,0.,158.5));
#1952=CARTESIAN_POINT('',(-39.2,-4.80061545265762E-15,153.4));
#1953=CARTESIAN_POINT('',(-39.2,-4.80061545265762E-15,150.));
#1954=CARTESIAN_POINT('Origin',(0.,0.,153.4));
#1955=CARTESIAN_POINT('Origin',(0.,0.,150.));
#1956=CARTESIAN_POINT('',(-35.2,-4.31075673299868E-15,158.5));
#1957=CARTESIAN_POINT('Origin',(0.,0.,158.5));
#1958=CARTESIAN_POINT('',(-35.2,-4.31075673299868E-15,150.));
#1959=CARTESIAN_POINT('',(-35.2,-4.31075673299868E-15,150.));
#1960=CARTESIAN_POINT('Origin',(0.,0.,150.));
#1961=CARTESIAN_POINT('Origin',(0.,0.,158.5));
#1962=CARTESIAN_POINT('Origin',(0.,0.,153.4));
#1963=CARTESIAN_POINT('',(-71.8,-8.79296401787799E-15,153.4));
#1964=CARTESIAN_POINT('Origin',(0.,0.,153.4));
#1965=CARTESIAN_POINT('Origin',(0.,0.,150.));
#1966=CARTESIAN_POINT('',(-71.8,-8.79296401787799E-15,150.));
#1967=CARTESIAN_POINT('Origin',(0.,0.,150.));
#1968=CARTESIAN_POINT('Origin',(0.,0.,0.));
#1969=CARTESIAN_POINT('',(-71.8,-8.79296401787799E-15,12.));
#1970=CARTESIAN_POINT('',(-71.8,-8.79296401787799E-15,0.));
#1971=CARTESIAN_POINT('Origin',(0.,0.,12.));
#1972=CARTESIAN_POINT('Origin',(0.,0.,0.));
#1973=CARTESIAN_POINT('',(-75.,-9.18485099360515E-15,167.));
#1974=CARTESIAN_POINT('Origin',(0.,0.,167.));
#1975=CARTESIAN_POINT('',(-75.,-9.18485099360515E-15,0.));
#1976=CARTESIAN_POINT('',(-75.,-9.18485099360515E-15,0.));
#1977=CARTESIAN_POINT('',(-1.21992502436466,-74.9900778965786,0.));
#1978=CARTESIAN_POINT('Origin',(0.,0.,0.));
#1979=CARTESIAN_POINT('',(-1.21992502436466,-74.9900778965786,7.53));
#1980=CARTESIAN_POINT('',(-1.21992502436466,-74.9900778965786,0.));
#1981=CARTESIAN_POINT('',(3.67941554854379,-74.909691637472,7.53));
#1982=CARTESIAN_POINT('Ctrl Pts',(-1.21992502436466,-74.9900778965786,7.53));
#1983=CARTESIAN_POINT('Ctrl Pts',(-1.21992502436466,-74.9900778965786,7.83765094610994));
#1984=CARTESIAN_POINT('Ctrl Pts',(-1.15841044126305,-74.9911576740014,8.16579334276313));
#1985=CARTESIAN_POINT('Ctrl Pts',(-0.908281962104438,-74.994604258623,8.76941622960276));
#1986=CARTESIAN_POINT('Ctrl Pts',(-0.719671051782785,-74.9968626727682,
9.04489857104923));
#1987=CARTESIAN_POINT('Ctrl Pts',(-0.284538624195644,-74.9997758326552,
9.4799246484044));
#1988=CARTESIAN_POINT('Ctrl Pts',(-0.00900556565353827,-75.0006068194719,
9.66847313166749));
#1989=CARTESIAN_POINT('Ctrl Pts',(0.59465990568213,-74.9982498728176,9.91851141335806));
#1990=CARTESIAN_POINT('Ctrl Pts',(0.922792393543918,-74.9949538522145,9.98));
#1991=CARTESIAN_POINT('Ctrl Pts',(1.53801145666034,-74.9848596041664,9.98));
#1992=CARTESIAN_POINT('Ctrl Pts',(1.86607545036901,-74.9773890369793,9.91851141335806));
#1993=CARTESIAN_POINT('Ctrl Pts',(2.46949330842554,-74.9599406829332,9.6684731316675));
#1994=CARTESIAN_POINT('Ctrl Pts',(2.74485079374036,-74.9500709225635,9.4799246484044));
#1995=CARTESIAN_POINT('Ctrl Pts',(3.17965343189174,-74.9328842447285,9.04489857104923));
#1996=CARTESIAN_POINT('Ctrl Pts',(3.36808872809795,-74.9244394196567,8.76941622960276));
#1997=CARTESIAN_POINT('Ctrl Pts',(3.61796950050043,-74.9127888996986,8.16579334276314));
#1998=CARTESIAN_POINT('Ctrl Pts',(3.67941554854379,-74.9096916374719,7.83765094610994));
#1999=CARTESIAN_POINT('Ctrl Pts',(3.67941554854379,-74.9096916374719,7.53));
#2000=CARTESIAN_POINT('',(3.67941554854379,-74.909691637472,0.));
#2001=CARTESIAN_POINT('',(3.67941554854379,-74.909691637472,0.));
#2002=CARTESIAN_POINT('Origin',(0.,0.,0.));
#2003=CARTESIAN_POINT('Origin',(-5.33067509180552,-69.7968446855988,4.04999999999997));
#2004=CARTESIAN_POINT('',(-5.33067509180552,-69.7968446855988,0.));
#2005=CARTESIAN_POINT('',(-5.2786701037712,-72.9664180766437,0.));
#2006=CARTESIAN_POINT('',(-5.90240185300298,-34.9515346925663,2.77555756156289E-16));
#2007=CARTESIAN_POINT('',(-5.33067509180552,-69.7968446855988,4.04999999999997));
#2008=CARTESIAN_POINT('',(-5.33067509180552,-69.7968446855988,-1.00000000000003));
#2009=CARTESIAN_POINT('',(-5.2786701037712,-72.9664180766437,4.04999999999997));
#2010=CARTESIAN_POINT('',(-5.33067509180552,-69.7968446855988,4.04999999999997));
#2011=CARTESIAN_POINT('',(-5.2786701037712,-72.9664180766437,-1.00000000000003));
#2012=CARTESIAN_POINT('Origin',(7.61758213659537,-69.5843952865312,4.04999999999997));
#2013=CARTESIAN_POINT('',(3.59312380884913,-69.6504268565117,4.04999999999997));
#2014=CARTESIAN_POINT('',(3.64512879688345,-72.8200002475565,4.04999999999997));
#2015=CARTESIAN_POINT('',(3.02139704765168,-34.8051168634792,4.04999999999998));
#2016=CARTESIAN_POINT('',(7.61758213659537,-69.5843952865312,4.04999999999997));
#2017=CARTESIAN_POINT('',(-5.33067509180552,-69.7968446855988,4.04999999999997));
#2018=CARTESIAN_POINT('',(7.66958712462968,-72.753968677576,4.04999999999997));
#2019=CARTESIAN_POINT('',(7.61758213659537,-69.5843952865312,4.04999999999997));
#2020=CARTESIAN_POINT('',(-5.2786701037712,-72.9664180766437,4.04999999999997));
#2021=CARTESIAN_POINT('Origin',(1.14345352239492,-69.690619986065,1.52499999999997));
#2022=CARTESIAN_POINT('',(3.59312380884913,-69.6504268565117,0.));
#2023=CARTESIAN_POINT('',(3.59312380884913,-69.6504268565117,0.262499999999967));
#2024=CARTESIAN_POINT('',(7.61758213659537,-69.5843952865312,0.));
#2025=CARTESIAN_POINT('',(1.14345352239492,-69.690619986065,0.));
#2026=CARTESIAN_POINT('',(7.61758213659537,-69.5843952865312,4.04999999999997));
#2027=CARTESIAN_POINT('Origin',(1.19545851042924,-72.8601933771099,1.52499999999997));
#2028=CARTESIAN_POINT('',(3.64512879688345,-72.8200002475565,0.));
#2029=CARTESIAN_POINT('',(3.64512879688345,-72.8200002475565,0.262499999999965));
#2030=CARTESIAN_POINT('',(7.66958712462969,-72.753968677576,0.));
#2031=CARTESIAN_POINT('',(7.66958712462969,-72.753968677576,4.04999999999997));
#2032=CARTESIAN_POINT('',(1.19545851042925,-72.8601933771099,0.));
#2033=CARTESIAN_POINT('Origin',(1.19545851042924,-72.8601933771099,1.52499999999997));
#2034=CARTESIAN_POINT('',(-1.25421177602499,-72.9003865066632,5.55111512312578E-16));
#2035=CARTESIAN_POINT('',(1.19545851042925,-72.8601933771099,0.));
#2036=CARTESIAN_POINT('',(-1.25421177602499,-72.9003865066632,4.04999999999997));
#2037=CARTESIAN_POINT('',(-5.2786701037712,-72.9664180766437,4.04999999999997));
#2038=CARTESIAN_POINT('',(-1.25421177602499,-72.9003865066632,4.52749999999997));
#2039=CARTESIAN_POINT('Origin',(7.61758213659537,-69.5843952865312,4.04999999999997));
#2040=CARTESIAN_POINT('',(-1.30621676405931,-69.7308131156183,4.04999999999997));
#2041=CARTESIAN_POINT('',(-1.87794352525677,-34.8855031225858,4.04999999999998));
#2042=CARTESIAN_POINT('',(-5.33067509180552,-69.7968446855988,4.04999999999997));
#2043=CARTESIAN_POINT('Origin',(7.61758213659537,-69.5843952865312,-1.00000000000003));
#2044=CARTESIAN_POINT('',(7.0458553753979,-34.7390852934987,0.));
#2045=CARTESIAN_POINT('Origin',(1.14345352239492,-69.690619986065,1.52499999999997));
#2046=CARTESIAN_POINT('',(-1.30621676405931,-69.7308131156183,5.55111512312578E-16));
#2047=CARTESIAN_POINT('',(1.14345352239492,-69.690619986065,0.));
#2048=CARTESIAN_POINT('',(-1.30621676405931,-69.7308131156183,4.52749999999997));
#2049=CARTESIAN_POINT('Origin',(0.,0.,0.));
#2050=CARTESIAN_POINT('',(-2.44967028645422,-0.0401931295533362,5.55111512312578E-16));
#2051=CARTESIAN_POINT('',(2.44967028645422,0.0401931295533362,0.));
#2052=CARTESIAN_POINT('',(3.55712315617913,-67.4562775051498,0.));
#2053=CARTESIAN_POINT('',(2.44967028645422,0.0401931295533362,0.));
#2054=CARTESIAN_POINT('',(-67.55,-8.27248912824037E-15,0.));
#2055=CARTESIAN_POINT('Origin',(0.,0.,0.));
#2056=CARTESIAN_POINT('',(-1.34221741672931,-67.5366637642564,0.));
#2057=CARTESIAN_POINT('Origin',(0.,0.,0.));
#2058=CARTESIAN_POINT('',(-2.44967028645422,-0.0401931295533362,5.55111512312578E-16));
#2059=CARTESIAN_POINT('Origin',(2.44967028645422,0.0401931295533362,-1.));
#2060=CARTESIAN_POINT('',(3.55712315617913,-67.4562775051498,7.53));
#2061=CARTESIAN_POINT('',(2.44967028645422,0.0401931295533362,7.53));
#2062=CARTESIAN_POINT('',(3.55712315617913,-67.4562775051498,0.));
#2063=CARTESIAN_POINT('Origin',(-2.44967028645422,-0.0401931295533362,7.53));
#2064=CARTESIAN_POINT('',(-1.34221741672931,-67.5366637642564,7.53));
#2065=CARTESIAN_POINT('',(-1.34221741672931,-67.5366637642564,0.));
#2066=CARTESIAN_POINT('',(-2.44967028645422,-0.0401931295533362,7.53));
#2067=CARTESIAN_POINT('Origin',(-1.3875920177355E-16,-2.27670091131913E-18,
7.53));
#2068=CARTESIAN_POINT('Ctrl Pts',(3.55712315617913,-67.4562775051498,7.53));
#2069=CARTESIAN_POINT('Ctrl Pts',(3.55712315617913,-67.4562775051498,7.83765641519387));
#2070=CARTESIAN_POINT('Ctrl Pts',(3.49567875718884,-67.4596055249606,8.16580116834497));
#2071=CARTESIAN_POINT('Ctrl Pts',(3.24581007355333,-67.4720895223669,8.7694225507525));
#2072=CARTESIAN_POINT('Ctrl Pts',(3.05738530045862,-67.48112504196,9.04490146309612));
#2073=CARTESIAN_POINT('Ctrl Pts',(2.62260664492767,-67.499420561843,9.47992175201023));
#2074=CARTESIAN_POINT('Ctrl Pts',(2.34726227080616,-67.5098805145126,9.66846940736982));
#2075=CARTESIAN_POINT('Ctrl Pts',(1.74385956839961,-67.5281612444554,9.91850927827465));
#2076=CARTESIAN_POINT('Ctrl Pts',(1.41579699429957,-67.5358621128781,9.98));
#2077=CARTESIAN_POINT('Ctrl Pts',(0.8005670067844,-67.545956540169,9.98));
#2078=CARTESIAN_POINT('Ctrl Pts',(0.472428382435118,-67.549022336929,9.91850927827465));
#2079=CARTESIAN_POINT('Ctrl Pts',(-0.131249248583834,-67.5505468585301,
9.66846940736982));
#2080=CARTESIAN_POINT('Ctrl Pts',(-0.406788565017097,-67.5491255669675,
9.47992175201023));
#2081=CARTESIAN_POINT('Ctrl Pts',(-0.841933399900544,-67.5451033751096,
9.04490146309612));
#2082=CARTESIAN_POINT('Ctrl Pts',(-1.03055317127811,-67.5422542391727,8.76942255075249));
#2083=CARTESIAN_POINT('Ctrl Pts',(-1.28069691149003,-67.5379742291524,8.16580116834497));
#2084=CARTESIAN_POINT('Ctrl Pts',(-1.34221741672931,-67.5366637642564,7.83765641519387));
#2085=CARTESIAN_POINT('Ctrl Pts',(-1.34221741672931,-67.5366637642564,7.53));
#2086=CARTESIAN_POINT('Origin',(0.,0.,0.));
#2087=CARTESIAN_POINT('',(-67.55,-8.27248912824037E-15,12.));
#2088=CARTESIAN_POINT('Origin',(0.,0.,12.));
#2089=CARTESIAN_POINT('',(-67.55,-8.27248912824037E-15,0.));
#2090=CARTESIAN_POINT('',(66.4529860195913,12.1244855181573,3.8));
#2091=CARTESIAN_POINT('',(55.1028297072093,39.0727610779977,3.8));
#2092=CARTESIAN_POINT('Origin',(0.,0.,3.80000000000001));
#2093=CARTESIAN_POINT('',(55.1028297072093,39.0727610779977,11.8));
#2094=CARTESIAN_POINT('',(55.1028297072093,39.0727610779977,0.));
#2095=CARTESIAN_POINT('',(66.4529860195913,12.1244855181573,11.8));
#2096=CARTESIAN_POINT('Origin',(0.,0.,11.8));
#2097=CARTESIAN_POINT('',(66.4529860195913,12.1244855181573,0.));
#2098=CARTESIAN_POINT('',(-12.1244855181573,66.4529860195913,3.8));
#2099=CARTESIAN_POINT('',(-39.0727610779977,55.1028297072093,3.8));
#2100=CARTESIAN_POINT('Origin',(0.,0.,3.80000000000001));
#2101=CARTESIAN_POINT('',(-39.0727610779977,55.1028297072093,11.8));
#2102=CARTESIAN_POINT('',(-39.0727610779977,55.1028297072093,0.));
#2103=CARTESIAN_POINT('',(-12.1244855181573,66.4529860195913,11.8));
#2104=CARTESIAN_POINT('Origin',(0.,0.,11.8));
#2105=CARTESIAN_POINT('',(-12.1244855181573,66.4529860195913,0.));
#2106=CARTESIAN_POINT('',(-66.4529860195913,-12.1244855181573,3.8));
#2107=CARTESIAN_POINT('',(-55.1028297072093,-39.0727610779977,3.8));
#2108=CARTESIAN_POINT('Origin',(0.,0.,3.80000000000001));
#2109=CARTESIAN_POINT('',(-55.1028297072093,-39.0727610779977,11.8));
#2110=CARTESIAN_POINT('',(-55.1028297072093,-39.0727610779977,0.));
#2111=CARTESIAN_POINT('',(-66.4529860195913,-12.1244855181573,11.8));
#2112=CARTESIAN_POINT('Origin',(0.,0.,11.8));
#2113=CARTESIAN_POINT('',(-66.4529860195913,-12.1244855181572,0.));
#2114=CARTESIAN_POINT('',(12.1244855181573,-66.4529860195913,3.8));
#2115=CARTESIAN_POINT('',(39.0727610779977,-55.1028297072093,3.8));
#2116=CARTESIAN_POINT('Origin',(0.,0.,3.80000000000001));
#2117=CARTESIAN_POINT('',(39.0727610779977,-55.1028297072093,11.8));
#2118=CARTESIAN_POINT('',(39.0727610779977,-55.1028297072093,0.));
#2119=CARTESIAN_POINT('',(12.1244855181573,-66.4529860195913,11.8));
#2120=CARTESIAN_POINT('Origin',(0.,0.,11.8));
#2121=CARTESIAN_POINT('',(12.1244855181572,-66.4529860195913,0.));
#2122=CARTESIAN_POINT('Origin',(38.3497270091969,-54.0831622440855,7.8));
#2123=CARTESIAN_POINT('',(37.6787513933497,-53.1369108383066,6.21));
#2124=CARTESIAN_POINT('',(39.0727610779977,-55.1028297072093,3.8));
#2125=CARTESIAN_POINT('',(37.6787513933497,-53.1369108383066,9.39));
#2126=CARTESIAN_POINT('Origin',(38.7473712374079,-54.6439447838048,7.8));
#2127=CARTESIAN_POINT('',(37.6787513933497,-53.1369108383066,9.39));
#2128=CARTESIAN_POINT('Origin',(0.,0.,10.595));
#2129=CARTESIAN_POINT('',(11.6919169008551,-64.0821244902469,9.39));
#2130=CARTESIAN_POINT('',(11.6919169008551,-64.0821244902469,9.39));
#2131=CARTESIAN_POINT('Origin',(4.44089209850062E-15,-3.5527136788005E-14,
9.39));
#2132=CARTESIAN_POINT('Origin',(0.,0.,7.8));
#2133=CARTESIAN_POINT('',(11.6919169008551,-64.0821244902469,6.21));
#2134=CARTESIAN_POINT('Origin',(12.0235153204763,-65.8995793513379,7.8));
#2135=CARTESIAN_POINT('Origin',(4.44089209850062E-15,-3.5527136788005E-14,
6.21));
#2136=CARTESIAN_POINT('Origin',(0.,0.,5.005));
#2137=CARTESIAN_POINT('',(12.1244855181573,-66.4529860195913,3.8));
#2138=CARTESIAN_POINT('Origin',(11.9001242021292,-65.2232860562384,7.8));
#2139=CARTESIAN_POINT('Origin',(-54.0831622440855,-38.3497270091969,7.8));
#2140=CARTESIAN_POINT('',(-53.1369108383066,-37.6787513933497,6.21));
#2141=CARTESIAN_POINT('',(-55.1028297072093,-39.0727610779977,3.8));
#2142=CARTESIAN_POINT('',(-53.1369108383066,-37.6787513933497,9.39));
#2143=CARTESIAN_POINT('Origin',(-54.6439447838048,-38.7473712374079,7.8));
#2144=CARTESIAN_POINT('',(-53.1369108383066,-37.6787513933497,9.39));
#2145=CARTESIAN_POINT('Origin',(0.,0.,10.595));
#2146=CARTESIAN_POINT('',(-64.0821244902469,-11.6919169008551,9.39));
#2147=CARTESIAN_POINT('',(-64.0821244902469,-11.6919169008551,9.39));
#2148=CARTESIAN_POINT('Origin',(-3.5527136788005E-14,-4.44089209850062E-15,
9.39));
#2149=CARTESIAN_POINT('Origin',(0.,0.,7.8));
#2150=CARTESIAN_POINT('',(-64.0821244902469,-11.6919169008551,6.21));
#2151=CARTESIAN_POINT('Origin',(-65.8995793513379,-12.0235153204763,7.8));
#2152=CARTESIAN_POINT('Origin',(-3.5527136788005E-14,-4.44089209850062E-15,
6.21));
#2153=CARTESIAN_POINT('Origin',(0.,0.,5.005));
#2154=CARTESIAN_POINT('',(-66.4529860195913,-12.1244855181573,3.8));
#2155=CARTESIAN_POINT('Origin',(-65.2232860562384,-11.9001242021292,7.8));
#2156=CARTESIAN_POINT('Origin',(-38.3497270091969,54.0831622440855,7.8));
#2157=CARTESIAN_POINT('',(-37.6787513933497,53.1369108383066,6.21));
#2158=CARTESIAN_POINT('',(-39.0727610779977,55.1028297072093,3.8));
#2159=CARTESIAN_POINT('',(-37.6787513933497,53.1369108383066,9.39));
#2160=CARTESIAN_POINT('Origin',(-38.7473712374079,54.6439447838048,7.8));
#2161=CARTESIAN_POINT('',(-37.6787513933497,53.1369108383066,9.39));
#2162=CARTESIAN_POINT('Origin',(0.,0.,10.595));
#2163=CARTESIAN_POINT('',(-11.6919169008551,64.0821244902469,9.39));
#2164=CARTESIAN_POINT('',(-11.6919169008551,64.0821244902469,9.39));
#2165=CARTESIAN_POINT('Origin',(-4.44089209850062E-15,3.5527136788005E-14,
9.39));
#2166=CARTESIAN_POINT('Origin',(0.,0.,7.8));
#2167=CARTESIAN_POINT('',(-11.6919169008551,64.0821244902469,6.21));
#2168=CARTESIAN_POINT('Origin',(-12.0235153204763,65.8995793513379,7.8));
#2169=CARTESIAN_POINT('Origin',(-4.44089209850062E-15,3.5527136788005E-14,
6.21));
#2170=CARTESIAN_POINT('Origin',(0.,0.,5.005));
#2171=CARTESIAN_POINT('',(-12.1244855181573,66.4529860195913,3.8));
#2172=CARTESIAN_POINT('Origin',(-11.9001242021292,65.2232860562384,7.8));
#2173=CARTESIAN_POINT('Origin',(54.0831622440855,38.3497270091969,7.8));
#2174=CARTESIAN_POINT('',(53.1369108383066,37.6787513933497,6.21));
#2175=CARTESIAN_POINT('',(55.1028297072093,39.0727610779977,3.8));
#2176=CARTESIAN_POINT('',(53.1369108383066,37.6787513933497,9.39));
#2177=CARTESIAN_POINT('Origin',(54.6439447838048,38.7473712374079,7.8));
#2178=CARTESIAN_POINT('',(53.1369108383066,37.6787513933497,9.39));
#2179=CARTESIAN_POINT('Origin',(0.,0.,10.595));
#2180=CARTESIAN_POINT('',(64.0821244902469,11.6919169008551,9.39));
#2181=CARTESIAN_POINT('',(64.0821244902469,11.6919169008551,9.39));
#2182=CARTESIAN_POINT('Origin',(3.5527136788005E-14,4.44089209850063E-15,
9.39));
#2183=CARTESIAN_POINT('Origin',(0.,0.,7.8));
#2184=CARTESIAN_POINT('',(64.0821244902469,11.6919169008551,6.21));
#2185=CARTESIAN_POINT('Origin',(65.8995793513379,12.0235153204763,7.8));
#2186=CARTESIAN_POINT('Origin',(3.5527136788005E-14,4.44089209850063E-15,
6.21));
#2187=CARTESIAN_POINT('Origin',(0.,0.,5.005));
#2188=CARTESIAN_POINT('',(66.4529860195913,12.1244855181573,3.8));
#2189=CARTESIAN_POINT('Origin',(65.2232860562384,11.9001242021292,7.8));
#2190=CARTESIAN_POINT('Origin',(0.,0.,12.));
#2191=CARTESIAN_POINT('Origin',(0.,0.,0.));
#2192=CARTESIAN_POINT('',(-71.8,-8.79296401787799E-15,167.));
#2193=CARTESIAN_POINT('Origin',(0.,0.,167.));
#2194=CARTESIAN_POINT('',(-71.8,-8.79296401787799E-15,0.));
#2195=CARTESIAN_POINT('Origin',(0.,0.,167.));
#2196=UNCERTAINTY_MEASURE_WITH_UNIT(LENGTH_MEASURE(0.01),#2200,
'DISTANCE_ACCURACY_VALUE',
'Maximum model space distance between geometric entities at asserted c
onnectivities');
#2197=UNCERTAINTY_MEASURE_WITH_UNIT(LENGTH_MEASURE(0.01),#2200,
'DISTANCE_ACCURACY_VALUE',
'Maximum model space distance between geometric entities at asserted c
onnectivities');
#2198=(
GEOMETRIC_REPRESENTATION_CONTEXT(3)
GLOBAL_UNCERTAINTY_ASSIGNED_CONTEXT((#2196))
GLOBAL_UNIT_ASSIGNED_CONTEXT((#2200,#2202,#2203))
REPRESENTATION_CONTEXT('','3D')
);
#2199=(
GEOMETRIC_REPRESENTATION_CONTEXT(3)
GLOBAL_UNCERTAINTY_ASSIGNED_CONTEXT((#2197))
GLOBAL_UNIT_ASSIGNED_CONTEXT((#2200,#2202,#2203))
REPRESENTATION_CONTEXT('','3D')
);
#2200=(
LENGTH_UNIT()
NAMED_UNIT(*)
SI_UNIT(.MILLI.,.METRE.)
);
#2201=(
LENGTH_UNIT()
NAMED_UNIT(*)
SI_UNIT($,.METRE.)
);
#2202=(
NAMED_UNIT(*)
PLANE_ANGLE_UNIT()
SI_UNIT($,.RADIAN.)
);
#2203=(
NAMED_UNIT(*)
SI_UNIT($,.STERADIAN.)
SOLID_ANGLE_UNIT()
);
#2204=SHAPE_DEFINITION_REPRESENTATION(#2205,#2206);
#2205=PRODUCT_DEFINITION_SHAPE('',$,#2208);
#2206=SHAPE_REPRESENTATION('',(#1085),#2198);
#2207=PRODUCT_DEFINITION_CONTEXT('part definition',#2212,'design');
#2208=PRODUCT_DEFINITION('TEMP senza texture','TEMP senza texture',#2209,
#2207);
#2209=PRODUCT_DEFINITION_FORMATION('',$,#2214);
#2210=PRODUCT_RELATED_PRODUCT_CATEGORY('TEMP senza texture',
'TEMP senza texture',(#2214));
#2211=APPLICATION_PROTOCOL_DEFINITION('international standard',
'automotive_design',2009,#2212);
#2212=APPLICATION_CONTEXT(
'Core Data for Automotive Mechanical Design Process');
#2213=PRODUCT_CONTEXT('part definition',#2212,'mechanical');
#2214=PRODUCT('TEMP senza texture','TEMP senza texture',$,(#2213));
#2215=PRESENTATION_STYLE_ASSIGNMENT((#2216));
#2216=SURFACE_STYLE_USAGE(.BOTH.,#2217);
#2217=SURFACE_SIDE_STYLE('',(#2218));
#2218=SURFACE_STYLE_FILL_AREA(#2219);
#2219=FILL_AREA_STYLE('Acciaio - Satinato',(#2220));
#2220=FILL_AREA_STYLE_COLOUR('Acciaio - Satinato',#2221);
#2221=COLOUR_RGB('Acciaio - Satinato',0.627450980392157,0.627450980392157,
0.627450980392157);
ENDSEC;
END-ISO-10303-21;
